area_sqft,bedrooms,bathrooms,floors,parking,age_years,city,locality,school_distance_km,hospital_distance_km,metro_distance_km,price
1360,3,2,1,2,25,Bengaluru,North,1.73,0.77,13.02,9368406
2185,5,5,2,1,1,Mumbai,West,1.98,2.0,4.7,22177717
4617,5,4,1,2,26,Mumbai,East,4.12,0.66,14.61,40903128
3505,3,4,1,2,4,Pune,South,6.15,1.87,1.16,18805066
2935,1,1,2,1,8,Pune,East,0.36,2.46,3.77,15350921
1275,3,3,1,3,17,Bengaluru,North,6.69,3.25,7.9,9538425
4343,5,6,2,1,11,Mumbai,West,9.41,8.97,9.05,38922707
837,5,5,1,3,27,Pune,East,5.52,1.58,12.07,4699852
564,1,2,1,3,0,Bengaluru,South,2.15,0.25,12.27,4183299
4974,5,5,3,1,8,Bengaluru,North,9.17,8.53,6.85,32286640
3604,5,6,2,2,2,Chandigarh,Central,4.83,1.37,10.76,17948497
4993,3,2,3,2,25,Delhi,West,0.45,1.26,0.67,34479968
3290,1,1,2,0,22,Bengaluru,Central,6.12,5.49,3.21,19567276
3814,4,4,2,0,29,Chandigarh,North,6.41,8.74,12.09,17840994
4127,4,4,2,2,25,Delhi,Central,1.4,3.69,13.62,28185160
3175,5,4,3,2,5,Mumbai,Central,5.21,4.29,3.49,29775187
1163,3,3,1,3,16,Bengaluru,Central,0.84,2.69,3.85,8886363
2136,1,1,3,0,1,Delhi,West,5.13,0.7,4.32,14599693
3974,2,1,2,3,5,Bengaluru,North,2.57,6.79,11.47,24931315
2827,5,5,2,1,10,Pune,East,8.2,8.02,2.43,15508806
4782,5,6,3,3,18,Mumbai,West,7.17,8.13,5.36,43958406
3419,1,2,1,0,17,Mumbai,West,9.26,8.8,4.02,27586950
1123,1,1,2,0,15,Bengaluru,West,9.66,5.67,13.26,5761701
2182,3,3,1,3,19,Bengaluru,Central,1.02,1.78,13.5,13382692
4423,3,3,1,2,24,Chandigarh,East,0.25,1.78,8.32,20971773
4567,1,1,2,0,15,Pune,South,7.52,6.57,12.77,22959052
4996,1,2,3,1,22,Bengaluru,West,2.65,5.98,14.69,29681856
725,5,5,1,3,14,Pune,West,5.03,2.11,10.89,5235637
3620,1,1,1,1,20,Delhi,West,8.86,7.53,14.31,23097914
1106,3,2,3,0,20,Mumbai,West,2.07,2.83,7.38,9161585
2565,1,1,3,1,25,Delhi,Central,9.31,0.89,3.29,15949790
654,2,2,2,0,7,Bengaluru,Central,7.03,7.08,5.52,5079601
3306,2,3,2,0,23,Mumbai,East,9.15,5.21,7.62,28316745
4995,4,5,3,2,27,Mumbai,West,5.87,4.5,10.15,44474532
4646,1,1,3,1,28,Delhi,West,8.42,8.63,3.9,28936731
3624,4,3,3,3,5,Mumbai,North,0.71,5.41,8.2,33635012
4864,2,2,2,2,16,Bengaluru,North,4.11,4.45,11.21,29081053
3338,1,1,1,1,25,Chandigarh,North,1.73,2.65,8.33,14402011
1059,1,1,1,0,15,Mumbai,West,5.26,6.64,6.65,8014463
3244,5,5,1,2,16,Delhi,North,3.25,9.8,2.79,23593135
3459,2,2,1,2,3,Delhi,South,1.9,4.45,6.1,24210533
3349,4,5,2,1,18,Chandigarh,West,5.13,8.59,9.95,16535381
3587,2,1,3,3,23,Bengaluru,Central,6.84,5.82,2.1,22584608
4413,3,2,1,3,30,Pune,Central,3.9,0.58,9.35,22881028
3274,1,1,1,1,9,Delhi,North,0.43,8.18,4.37,21656457
2016,3,2,1,0,28,Mumbai,South,2.96,1.94,11.31,16916195
3286,1,2,2,0,6,Pune,West,5.89,8.7,8.52,16666239
2826,1,2,1,1,16,Delhi,South,5.44,5.07,5.97,17724368
4992,3,4,1,3,11,Pune,Central,9.59,8.5,5.45,26169284
4077,5,4,3,3,24,Pune,North,5.63,2.28,14.2,21778818
1667,1,2,1,0,9,Pune,South,9.75,9.96,1.03,8665759
1453,4,3,1,1,6,Pune,West,4.38,2.38,6.07,9429146
3181,2,1,1,0,5,Chandigarh,North,9.87,3.87,5.69,14329227
3423,3,3,2,2,6,Delhi,East,4.46,2.69,6.2,23533776
4209,2,1,3,0,6,Chandigarh,North,7.51,5.92,14.44,18179895
1323,1,1,1,1,25,Chandigarh,East,0.32,9.7,0.84,5538631
4675,5,6,1,3,2,Bengaluru,North,7.02,0.94,2.66,30431493
4084,5,5,2,2,15,Chandigarh,Central,7.42,9.17,14.39,19046894
3331,4,3,2,3,3,Mumbai,Central,4.74,3.66,8.84,29988746
3008,4,3,1,1,2,Bengaluru,West,8.26,9.51,10.94,19624838
2338,1,1,2,3,29,Bengaluru,West,8.69,0.64,0.59,14906320
723,1,2,1,1,30,Bengaluru,Central,4.05,8.33,8.62,3526212
4500,2,1,3,2,0,Delhi,North,0.33,0.94,10.44,30820829
1960,5,4,1,1,9,Pune,Central,3.9,2.56,3.23,11721117
2548,3,2,1,3,29,Chandigarh,Central,8.81,7.62,0.89,10649865
1270,3,3,1,1,11,Pune,North,5.7,8.79,6.17,7037368
3314,5,4,2,1,10,Chandigarh,West,2.29,1.54,0.42,17178312
1858,3,4,3,1,19,Chandigarh,South,5.56,4.62,13.67,7739480
3677,3,2,1,0,3,Mumbai,Central,4.7,8.45,11.58,31446619
4318,3,4,3,2,24,Chandigarh,East,4.71,5.93,6.12,20676557
1399,4,3,3,3,2,Delhi,Central,5.25,9.74,9.11,11422403
4400,5,5,1,0,8,Chandigarh,South,3.69,8.96,2.11,21096688
2253,5,6,1,1,24,Bengaluru,North,4.92,6.94,7.77,14866271
4932,2,1,1,2,28,Chandigarh,North,9.87,5.46,13.88,21525610
1025,2,3,2,3,1,Bengaluru,East,7.53,0.56,3.94,7677878
3297,3,4,1,1,25,Bengaluru,West,3.67,4.09,1.75,20852625
2575,2,3,1,0,6,Pune,South,1.07,5.45,3.65,13197608
566,1,1,2,2,3,Delhi,West,5.46,5.95,11.23,2725700
2972,5,5,2,3,1,Chandigarh,South,2.59,5.08,5.09,15023404
3063,3,3,2,1,30,Mumbai,North,0.75,8.45,0.96,26599478
3090,5,6,2,1,19,Mumbai,North,9.7,8.68,12.29,27867349
4789,3,3,3,0,11,Delhi,North,2.21,9.69,10.72,31439409
1223,1,1,3,0,25,Delhi,South,7.72,1.06,7.69,7220668
4244,2,2,1,2,9,Chandigarh,Central,9.9,3.36,12.19,19615864
820,5,4,1,0,10,Chandigarh,Central,4.84,6.14,11.96,4491929
2408,3,2,2,3,2,Mumbai,South,0.85,7.46,8.7,23218012
4350,1,1,2,3,29,Delhi,North,8.29,2.03,3.69,28757332
1100,5,5,1,1,7,Delhi,West,4.63,7.2,13.52,9005928
2690,1,1,1,0,14,Delhi,North,3.96,5.53,13.62,16313292
3126,3,3,3,2,28,Mumbai,Central,5.06,7.47,8.68,27574670
2704,1,1,1,0,26,Chandigarh,West,7.49,0.53,8.63,11911139
3412,5,6,3,3,12,Chandigarh,South,1.45,4.09,12.0,16969831
3728,4,3,2,2,30,Mumbai,South,6.06,5.74,10.8,33570987
3825,2,2,2,3,22,Bengaluru,East,4.73,9.48,2.47,23952885
2688,2,1,1,2,7,Chandigarh,West,8.75,9.33,8.56,12815304
626,2,1,3,1,8,Mumbai,South,4.36,7.42,14.03,5583392
4297,3,4,1,1,4,Bengaluru,North,9.85,8.42,2.05,28452345
3208,1,1,1,1,19,Chandigarh,Central,7.92,6.12,1.89,14765926
1036,2,3,2,1,6,Pune,North,3.6,7.43,6.89,5535704
1705,1,2,2,0,23,Bengaluru,Central,3.25,7.85,4.31,9147828
3213,4,4,1,0,6,Pune,East,9.76,4.7,8.45,17177426
4922,1,1,2,2,18,Chandigarh,North,2.26,9.0,3.24,22874024
2832,1,1,1,1,15,Delhi,East,5.74,0.84,11.68,18668091
2661,3,4,1,3,28,Mumbai,North,0.94,7.58,4.23,22782274
2401,2,1,3,2,27,Pune,South,8.43,8.7,6.24,11441738
2990,5,5,1,2,4,Chandigarh,East,1.95,6.6,3.73,15455644
2643,3,2,2,0,13,Mumbai,Central,3.07,8.98,0.39,23195460
1013,1,2,1,3,10,Chandigarh,South,2.74,3.92,8.94,5623543
4991,4,3,1,1,29,Bengaluru,Central,3.76,8.64,3.45,31226207
2606,1,1,3,0,13,Pune,South,7.47,7.05,6.16,12374010
1801,3,3,2,1,28,Chandigarh,South,1.88,2.87,0.47,7979553
2122,5,5,2,0,26,Delhi,Central,9.02,8.76,9.04,15405331
954,2,1,1,1,20,Bengaluru,East,3.95,5.29,0.9,6588829
3366,5,6,2,0,20,Pune,South,8.4,4.48,13.75,17379628
686,3,3,2,2,14,Mumbai,North,9.55,1.52,7.36,7428280
2262,4,5,1,1,26,Delhi,South,6.05,3.48,11.61,14687579
2024,1,1,1,0,24,Mumbai,South,7.11,6.06,7.0,16965861
3504,1,1,1,2,16,Chandigarh,East,2.01,5.51,13.12,15222367
4562,5,4,3,0,21,Mumbai,East,6.44,9.81,13.57,40986972
988,5,5,3,3,9,Mumbai,North,5.96,9.99,8.43,12054771
3657,2,3,2,2,20,Bengaluru,North,7.36,2.09,1.91,23345828
3794,4,5,3,1,26,Bengaluru,Central,8.32,0.56,9.02,23519081
3167,4,3,2,2,4,Mumbai,North,5.4,4.52,6.19,30154279
4087,5,5,1,0,17,Chandigarh,South,5.3,4.38,13.17,19451757
4021,3,3,2,1,26,Pune,North,8.77,5.38,14.1,20841585
4913,5,4,3,0,9,Delhi,West,1.1,3.5,7.93,33443334
3124,1,2,1,1,23,Bengaluru,South,3.01,3.1,3.66,18615057
1463,4,5,2,0,28,Delhi,Central,2.74,5.97,14.74,10020507
3915,3,3,1,1,24,Chandigarh,Central,7.48,0.84,6.14,17886011
4064,2,3,2,0,25,Bengaluru,West,0.56,9.58,12.43,24296853
2296,1,1,3,3,25,Mumbai,East,5.35,2.75,7.83,19530276
502,3,3,1,3,28,Mumbai,Central,5.46,6.01,8.79,5371343
4181,3,2,3,2,27,Delhi,South,4.87,0.63,12.81,27557338
2060,5,6,3,1,23,Chandigarh,West,2.68,0.25,10.5,10224710
1413,5,4,1,0,16,Mumbai,Central,0.8,8.85,7.84,14275784
3611,2,3,1,0,0,Delhi,North,8.81,8.01,9.95,24296148
2204,5,6,1,0,20,Bengaluru,East,6.87,6.26,11.34,14380040
4008,2,2,2,0,28,Delhi,West,2.74,2.09,1.44,26343756
2190,1,1,1,3,30,Chandigarh,South,3.89,0.29,12.32,9330130
4026,2,1,2,2,27,Bengaluru,South,6.4,9.33,1.72,24389584
2387,4,4,3,3,16,Bengaluru,Central,7.76,7.14,7.21,15672125
1262,3,2,3,0,10,Pune,East,8.25,3.84,12.32,7649402
3006,2,3,2,1,13,Chandigarh,Central,4.79,9.45,1.71,14115526
3344,5,6,2,2,13,Chandigarh,South,2.45,1.49,13.05,16879706
3953,4,3,1,2,15,Bengaluru,West,8.6,9.65,11.45,24027613
4463,2,1,3,3,16,Pune,Central,6.59,3.81,12.99,22312165
2755,3,3,1,0,28,Delhi,North,7.81,7.76,12.7,18235361
1459,4,3,2,2,19,Delhi,East,8.01,4.92,1.94,11997976
3844,4,3,2,3,24,Bengaluru,South,1.78,6.58,5.02,23920086
4288,1,1,2,1,17,Pune,West,4.9,6.08,4.52,22406663
1228,1,1,1,3,10,Bengaluru,North,4.91,1.23,3.78,9122213
3220,2,2,1,1,0,Bengaluru,Central,1.06,3.64,0.69,20407298
1417,2,2,3,1,13,Mumbai,East,6.99,8.25,0.81,13324595
816,3,4,2,0,5,Bengaluru,East,6.24,6.21,4.62,6005190
1215,2,2,2,2,26,Chandigarh,Central,4.95,6.68,8.38,6288139
1394,3,4,1,3,9,Mumbai,West,4.5,7.3,8.98,13816767
4095,5,4,1,2,25,Pune,Central,3.42,4.81,11.22,21620971
2835,3,3,2,1,18,Delhi,South,2.44,9.96,14.63,19284932
3471,2,3,3,0,28,Delhi,North,4.3,2.2,12.64,22617526
3279,4,4,2,0,18,Mumbai,North,5.87,4.5,10.93,28913076
4311,2,3,2,3,5,Chandigarh,East,6.62,9.92,4.4,19597889
1029,5,6,1,2,25,Bengaluru,East,7.22,9.11,2.86,7388010
1439,2,3,1,0,5,Pune,Central,5.02,2.62,13.09,7626349
3655,2,3,2,0,26,Bengaluru,South,3.26,4.11,12.9,20067728
4856,1,1,3,2,30,Pune,West,2.51,0.92,2.71,23196921
3932,1,1,3,3,0,Mumbai,North,2.67,3.72,5.81,34500236
3678,5,6,1,3,4,Delhi,South,7.86,7.11,6.81,26632304
1774,5,5,2,1,8,Chandigarh,North,5.41,9.38,0.78,10283618
1558,5,4,3,0,0,Mumbai,Central,5.17,0.61,2.4,16897163
3749,4,4,3,3,29,Delhi,South,3.22,7.11,3.19,26245394
4970,2,1,1,2,7,Chandigarh,West,1.73,2.5,14.46,22980896
2974,2,2,2,1,16,Bengaluru,East,8.34,8.67,11.57,17296313
1486,1,1,1,0,18,Chandigarh,South,9.42,8.3,10.07,5344379
4533,2,2,3,0,0,Delhi,South,4.19,8.73,11.78,30210531
3730,1,2,2,0,5,Delhi,North,3.4,6.74,12.16,24205333
1350,5,6,1,3,29,Bengaluru,North,5.54,0.26,5.0,10361698
3647,2,3,3,0,18,Pune,East,4.01,4.6,3.72,17842427
3838,3,3,2,1,1,Bengaluru,West,4.74,3.92,12.98,23544713
3363,2,2,1,0,25,Delhi,Central,1.27,1.66,7.99,21655156
542,2,3,3,0,20,Chandigarh,Central,2.12,0.27,9.78,1541752
1214,3,4,1,0,21,Pune,North,2.11,1.83,9.34,7407589
2192,4,5,2,3,29,Mumbai,South,7.22,2.87,6.32,20732853
3916,3,4,3,3,9,Bengaluru,East,8.04,2.01,4.57,24702402
535,4,4,3,1,0,Delhi,South,3.86,5.36,1.86,5895762
1800,4,3,2,0,14,Chandigarh,East,6.19,4.23,12.63,8581988
3725,3,2,2,3,18,Delhi,Central,8.54,6.78,12.18,25473487
3540,2,1,3,0,2,Chandigarh,South,8.72,4.83,8.12,15974854
2966,4,5,3,1,8,Mumbai,East,4.03,6.03,7.55,26803360
1269,3,4,1,1,2,Mumbai,Central,4.54,4.57,10.92,12280280
1625,2,3,1,1,3,Delhi,East,1.04,8.96,3.04,12123934
2414,1,2,1,0,27,Pune,West,0.86,8.04,3.66,12262531
2085,3,3,1,1,2,Delhi,North,2.07,0.71,5.8,14932771
3161,1,2,2,2,29,Pune,East,3.47,5.89,1.51,15904745
3874,1,2,2,1,29,Delhi,West,4.61,7.61,5.34,24983880
2431,4,5,2,0,22,Chandigarh,South,4.11,1.69,14.89,11349948
785,5,5,2,1,7,Mumbai,Central,7.6,1.45,12.43,9422989
2023,2,1,2,3,0,Chandigarh,West,2.43,3.55,5.84,9355541
2996,3,4,2,2,25,Pune,North,6.09,5.25,13.81,14930159
2690,4,3,2,3,14,Mumbai,West,4.09,5.49,9.49,25253879
633,3,4,2,0,14,Mumbai,Central,4.15,1.9,10.49,7053822
4861,1,1,1,0,21,Pune,South,3.27,6.14,2.26,24315458
1548,5,4,2,3,20,Bengaluru,West,0.45,1.52,14.45,10823188
4723,4,3,3,1,19,Pune,South,4.51,1.24,9.68,24771056
3210,3,4,3,0,18,Bengaluru,East,2.08,2.28,7.37,19184550
1189,5,6,3,0,22,Delhi,South,2.54,1.59,2.0,9319798
899,4,3,3,3,16,Delhi,North,2.48,2.36,2.77,7761215
919,4,4,3,1,30,Mumbai,East,7.96,4.17,9.88,9116879
3529,5,4,2,0,29,Mumbai,West,2.64,1.51,6.39,30780439
3208,2,3,2,3,6,Bengaluru,East,6.27,3.37,12.55,19253780
4768,4,3,3,0,27,Chandigarh,Central,6.53,5.09,4.14,22480121
3057,4,4,2,3,2,Delhi,Central,3.88,4.07,7.0,22170944
4700,1,1,1,0,1,Delhi,East,4.49,2.7,12.64,30325946
4397,4,3,3,2,1,Bengaluru,East,3.99,4.61,3.56,28362505
2648,5,4,3,2,0,Chandigarh,South,0.91,0.9,0.38,14456974
2168,4,3,2,2,13,Pune,Central,9.92,9.71,14.15,11467055
2989,5,4,2,1,7,Delhi,South,2.8,0.41,1.42,22546465
3791,1,2,1,0,1,Chandigarh,West,6.74,0.3,3.98,17116731
4812,2,3,2,2,17,Chandigarh,South,3.36,1.43,7.22,21954399
1269,5,4,3,3,27,Delhi,East,1.74,0.63,1.84,10197381
4197,4,4,1,3,18,Mumbai,East,8.89,6.53,4.43,38271800
2067,1,1,3,1,20,Mumbai,North,7.6,4.71,12.66,17192699
2259,3,3,2,2,24,Pune,South,9.39,0.62,2.64,12550224
4808,4,5,2,2,14,Delhi,North,5.16,8.44,11.05,33789955
3243,3,4,2,2,22,Pune,East,6.95,8.76,9.62,17331716
3800,2,2,1,3,4,Chandigarh,Central,8.84,2.92,3.07,18184282
3020,2,1,2,2,26,Bengaluru,East,2.04,3.68,11.8,18516435
3047,4,4,2,1,25,Mumbai,East,0.55,7.51,3.2,27692025
3134,3,4,3,1,23,Bengaluru,South,5.12,1.42,5.9,19727766
1543,2,2,3,1,4,Pune,East,6.7,0.22,2.84,8234902
2820,4,3,2,2,23,Delhi,Central,1.22,2.41,10.6,18922608
4459,2,2,2,2,30,Chandigarh,North,0.42,3.36,9.62,20310146
1041,2,2,1,2,3,Delhi,West,5.27,4.51,2.38,7555087
4778,1,2,1,1,30,Delhi,Central,2.36,6.06,11.09,29759056
1783,4,5,3,2,5,Chandigarh,West,9.91,7.52,11.15,10068796
3971,5,4,1,1,17,Mumbai,Central,1.82,7.06,8.87,36916445
2400,3,2,3,1,2,Pune,South,4.41,8.75,12.66,13044446
2503,1,1,2,3,4,Pune,East,7.12,6.39,0.94,13100885
2119,1,1,2,3,11,Mumbai,North,0.64,0.56,4.28,18219043
2474,4,4,2,3,15,Chandigarh,North,7.64,4.61,11.7,12170816
2219,3,3,2,2,24,Chandigarh,North,3.59,3.29,11.62,10006994
3641,2,3,3,3,6,Pune,West,4.06,8.31,11.86,18689759
4152,3,4,2,0,23,Mumbai,North,3.51,3.23,14.22,36519090
2431,1,1,1,0,17,Bengaluru,Central,7.26,4.3,1.51,14802399
2187,5,4,2,3,25,Delhi,West,5.52,7.96,8.32,17167056
2133,2,1,2,0,4,Pune,West,9.47,8.53,10.1,9698533
4250,4,5,2,3,26,Bengaluru,North,4.7,0.71,11.84,26120734
2579,5,5,3,3,13,Mumbai,South,7.59,0.38,2.07,24981531
1281,3,2,1,3,25,Mumbai,North,7.56,5.67,8.38,12360948
4470,4,3,2,3,2,Bengaluru,Central,1.23,6.64,12.37,29144536
4902,3,3,1,3,4,Mumbai,North,6.42,8.02,6.06,43536828
2785,2,2,2,3,1,Pune,South,3.3,8.6,13.61,14307112
1112,4,5,1,3,29,Chandigarh,North,6.23,1.02,13.26,5528475
4458,1,2,1,2,20,Mumbai,West,6.75,6.42,2.66,38083327
746,3,2,1,2,0,Bengaluru,East,0.49,8.26,3.3,6570864
3569,5,6,1,3,28,Pune,West,3.11,9.2,1.84,19781354
3004,5,5,2,2,11,Pune,South,3.49,1.9,10.74,16929070
4331,2,2,1,0,2,Chandigarh,Central,1.59,3.61,6.87,20246145
3747,1,1,3,1,14,Mumbai,North,2.69,0.5,11.14,31990129
1589,3,4,3,1,8,Chandigarh,East,6.62,9.92,1.28,8051772
941,1,2,2,2,30,Chandigarh,North,0.87,7.68,6.24,3746611
959,1,2,1,2,27,Chandigarh,East,6.72,2.75,13.63,4182436
4174,2,2,2,1,3,Mumbai,East,3.94,1.46,6.31,37405590
4417,3,2,1,3,23,Delhi,West,0.47,9.67,2.09,30392084
2831,4,3,3,1,30,Pune,Central,5.68,6.36,8.08,15343375
3490,4,4,2,0,28,Chandigarh,North,0.87,2.78,0.88,15751297
2262,1,2,2,1,8,Delhi,West,0.67,9.05,12.81,14641501
4508,5,5,1,3,29,Pune,East,4.41,2.82,11.88,24746342
1799,5,6,1,0,28,Chandigarh,West,5.35,0.52,13.05,9233905
1227,1,1,3,2,7,Mumbai,South,3.31,4.46,11.65,10834151
905,5,6,2,3,24,Delhi,South,7.09,2.53,7.78,8052804
1271,4,3,3,1,11,Bengaluru,East,9.52,6.09,11.21,9934841
2761,1,1,1,0,11,Pune,East,6.12,9.09,3.74,13851521
4957,1,1,1,0,16,Bengaluru,North,6.3,4.8,6.82,30671033
2596,1,1,3,3,27,Pune,Central,2.99,4.74,6.69,12604001
1203,2,3,2,1,8,Bengaluru,South,4.09,1.05,9.33,7446673
682,1,2,1,3,10,Pune,South,0.64,4.62,13.96,2963987
4128,1,2,1,0,12,Mumbai,North,6.16,3.23,12.39,34379283
4533,4,4,1,2,3,Chandigarh,West,3.82,1.39,6.4,21459113
4308,4,4,3,2,8,Chandigarh,Central,9.43,6.75,10.24,21079287
1409,2,3,2,0,24,Chandigarh,West,1.71,1.88,9.64,5327708
4085,5,5,3,3,29,Pune,West,1.59,0.31,6.45,21908231
2498,2,1,1,1,16,Pune,West,2.32,4.77,12.29,11564575
2319,5,5,3,1,3,Delhi,South,6.8,2.9,4.73,17350165
2389,3,4,3,0,30,Mumbai,East,1.17,8.92,0.38,22010911
1641,4,3,3,1,23,Chandigarh,North,1.82,6.53,0.86,8620626
1413,4,5,3,2,30,Chandigarh,Central,7.96,6.04,1.7,6394040
1075,5,5,2,0,30,Chandigarh,West,6.95,1.58,7.39,5767696
1678,3,4,2,2,17,Delhi,North,3.27,1.64,7.42,11694847
4509,5,5,1,0,9,Chandigarh,South,3.87,4.85,6.77,21631011
1296,5,6,3,1,19,Chandigarh,East,0.5,9.71,11.65,6978843
3640,5,4,1,0,1,Mumbai,West,1.85,2.62,12.61,33765267
3680,3,3,1,0,13,Mumbai,North,6.84,2.5,12.49,31582632
2022,1,2,1,2,12,Mumbai,North,6.34,4.99,6.15,17996729
3334,5,6,1,3,27,Chandigarh,North,8.56,7.17,13.62,17088273
2546,3,2,2,2,21,Chandigarh,Central,5.43,8.73,2.13,12152268
1476,4,3,2,1,11,Chandigarh,North,9.7,9.5,7.79,7808510
3167,4,4,3,2,25,Mumbai,North,5.02,5.32,8.53,29615624
3308,3,3,1,2,20,Mumbai,Central,9.81,4.19,12.45,28351090
4322,4,5,1,2,15,Bengaluru,East,9.96,0.78,0.25,27144676
2990,5,4,3,1,28,Pune,West,9.28,0.39,7.26,16658544
3920,3,4,2,1,9,Pune,East,6.4,6.52,12.33,20760634
1809,1,1,3,2,18,Pune,Central,2.17,9.95,1.53,8874500
1041,3,2,1,0,0,Delhi,West,0.88,0.26,14.07,7645312
756,4,5,2,2,7,Chandigarh,Central,4.11,7.29,4.35,5033231
913,3,4,3,1,27,Delhi,Central,5.85,7.04,0.29,6610691
4757,2,2,2,1,25,Bengaluru,Central,4.15,3.09,3.64,29031680
2842,3,4,2,3,29,Mumbai,East,2.81,0.42,8.83,25311510
936,5,4,3,0,18,Bengaluru,North,6.55,1.4,13.35,7384313
2089,4,4,2,1,27,Chandigarh,North,2.5,3.17,4.49,9783858
1535,2,2,2,2,10,Delhi,South,2.86,4.14,1.72,11119562
1764,2,1,2,1,21,Mumbai,West,7.13,0.81,12.62,14393075
3124,3,4,1,2,1,Pune,Central,3.27,7.93,13.4,16992793
2688,3,2,2,3,23,Bengaluru,South,9.65,1.08,10.37,15714391
2510,1,2,2,2,22,Pune,West,2.69,8.78,2.91,12597360
4107,4,5,1,3,14,Pune,East,9.45,2.84,7.24,21941246
3087,1,2,3,3,17,Bengaluru,South,6.42,7.75,0.24,18634598
4572,5,5,1,0,3,Bengaluru,Central,8.53,2.28,9.93,29683755
2516,4,3,3,0,12,Chandigarh,South,3.09,1.54,9.84,12065317
1439,5,5,2,0,3,Mumbai,West,1.04,0.62,10.07,14930750
2600,2,2,1,0,5,Delhi,North,3.51,0.39,2.04,17972261
1174,1,2,3,1,16,Pune,South,9.08,2.81,10.93,6259438
4714,4,5,1,3,27,Pune,South,9.76,1.43,0.45,24782044
2722,1,1,1,1,6,Delhi,East,0.37,3.07,11.64,16414619
4209,4,5,1,3,12,Mumbai,North,9.75,8.5,0.55,38934536
4926,1,2,1,3,7,Delhi,West,2.23,1.69,13.51,32219884
3776,4,5,2,3,25,Mumbai,East,9.9,2.54,8.05,34121715
1479,2,3,3,3,27,Chandigarh,North,7.81,2.21,10.94,7218649
960,5,6,3,3,10,Pune,West,2.75,3.58,13.78,6486893
715,4,3,3,2,8,Chandigarh,West,6.96,6.96,13.97,3369353
2795,1,1,2,2,1,Mumbai,Central,2.57,5.11,10.26,24033573
3000,2,2,2,1,12,Delhi,North,4.69,5.7,12.99,20055485
1119,1,1,3,0,17,Bengaluru,South,8.57,2.57,14.42,5898417
2390,4,5,2,1,24,Bengaluru,West,2.35,4.7,13.81,14782571
2501,2,2,3,0,26,Mumbai,North,3.68,7.04,6.05,20933956
3395,2,2,3,3,12,Mumbai,North,8.57,7.78,4.79,30046894
4782,4,4,2,0,21,Delhi,Central,6.11,8.39,11.81,31076524
4083,4,4,3,2,20,Chandigarh,North,2.38,3.35,12.75,18914728
3160,3,2,1,2,11,Bengaluru,West,6.69,1.36,4.48,20360139
3818,3,3,3,0,24,Bengaluru,West,7.66,3.84,6.01,23535155
4196,3,3,2,0,17,Bengaluru,West,9.93,3.99,8.69,25761802
1605,4,3,2,0,25,Bengaluru,North,8.8,9.75,0.61,11156982
2413,1,1,2,1,23,Bengaluru,East,2.97,9.51,8.81,14386162
3371,3,2,3,3,25,Mumbai,North,8.43,1.61,6.57,30760178
3338,2,3,2,3,12,Bengaluru,West,5.99,2.02,5.11,20666042
1114,4,4,1,2,3,Mumbai,South,3.09,8.82,7.01,11674671
3575,3,3,1,0,22,Chandigarh,South,0.64,3.04,13.98,16749090
753,5,5,1,0,28,Chandigarh,South,4.28,5.32,1.01,4095427
883,3,3,3,3,27,Mumbai,Central,3.24,7.37,9.68,8026787
3740,5,4,3,1,17,Pune,Central,8.98,8.22,3.94,20004697
3950,4,5,2,0,21,Delhi,South,5.99,6.68,1.36,26932511
2322,2,2,3,1,30,Delhi,East,5.27,2.83,9.5,13810163
652,3,2,1,1,16,Pune,East,5.24,5.19,5.67,3859601
3036,2,3,3,2,5,Delhi,West,9.23,7.01,10.99,20108333
1180,5,4,1,1,5,Bengaluru,East,6.72,1.74,1.96,9760699
1060,4,5,1,2,0,Chandigarh,North,3.26,4.93,7.7,6530570
868,3,4,3,3,13,Mumbai,East,7.1,9.71,6.68,9063072
3886,5,6,2,0,0,Delhi,South,9.68,0.71,7.67,27709864
2355,3,4,3,2,9,Bengaluru,East,8.13,6.84,9.45,15357486
2037,3,2,1,3,6,Mumbai,South,3.27,9.37,12.79,18841877
612,4,4,1,2,4,Pune,North,3.66,6.29,5.14,4673930
3116,4,4,1,1,23,Mumbai,South,7.88,3.0,6.6,27559737
1973,4,3,1,3,21,Delhi,East,7.39,1.34,11.76,14797005
627,5,4,2,2,9,Chandigarh,North,9.16,0.31,6.86,4614885
2488,2,2,1,0,26,Chandigarh,Central,5.29,0.93,9.16,11055163
707,2,2,2,1,25,Delhi,West,6.12,0.95,1.32,5053007
2695,4,5,3,2,1,Bengaluru,West,2.82,0.35,14.48,17650046
2242,3,3,1,0,15,Chandigarh,West,5.92,5.35,3.89,10657005
3494,5,6,2,3,1,Mumbai,East,3.86,0.69,9.49,32519860
4896,4,5,1,0,3,Mumbai,Central,9.41,2.36,10.94,44016331
675,1,1,2,2,21,Bengaluru,East,3.41,8.92,1.45,4647811
4962,4,3,3,0,26,Bengaluru,Central,0.29,5.98,9.28,29865068
2759,5,6,1,0,22,Bengaluru,West,0.69,9.13,0.64,18732453
3284,1,1,1,2,15,Mumbai,West,9.13,3.68,6.49,28272514
2051,2,2,3,1,17,Pune,East,8.09,8.27,14.0,9490225
4257,3,3,2,0,22,Chandigarh,Central,7.43,5.31,1.21,20127714
4985,3,2,3,0,27,Pune,South,3.81,8.97,10.06,24977343
3758,5,5,1,1,10,Mumbai,South,6.45,8.37,7.59,34036038
1858,4,4,2,2,21,Pune,Central,7.89,6.07,3.18,10667812
4851,5,6,2,3,3,Chandigarh,South,2.26,2.95,10.75,23482395
2137,5,4,1,0,9,Delhi,Central,9.44,7.52,10.86,15473731
1302,4,3,1,3,11,Delhi,East,2.65,5.25,8.13,9638012
4427,1,1,3,1,22,Bengaluru,East,9.54,3.4,5.45,25705771
4909,1,1,1,0,8,Delhi,South,0.96,8.32,5.36,32595893
586,1,2,3,1,24,Bengaluru,West,0.33,3.1,7.0,3233087
4170,5,5,3,3,22,Mumbai,Central,4.41,7.46,12.97,38490419
4884,1,1,3,3,9,Mumbai,Central,8.84,1.39,9.59,41918375
614,4,4,1,1,27,Bengaluru,East,3.25,1.84,3.81,4474038
3953,4,5,1,0,14,Pune,South,7.59,8.74,10.25,19959616
948,5,5,2,2,12,Bengaluru,West,8.73,6.39,8.08,7801118
3888,5,6,2,0,6,Mumbai,West,1.32,7.7,10.25,34914307
1316,5,4,1,1,16,Bengaluru,West,8.6,6.8,6.24,9586321
1667,1,1,1,3,23,Pune,South,8.39,8.25,12.68,8273033
3046,4,5,2,0,6,Mumbai,East,4.62,2.0,12.85,27269687
4264,1,1,3,3,15,Bengaluru,East,2.24,0.61,7.29,26318292
3298,1,2,1,0,12,Chandigarh,Central,4.61,5.23,14.84,14283696
502,3,4,2,3,26,Chandigarh,East,3.82,0.64,5.38,2748212
3806,2,2,1,0,27,Mumbai,Central,6.39,1.13,1.73,32697919
749,2,1,1,1,6,Mumbai,Central,6.84,7.63,0.42,7452273
543,5,6,3,3,8,Mumbai,East,3.6,4.03,2.55,8611384
2312,2,2,1,0,21,Delhi,East,7.63,3.21,6.34,14376796
553,3,2,1,2,1,Chandigarh,South,4.36,9.1,7.7,3020121
1357,2,2,1,3,29,Pune,Central,6.99,2.79,14.1,7509641
3793,5,4,2,0,27,Mumbai,North,4.74,2.93,9.89,34188862
2314,4,4,1,3,11,Delhi,Central,1.68,2.33,7.07,17224646
3081,5,4,3,2,4,Mumbai,West,6.37,8.61,11.8,28280588
4075,5,6,1,1,17,Delhi,South,8.48,2.64,8.74,28111117
4339,3,4,1,2,26,Pune,North,8.11,8.61,14.96,21418658
3006,3,2,3,1,10,Pune,East,0.33,0.99,4.82,15816959
665,2,1,3,2,10,Mumbai,North,0.25,9.4,6.34,5817416
567,5,4,3,2,10,Pune,Central,6.83,1.56,8.77,3758981
2758,3,3,2,2,27,Delhi,North,5.37,2.27,14.94,18516654
1537,3,4,1,1,26,Mumbai,West,6.84,3.86,14.14,13716215
2824,4,3,3,0,26,Delhi,South,7.03,6.56,4.27,19684500
2178,4,4,2,1,14,Pune,North,4.64,9.5,1.1,11794012
1635,1,2,3,2,14,Chandigarh,West,8.41,8.07,14.42,6596469
4608,5,5,1,0,5,Mumbai,South,6.5,0.97,11.16,42980373
3423,3,3,1,3,25,Delhi,Central,1.03,6.15,13.24,23049871
3066,5,6,3,3,15,Bengaluru,West,3.88,8.04,13.29,20578189
4774,4,3,2,0,14,Delhi,East,6.11,6.27,14.12,31607122
4356,2,2,1,2,13,Delhi,North,3.98,0.9,3.32,29354886
1262,4,4,2,3,9,Delhi,North,0.93,4.5,8.04,9905705
691,5,5,2,2,27,Pune,North,3.68,6.81,1.13,4916475
2648,2,2,3,1,5,Chandigarh,South,8.67,1.72,1.42,11658050
2511,5,5,2,3,13,Mumbai,East,3.25,0.23,2.78,24755147
3716,1,2,3,2,9,Chandigarh,East,8.26,0.76,6.4,17771425
1187,2,3,1,2,9,Pune,North,3.28,5.47,12.63,6062878
3396,1,1,3,0,17,Mumbai,West,4.81,6.63,8.48,28792561
726,2,3,3,3,26,Chandigarh,Central,7.67,1.43,3.11,4429307
1348,1,1,2,2,12,Delhi,West,5.88,5.0,9.74,8874712
3392,3,3,3,1,23,Chandigarh,Central,2.02,2.93,3.44,15151878
3285,5,5,3,3,29,Delhi,North,1.6,3.87,12.01,22643890
1326,5,6,1,1,19,Delhi,North,6.79,2.36,3.43,10581787
3309,4,5,3,1,3,Delhi,Central,0.21,8.73,11.93,23607059
2473,4,3,1,2,12,Mumbai,North,1.12,4.96,13.83,23011395
4704,3,3,3,2,12,Chandigarh,West,4.79,4.77,11.46,21763928
1221,1,1,3,0,17,Mumbai,South,4.1,8.31,2.73,9641479
2147,1,2,3,0,19,Pune,North,5.2,5.11,0.94,10736168
3196,1,2,3,1,15,Delhi,West,2.53,0.69,10.92,20133127
3451,3,3,1,2,7,Mumbai,North,2.16,0.74,8.61,30335382
3053,5,4,1,3,22,Pune,East,9.29,3.79,4.91,17332442
992,3,3,1,0,2,Chandigarh,North,4.3,3.07,5.12,5881825
1529,3,3,2,1,22,Pune,South,6.08,5.16,5.39,9136913
4247,2,1,2,3,16,Delhi,East,7.12,6.3,14.85,27305090
2461,2,1,3,3,7,Mumbai,East,9.4,4.64,3.14,21898914
1422,1,2,3,3,22,Chandigarh,West,9.69,4.58,7.62,6331651
3549,1,1,2,2,2,Delhi,Central,3.08,1.33,14.13,22192813
770,3,2,1,3,25,Mumbai,South,7.23,8.59,5.48,7631397
2211,1,1,1,1,29,Chandigarh,Central,9.41,6.12,12.97,9844918
1127,5,5,1,0,19,Delhi,Central,3.02,5.03,4.64,8445742
1483,1,1,1,1,16,Mumbai,West,0.64,2.34,0.42,13954437
590,2,1,3,1,7,Delhi,North,6.64,9.0,6.11,4724208
2552,2,1,1,2,4,Pune,East,1.36,9.81,3.38,13864183
1084,3,3,1,3,27,Mumbai,South,6.25,8.66,3.5,10949994
1231,2,2,1,2,30,Bengaluru,South,7.86,2.55,2.34,8034407
2087,1,1,3,1,7,Mumbai,North,9.9,5.83,2.24,18568353
1732,3,2,2,2,16,Mumbai,North,3.42,2.25,1.45,16757686
1089,5,5,3,1,13,Chandigarh,South,3.93,8.12,12.39,5647845
1768,3,3,1,1,25,Pune,West,6.9,5.41,0.68,8537835
3576,2,2,2,2,17,Pune,North,9.72,5.71,10.78,18033599
3434,3,4,3,2,11,Mumbai,East,6.99,6.55,3.63,30703169
2198,2,1,1,0,6,Delhi,West,2.7,1.24,5.45,15684218
2945,5,6,3,1,3,Bengaluru,East,5.65,0.49,13.63,18931813
1807,5,5,3,2,21,Delhi,North,3.31,9.69,4.08,14371324
4075,4,5,3,1,28,Pune,South,6.37,4.15,11.34,20749644
1157,2,1,1,0,6,Bengaluru,South,7.37,8.28,2.37,7691738
2157,5,5,1,2,5,Bengaluru,Central,2.66,8.47,7.36,15767805
1107,1,1,2,3,5,Pune,North,3.39,0.58,4.23,6026270
1308,3,2,2,3,5,Pune,Central,4.52,1.5,5.86,8006804
3306,3,2,3,1,2,Chandigarh,North,9.98,2.07,7.0,14856270
1340,2,3,1,2,4,Mumbai,Central,3.21,5.56,6.37,12270231
3471,2,1,3,0,9,Pune,Central,9.0,1.02,6.02,18198353
2301,3,4,3,0,20,Bengaluru,Central,9.49,3.19,4.11,15347103
3441,2,1,2,1,21,Bengaluru,West,2.29,4.32,0.34,21478542
930,2,1,3,1,1,Bengaluru,Central,0.81,5.45,8.58,6517143
2402,4,3,2,2,16,Mumbai,East,2.37,3.31,4.04,22038677
4234,2,3,1,3,27,Bengaluru,North,7.64,7.33,7.37,26242465
4513,4,5,1,1,20,Mumbai,South,8.09,7.65,2.48,40215154
1687,2,2,2,0,21,Pune,West,0.54,4.04,10.52,7941699
3998,5,5,3,3,8,Chandigarh,East,2.45,4.23,3.76,20370456
1532,4,4,2,0,19,Delhi,South,6.63,5.44,1.41,11710164
2359,5,5,1,1,8,Mumbai,Central,1.73,9.89,14.66,22491011
2988,5,4,3,2,30,Pune,South,4.78,6.27,6.29,16883216
629,2,1,2,2,20,Delhi,East,4.41,2.93,2.11,4970081
4450,2,3,1,0,10,Pune,West,9.92,3.08,3.31,22262549
1631,3,3,3,3,17,Mumbai,North,6.8,8.5,5.0,16116311
3509,1,1,2,1,19,Bengaluru,South,2.9,7.73,3.55,21889221
943,2,1,1,3,8,Delhi,North,6.59,2.66,9.83,6727345
2910,3,2,2,3,25,Mumbai,North,6.02,4.23,2.07,26376907
2381,1,1,1,1,15,Chandigarh,North,0.47,6.39,6.51,10006322
1909,1,1,2,0,14,Chandigarh,Central,8.93,5.85,8.55,8408489
779,5,5,2,1,4,Mumbai,South,6.09,3.54,13.78,8435382
4631,5,5,2,2,15,Pune,West,9.95,6.13,4.76,24777215
3488,4,4,2,2,22,Mumbai,East,0.21,2.87,3.42,32432667
4314,4,3,1,2,13,Mumbai,East,1.45,1.44,12.24,39134767
3972,1,1,3,3,1,Pune,Central,3.32,8.96,9.74,19697977
4638,1,1,3,2,16,Bengaluru,West,5.63,1.65,1.56,27658945
1435,5,6,3,0,8,Delhi,North,5.62,8.16,5.88,11067173
1140,4,5,3,2,14,Pune,East,9.77,4.17,1.5,6572084
3075,3,3,3,0,30,Bengaluru,East,3.4,3.2,6.16,19403378
2576,3,2,3,3,2,Chandigarh,West,6.73,1.37,8.68,13221326
4871,1,2,3,1,18,Pune,North,7.36,6.27,2.96,25440023
4425,3,4,2,1,15,Delhi,Central,2.97,3.12,4.31,29339970
4732,4,5,3,2,11,Bengaluru,Central,4.85,0.85,0.91,30543499
3157,3,4,2,1,19,Delhi,Central,3.22,6.21,13.49,20814846
4923,3,3,3,3,6,Bengaluru,Central,6.48,4.77,3.01,31444792
4134,5,4,2,0,23,Chandigarh,West,9.26,9.76,12.53,20323330
4137,1,1,3,3,16,Pune,Central,6.83,3.21,5.68,21648066
4069,4,5,3,0,25,Delhi,Central,8.19,4.77,1.34,27916192
3329,3,3,1,2,15,Bengaluru,East,1.32,9.42,13.12,20780842
3165,3,4,1,3,21,Chandigarh,West,6.55,0.8,12.24,14783507
4090,1,1,1,0,9,Pune,Central,4.88,6.1,8.81,19388170
3060,4,3,2,3,16,Pune,East,6.28,7.04,3.38,16348985
2618,2,1,1,2,7,Bengaluru,North,3.59,8.07,8.2,16429958
2369,1,1,1,3,2,Chandigarh,East,1.68,4.44,9.02,10587745
4122,2,3,1,3,29,Chandigarh,West,0.99,4.87,9.53,18968864
1192,5,4,3,1,25,Pune,Central,9.72,1.94,10.89,7350380
2235,3,2,2,2,29,Mumbai,North,9.37,6.79,7.32,19601832
770,2,3,1,3,21,Delhi,South,1.45,2.05,7.0,5427462
921,5,5,1,3,26,Delhi,Central,2.13,4.52,3.15,8303813
1973,4,5,2,1,24,Bengaluru,West,4.56,0.34,3.86,12262936
4481,4,5,3,0,8,Mumbai,Central,0.41,8.23,12.41,39137170
4014,2,3,3,1,14,Delhi,North,6.33,0.32,2.32,27268747
2895,5,6,3,1,11,Mumbai,North,4.1,5.21,7.35,27808134
839,4,5,1,2,12,Pune,North,5.62,5.3,14.92,4920849
2556,4,4,1,0,24,Delhi,South,9.19,7.82,12.37,17294518
1951,1,1,3,3,13,Bengaluru,East,4.65,4.63,14.07,12031897
4036,4,4,2,3,13,Pune,East,2.61,3.71,14.84,21387580
3761,5,6,2,3,17,Delhi,East,6.79,1.86,1.02,27188710
1579,3,4,1,3,19,Bengaluru,East,5.88,0.42,14.83,10372708
3153,5,4,1,0,19,Pune,South,1.95,8.02,10.23,16901977
2538,5,5,3,2,11,Delhi,Central,0.91,2.95,5.38,19102657
4969,5,4,1,2,10,Bengaluru,South,9.79,1.97,12.03,31438053
2373,4,5,3,0,18,Bengaluru,West,5.31,0.87,2.88,15277890
4889,5,5,3,3,21,Bengaluru,East,0.78,6.4,11.58,32114038
1184,4,5,3,1,20,Bengaluru,North,4.45,1.45,6.25,7669834
3914,3,4,3,3,29,Bengaluru,North,9.4,3.63,3.81,24037792
2440,1,2,3,2,12,Delhi,South,2.4,0.88,12.45,15557006
2887,3,3,3,0,20,Mumbai,North,5.76,8.0,11.08,24122799
2659,5,4,1,2,19,Mumbai,North,2.76,4.31,9.07,24170845
2021,1,1,3,0,28,Chandigarh,East,7.4,0.43,8.86,8611578
1878,1,2,2,3,16,Delhi,South,3.74,1.43,3.95,11967314
4516,4,4,3,1,24,Chandigarh,Central,3.3,6.34,12.16,21343138
3388,1,1,3,0,1,Chandigarh,Central,1.98,7.95,5.89,16328862
2568,2,2,1,3,10,Mumbai,West,1.06,1.88,7.87,22259481
773,4,3,1,2,14,Pune,Central,4.0,8.66,4.77,4731666
642,3,2,1,2,4,Bengaluru,North,5.73,6.7,10.25,4486751
3072,4,4,1,1,28,Chandigarh,North,3.01,8.82,0.93,15021222
1640,3,4,1,0,9,Mumbai,Central,8.62,5.1,10.19,14694111
4587,1,2,2,1,23,Bengaluru,South,9.33,6.28,12.1,26802657
678,5,6,3,0,30,Pune,East,9.66,4.06,2.13,4313641
3584,2,3,2,2,5,Bengaluru,East,3.8,1.64,3.26,23025831
2350,4,5,2,2,29,Mumbai,South,7.88,9.11,5.68,21026102
4812,4,5,3,2,13,Bengaluru,South,1.99,9.57,5.77,30245333
610,3,3,3,1,16,Bengaluru,West,3.16,8.62,12.89,4031315
3093,4,3,2,3,17,Mumbai,East,9.46,6.89,5.11,29873491
3954,3,3,2,3,2,Bengaluru,West,1.94,0.25,6.79,25253014
1187,5,5,3,1,26,Delhi,East,8.16,9.47,4.83,10035278
1835,4,5,3,2,21,Mumbai,South,3.21,8.62,14.4,17325657
963,4,5,1,2,10,Pune,East,6.83,6.43,6.15,5337806
2756,3,2,3,3,14,Mumbai,West,1.23,8.42,10.13,25246252
3824,5,6,3,0,27,Bengaluru,West,7.31,1.3,6.24,24357962
2794,3,3,3,0,8,Chandigarh,East,1.5,9.78,8.82,13205747
1779,4,3,1,0,1,Chandigarh,East,3.82,3.7,5.29,7828311
4498,5,4,2,1,7,Pune,East,4.09,4.85,6.88,24627272
4139,5,4,1,0,21,Delhi,North,2.12,8.24,9.8,27720651
941,2,1,3,1,29,Delhi,North,6.04,9.96,6.64,5007828
4231,3,2,1,3,8,Chandigarh,East,4.3,2.35,0.2,20014159
1945,3,3,1,1,6,Bengaluru,South,9.3,4.42,1.96,13289039
3831,5,5,3,2,26,Delhi,Central,6.29,7.24,1.84,27722321
3520,1,1,3,2,28,Pune,Central,5.19,8.64,13.02,16864887
998,2,2,2,3,2,Pune,North,8.12,3.34,8.52,6228825
4388,4,4,3,0,20,Mumbai,Central,5.44,8.62,5.02,38556206
3238,4,5,2,3,0,Pune,West,9.52,1.54,8.16,17685130
4268,4,5,2,1,28,Delhi,Central,8.78,9.07,7.5,28157397
3101,2,1,3,1,15,Mumbai,West,7.15,9.94,4.86,27504879
1801,3,4,3,0,11,Mumbai,North,0.4,7.66,0.83,17133645
4048,5,4,3,0,26,Bengaluru,West,7.43,1.56,6.71,24920510
4660,4,4,3,0,24,Delhi,South,8.07,9.81,9.17,31105790
2655,2,2,1,3,13,Delhi,South,5.54,1.77,10.43,17610347
3199,1,1,2,2,20,Delhi,East,4.13,7.97,3.46,20509606
3668,2,1,3,2,11,Chandigarh,South,9.7,7.4,10.55,16840112
1305,5,5,3,2,2,Chandigarh,East,2.08,1.63,14.08,8214441
4234,3,3,3,1,10,Delhi,East,0.88,3.48,4.84,28000445
3130,2,2,2,3,20,Delhi,West,3.94,1.5,3.11,21907942
4578,2,3,1,3,14,Mumbai,South,7.64,7.18,3.06,39201066
2560,1,2,2,3,30,Mumbai,Central,5.84,8.57,10.93,20106766
2723,3,2,2,0,12,Pune,North,5.55,2.23,8.25,14445358
1388,4,4,1,3,16,Pune,Central,1.29,5.79,8.81,8011918
3501,3,2,1,1,22,Pune,West,2.97,0.99,13.17,17292717
1056,2,1,1,1,16,Bengaluru,South,1.33,0.24,7.63,7168839
3776,3,4,1,2,18,Pune,East,1.05,4.98,10.43,19862879
2216,3,3,1,1,18,Pune,West,5.78,7.67,12.21,10760751
3378,3,4,1,2,25,Mumbai,West,3.76,7.98,14.13,29908677
1712,1,1,1,1,21,Bengaluru,West,6.8,4.61,11.28,10106474
3705,4,5,1,1,10,Bengaluru,West,1.31,6.05,7.37,23609618
3510,4,3,2,2,1,Bengaluru,East,4.39,4.86,13.49,22355451
1055,1,1,2,3,29,Bengaluru,West,4.58,1.41,3.25,6939152
1799,3,3,3,2,11,Pune,South,7.07,8.58,6.39,10186741
3910,2,1,2,1,12,Mumbai,Central,8.99,1.37,5.05,34202326
3622,3,3,3,0,10,Chandigarh,Central,1.03,3.69,10.27,17351961
642,3,3,1,2,20,Pune,East,5.45,6.43,3.11,4469574
2141,5,6,3,1,22,Mumbai,North,7.25,9.32,8.01,19486290
3809,2,1,2,1,16,Bengaluru,North,1.39,3.17,8.08,24132837
1365,2,1,2,0,3,Chandigarh,South,5.91,1.42,2.0,7363822
829,2,2,1,2,10,Chandigarh,Central,6.31,6.1,7.45,3176266
3880,4,4,1,3,15,Pune,South,2.02,1.03,6.66,20995108
1251,2,1,2,0,11,Chandigarh,West,3.6,9.34,13.86,4495258
1769,5,5,2,2,29,Mumbai,West,0.32,5.62,11.16,17026128
1419,3,3,1,3,5,Pune,North,6.22,2.52,7.36,7896790
1255,4,4,3,1,13,Chandigarh,East,8.31,3.9,14.72,6262731
524,3,4,2,0,19,Pune,West,4.36,3.95,10.84,3233105
2776,2,3,3,1,28,Delhi,South,5.79,3.46,4.87,18270331
4464,4,3,2,2,19,Pune,West,9.93,8.71,8.56,22498669
3613,3,3,1,1,18,Chandigarh,South,2.17,2.8,2.71,17098053
2687,2,1,1,3,17,Chandigarh,West,9.15,6.18,8.29,12152258
3163,3,3,2,2,11,Pune,West,9.08,7.49,8.09,16075430
3529,4,4,3,0,6,Pune,North,9.34,5.84,2.07,19752597
3091,5,4,1,2,9,Delhi,South,7.25,2.86,4.88,22754617
1154,2,3,3,3,27,Mumbai,West,6.83,3.15,2.92,10686186
4621,5,4,3,0,20,Delhi,Central,4.79,1.65,14.77,31966362
2459,5,6,3,3,29,Chandigarh,East,7.74,4.37,8.57,13018433
1507,1,1,1,1,19,Chandigarh,South,4.0,8.33,2.18,6724240
1377,2,1,3,1,12,Chandigarh,Central,6.83,3.76,14.09,5745782
4139,1,1,3,1,10,Mumbai,Central,8.02,7.44,1.14,35070242
4166,3,3,2,3,30,Pune,South,6.5,7.23,14.65,21753579
3510,1,1,1,1,10,Pune,East,9.49,2.34,5.03,17401927
4700,4,3,1,2,12,Chandigarh,North,2.58,3.06,13.88,21640168
3411,2,1,3,2,23,Delhi,South,5.92,8.87,2.45,22359111
1418,4,3,3,0,3,Bengaluru,West,5.15,0.27,10.44,9588698
1426,3,4,2,2,23,Delhi,West,4.78,3.73,8.14,10141149
3991,3,3,1,1,17,Pune,North,8.66,4.91,1.22,19804653
4434,4,5,2,2,21,Bengaluru,East,5.67,0.74,14.58,28165017
664,5,6,1,1,4,Chandigarh,Central,8.61,3.19,3.05,4517278
518,5,6,1,3,20,Mumbai,West,3.46,9.41,5.28,7078674
3539,2,1,1,2,4,Pune,East,4.61,2.7,5.41,18542461
1716,4,3,3,1,20,Delhi,South,7.71,0.98,0.9,13785134
3629,1,1,3,3,28,Bengaluru,North,9.37,4.68,4.5,21367361
945,5,6,1,3,25,Bengaluru,West,2.66,5.19,13.65,7268348
4525,3,2,3,3,23,Bengaluru,Central,9.32,0.69,8.3,27924049
2312,2,3,2,0,28,Chandigarh,North,8.27,7.15,8.9,10476116
3997,5,6,1,3,2,Pune,Central,7.35,3.71,1.15,22296524
872,5,4,3,0,16,Pune,East,6.33,9.39,10.26,6072411
3689,2,2,3,3,8,Chandigarh,South,0.34,2.72,6.86,17818773
1257,3,4,1,2,3,Pune,Central,1.15,0.75,2.11,8071219
703,4,3,1,3,18,Mumbai,West,1.22,3.1,1.54,8296201
843,3,4,3,0,0,Pune,South,3.6,4.43,11.77,5019577
1419,4,3,3,1,26,Bengaluru,East,3.55,8.14,3.73,9778805
1570,3,4,2,2,27,Mumbai,South,5.23,8.48,1.38,14088140
1178,1,1,2,3,7,Pune,Central,5.91,7.24,5.71,6268646
2940,3,2,2,3,30,Pune,North,6.08,5.59,7.81,14915615
2705,4,5,1,3,11,Bengaluru,East,1.77,1.9,4.15,18024366
3882,4,5,1,0,6,Mumbai,West,3.29,5.01,4.95,34876913
4773,2,2,3,1,1,Delhi,North,4.56,5.85,14.75,31664264
2002,3,4,3,2,22,Delhi,North,0.28,5.02,14.8,12873787
3750,2,3,2,1,17,Bengaluru,West,4.29,3.23,14.08,22008957
1008,4,3,1,2,12,Pune,North,5.54,1.43,4.49,6651372
824,2,1,3,0,18,Delhi,North,1.57,8.69,13.1,4359737
1691,3,4,1,3,12,Mumbai,West,8.61,8.48,5.52,15248744
2267,1,2,1,0,1,Mumbai,West,0.3,4.21,5.07,20007887
1890,3,4,3,2,27,Bengaluru,Central,4.57,7.32,10.46,12244506
4122,5,4,1,0,12,Delhi,Central,6.17,9.17,2.51,29128904
672,3,4,1,1,10,Bengaluru,South,7.28,1.91,8.29,5693040
2709,3,4,3,0,6,Pune,West,3.11,9.31,2.04,14298109
3258,1,1,3,1,28,Bengaluru,West,3.18,6.29,4.67,19332464
4595,4,3,3,3,16,Pune,South,8.38,5.86,9.77,25075703
3546,2,2,2,0,4,Chandigarh,West,4.46,3.07,8.27,14986678
3235,4,4,3,0,15,Delhi,West,1.22,1.63,13.18,20674970
3946,4,3,3,0,19,Pune,Central,6.34,0.94,1.86,21878034
1422,2,3,2,2,20,Chandigarh,Central,1.51,3.99,12.35,6449694
850,3,2,1,1,28,Chandigarh,Central,1.87,4.48,7.07,4457875
4624,4,5,1,1,25,Pune,East,0.93,2.39,6.24,24194284
2670,1,2,3,2,30,Bengaluru,North,2.7,7.73,11.33,15152748
1095,3,4,3,1,17,Delhi,North,0.83,6.01,12.41,7566002
729,5,6,2,1,11,Delhi,Central,4.1,9.33,5.21,7478656
3555,1,2,2,0,13,Delhi,West,8.21,7.55,10.55,22434061
4866,3,2,1,2,19,Delhi,South,7.21,9.73,14.75,32052280
3294,5,5,2,2,5,Bengaluru,North,5.11,5.81,2.23,22180136
3770,5,6,2,2,20,Mumbai,West,7.65,0.68,12.69,34462555
2578,2,1,1,3,8,Mumbai,North,1.1,7.62,8.82,22768817
3433,5,5,3,2,8,Mumbai,North,8.44,0.37,0.93,32490663
4754,5,4,1,0,24,Chandigarh,West,6.04,2.89,0.59,23107986
3791,5,4,2,2,9,Chandigarh,South,3.65,1.44,2.12,19571395
3084,1,1,3,0,22,Chandigarh,East,6.36,2.0,1.76,13924392
3897,5,5,2,1,17,Mumbai,East,8.38,0.75,11.26,35886308
1891,4,3,1,0,26,Bengaluru,North,9.59,0.53,8.78,12375443
1854,4,3,2,0,0,Delhi,South,0.34,9.23,14.65,12769785
2007,3,2,3,1,14,Mumbai,East,1.74,6.9,8.99,17711764
1822,5,6,1,1,10,Pune,North,3.06,3.09,5.45,11325924
4854,4,5,1,1,0,Delhi,South,1.21,6.63,13.62,33269581
1856,1,2,2,1,3,Bengaluru,South,1.61,1.23,6.46,11301633
2100,5,6,2,3,10,Delhi,West,7.39,8.43,8.27,15960694
1987,1,1,2,1,20,Bengaluru,West,2.34,0.74,0.46,11953872
1808,2,1,1,3,27,Chandigarh,North,5.78,8.36,14.88,8355815
737,3,2,3,1,6,Chandigarh,Central,1.49,8.89,4.27,3792113
3868,3,4,1,1,15,Mumbai,South,4.59,4.99,3.42,34439923
1005,2,2,3,0,4,Mumbai,East,8.77,7.43,3.94,9043258
4695,2,1,2,0,28,Chandigarh,South,6.41,7.27,4.01,21887976
4516,4,5,3,1,2,Delhi,East,4.17,6.04,1.79,30747588
1952,2,2,2,2,19,Pune,North,8.23,9.99,3.33,10739734
1615,4,3,2,3,4,Delhi,West,1.53,9.78,14.47,11503358
1555,1,1,3,1,17,Bengaluru,Central,2.86,8.2,5.8,9106948
4657,3,3,1,2,12,Bengaluru,South,9.08,1.55,1.0,29062546
1968,1,2,3,1,17,Mumbai,West,3.2,4.93,1.14,17071653
3954,1,1,1,1,6,Bengaluru,Central,1.45,5.91,4.64,23980797
2038,2,1,2,3,20,Bengaluru,West,3.58,4.02,13.39,12740484
3070,2,2,2,0,3,Chandigarh,Central,1.12,0.36,13.13,14321835
2513,2,3,3,0,27,Mumbai,South,6.3,8.84,14.39,20886414
1798,5,6,3,3,7,Chandigarh,West,6.96,9.47,9.56,9305203
1201,3,3,2,0,6,Delhi,East,7.51,1.63,13.19,7775605
2653,4,3,1,0,25,Bengaluru,West,6.06,7.44,0.63,16990248
2270,2,2,1,1,25,Bengaluru,West,3.72,9.96,7.31,15105846
1892,2,2,2,3,17,Pune,South,5.95,5.03,3.05,9920763
2282,5,5,2,1,21,Bengaluru,North,4.74,4.97,14.04,15316193
1443,2,1,1,0,8,Delhi,Central,1.98,3.16,0.95,10284059
3623,2,1,1,1,18,Bengaluru,West,9.34,1.43,5.85,22759289
2870,2,3,1,3,11,Bengaluru,South,6.55,2.61,10.82,17091201
1464,1,2,3,0,17,Bengaluru,South,1.18,5.19,0.57,8131385
1929,4,5,3,1,13,Pune,North,8.49,6.43,0.82,10863858
4946,2,1,3,3,9,Mumbai,South,1.22,7.08,4.63,43329702
2064,3,3,2,3,24,Mumbai,South,0.51,1.39,9.57,19251521
4485,1,1,3,0,24,Mumbai,North,1.33,8.47,2.26,37518671
2063,5,4,3,2,7,Chandigarh,South,3.55,2.31,12.24,10688751
3819,5,4,1,2,4,Mumbai,West,0.69,1.67,8.16,36478452
530,3,4,1,1,7,Pune,Central,5.76,9.34,10.06,3846035
4104,2,1,1,0,28,Delhi,East,7.19,8.22,10.08,26501962
1549,1,1,3,0,0,Chandigarh,South,1.89,8.75,9.27,6674829
1420,1,2,3,3,29,Mumbai,North,0.91,6.34,3.95,12452685
3368,4,5,1,3,7,Chandigarh,East,7.58,1.5,8.29,16749852
1007,2,1,1,1,6,Mumbai,Central,9.64,9.19,11.52,8941114
3237,5,6,2,2,3,Bengaluru,East,1.15,2.89,4.94,21411207
3901,2,1,2,2,3,Bengaluru,South,6.02,1.45,6.53,24510606
4234,5,5,3,0,0,Delhi,Central,8.18,9.37,7.8,29193509
2733,5,5,3,0,6,Pune,Central,3.54,8.09,5.21,15324653
1596,1,1,2,0,18,Delhi,West,2.54,7.98,7.4,9615574
1095,1,1,2,3,20,Mumbai,East,1.24,7.83,2.72,9125001
1530,3,3,2,3,2,Chandigarh,South,4.58,9.66,5.78,7943649
2308,1,1,3,3,24,Chandigarh,West,2.22,7.15,0.51,11409702
1624,5,5,3,2,12,Bengaluru,South,8.55,2.14,13.14,11217882
1266,2,3,3,2,28,Mumbai,North,1.44,1.95,7.5,11381607
837,2,1,2,0,27,Chandigarh,South,4.65,0.57,10.98,3406975
4038,5,6,3,2,10,Bengaluru,West,8.06,7.91,7.74,25878355
1438,5,4,3,0,17,Delhi,East,2.11,3.27,9.38,10662970
2791,4,4,2,1,22,Chandigarh,North,8.52,5.42,7.18,13576088
1061,2,3,1,2,10,Bengaluru,South,5.88,5.49,0.94,7150330
574,1,1,2,2,14,Delhi,South,1.53,8.39,2.49,3591881
1664,5,5,1,0,18,Bengaluru,North,5.75,6.57,4.68,11256741
742,1,1,3,2,1,Mumbai,West,8.88,0.3,13.26,5413395
1922,5,4,3,1,27,Chandigarh,West,4.02,2.56,0.43,10471445
3833,3,3,1,3,23,Bengaluru,West,2.15,10.0,0.23,23934456
2821,4,3,3,3,7,Pune,North,7.09,4.14,13.82,15508665
2663,5,5,3,1,13,Bengaluru,North,4.14,0.7,7.55,17665922
1492,1,1,2,3,6,Bengaluru,East,5.74,0.35,11.75,8639633
3578,4,5,2,2,27,Delhi,South,0.66,1.93,14.35,23992209
1530,4,3,3,3,30,Pune,West,3.96,9.73,2.56,8675749
1371,3,4,3,2,28,Mumbai,East,2.31,2.37,10.99,10985522
1564,5,5,1,3,13,Chandigarh,West,1.04,4.75,2.77,8888910
1859,3,3,3,3,18,Bengaluru,West,0.56,9.19,10.16,13061177
604,2,3,2,3,21,Mumbai,North,8.66,3.54,13.51,4067411
878,2,1,3,1,28,Chandigarh,Central,5.58,5.99,9.86,3488414
1759,5,6,3,0,10,Bengaluru,North,3.96,4.56,2.3,11908694
3441,1,1,2,0,23,Chandigarh,West,7.5,9.65,10.82,15448681
3489,2,2,2,2,15,Delhi,North,4.54,4.96,11.71,22352008
4633,5,6,2,3,14,Chandigarh,Central,8.13,3.75,7.96,21844316
2324,4,3,1,0,20,Bengaluru,South,3.28,1.03,10.34,15207139
4710,1,1,1,3,24,Bengaluru,West,4.38,4.53,10.1,28667308
1420,1,1,1,2,29,Delhi,South,5.47,5.19,3.8,8563504
1323,1,1,1,1,11,Mumbai,South,2.63,6.52,9.83,10815276
4218,5,6,1,1,28,Mumbai,North,9.99,1.92,0.35,39140151
4826,2,2,2,3,8,Mumbai,West,4.69,9.46,10.17,41980596
2962,5,5,3,2,30,Bengaluru,North,5.13,0.79,13.76,18618841
2236,3,2,1,2,20,Delhi,South,5.9,9.49,0.99,16421180
4570,3,3,1,2,4,Pune,North,8.37,4.38,9.8,24461200
1575,3,2,2,0,9,Chandigarh,North,4.54,5.7,12.77,7837508
3182,5,5,1,3,18,Delhi,Central,5.32,0.43,6.32,22934472
3408,1,1,3,3,27,Chandigarh,West,8.59,4.08,3.15,14522215
3674,2,3,2,1,11,Pune,North,4.76,0.77,4.08,18271055
4777,1,1,1,1,15,Pune,West,7.72,2.83,8.94,23788422
1343,5,5,3,3,4,Chandigarh,North,3.91,9.55,13.14,7635595
2313,3,4,2,2,4,Bengaluru,South,5.48,9.69,7.37,15182059
2789,2,1,2,1,22,Mumbai,East,9.09,2.07,9.31,23425357
2166,3,3,2,0,11,Bengaluru,East,6.97,8.86,14.23,14266218
2592,4,5,3,1,26,Chandigarh,Central,9.48,7.32,3.45,12553670
766,3,2,2,2,1,Bengaluru,West,7.59,6.3,8.19,6302531
4918,2,1,3,3,18,Chandigarh,East,9.71,1.3,4.17,23207167
3239,3,4,1,0,11,Bengaluru,East,0.84,7.12,3.73,19854468
2151,1,2,3,1,16,Bengaluru,Central,9.64,6.16,14.75,11245549
4363,3,2,3,2,3,Chandigarh,North,7.76,9.17,12.85,20182721
1603,1,1,3,2,30,Bengaluru,Central,8.58,6.38,11.26,9131358
1882,1,2,2,2,3,Chandigarh,East,2.28,7.97,2.97,9428290
3868,3,3,1,1,6,Mumbai,West,9.27,8.71,7.6,34119269
858,2,3,2,1,16,Bengaluru,East,5.68,3.5,7.88,4857254
591,3,2,1,0,4,Bengaluru,North,5.94,0.28,11.46,4583032
1298,3,2,3,1,28,Chandigarh,West,2.98,8.84,8.99,5404661
2377,5,5,1,0,21,Chandigarh,Central,3.99,4.32,8.52,12564185
2708,4,3,1,1,15,Bengaluru,North,8.29,0.79,5.77,17644670
2822,1,1,3,1,27,Delhi,North,5.12,4.49,5.23,18417440
2688,1,1,2,0,26,Bengaluru,East,3.69,1.94,10.49,15179236
1494,4,3,3,0,7,Delhi,South,5.43,6.04,5.62,12434271
4798,1,1,2,1,9,Bengaluru,Central,1.46,5.46,14.06,28768411
1709,1,1,1,1,0,Delhi,South,1.2,7.34,3.16,11421022
4539,3,3,1,1,21,Delhi,West,7.84,7.72,14.6,29579920
3741,2,3,3,2,3,Mumbai,South,1.56,6.72,7.97,32797382
4909,1,2,3,0,8,Mumbai,East,4.19,6.84,3.56,42631981
1579,3,4,1,3,27,Pune,North,8.98,6.92,12.91,8772740
4485,2,1,2,3,19,Bengaluru,West,4.3,2.66,4.94,27451360
4885,1,2,2,0,19,Mumbai,North,8.0,3.2,1.28,41078351
1289,4,4,1,1,29,Mumbai,West,3.59,8.12,3.85,12798762
3211,2,2,2,1,0,Mumbai,South,2.49,8.67,4.78,28986251
2447,5,6,3,3,9,Chandigarh,North,7.94,2.33,10.22,12733097
1939,2,3,1,3,28,Mumbai,South,8.13,3.09,8.65,17597920
1242,4,5,1,1,1,Bengaluru,South,8.54,8.03,4.15,8885129
1056,4,3,1,3,21,Mumbai,Central,2.34,1.48,0.39,11344851
1145,3,3,3,2,15,Mumbai,Central,3.05,7.77,1.32,11524094
1860,2,2,2,3,28,Bengaluru,South,5.59,8.61,7.22,12171662
1605,3,2,2,3,23,Chandigarh,West,1.78,5.72,14.17,7743437
3564,5,5,1,1,20,Bengaluru,East,4.45,7.53,15.0,22101361
2029,1,2,3,3,22,Delhi,Central,9.64,1.92,2.83,13501879
2340,1,2,2,0,30,Bengaluru,East,9.73,5.53,8.48,13716822
2711,4,3,3,3,25,Pune,Central,3.01,5.21,12.14,14561065
1318,2,1,1,2,17,Delhi,East,5.96,1.56,6.51,8857314
4872,1,2,1,3,9,Pune,Central,7.83,9.42,12.96,23382879
1789,4,3,1,0,4,Bengaluru,West,4.78,3.0,14.43,12408162
3168,3,2,1,1,12,Bengaluru,East,5.88,6.35,5.61,20734642
2116,1,1,1,0,26,Delhi,West,1.96,1.18,1.01,13622141
4542,4,3,2,0,0,Chandigarh,West,2.51,9.34,12.92,21219081
4029,2,3,2,1,21,Mumbai,South,2.31,8.15,3.12,35809005
1629,4,3,1,3,15,Mumbai,Central,8.56,4.0,4.98,16307381
2694,3,4,1,2,19,Chandigarh,East,5.94,6.0,10.84,12932351
1877,2,2,1,1,18,Pune,Central,8.41,3.24,7.71,10121595
2403,1,2,1,2,16,Delhi,South,1.25,5.18,11.09,15244674
3675,3,4,2,3,21,Bengaluru,Central,8.75,8.18,3.66,23628559
2229,1,1,3,0,12,Pune,North,7.38,3.5,5.06,10603707
4892,2,2,2,3,25,Delhi,Central,2.8,7.72,3.25,32370523
2685,3,3,2,3,12,Mumbai,East,8.45,4.93,9.96,23384918
1793,2,1,2,2,25,Pune,South,1.33,8.06,8.03,10164953
3259,4,5,3,2,11,Pune,West,0.71,2.46,12.07,17269390
3068,5,4,3,3,2,Mumbai,South,6.55,3.92,11.37,29391031
1369,4,5,1,3,19,Delhi,South,8.8,5.58,9.91,11433213
4087,4,3,1,3,25,Chandigarh,North,3.34,1.12,6.52,18503497
744,2,2,2,1,12,Bengaluru,East,8.16,8.7,10.16,4571941
2899,1,1,2,1,12,Delhi,East,7.17,9.74,11.9,18632580
2160,4,4,3,0,16,Mumbai,East,7.09,9.57,8.06,19750448
1812,3,4,2,2,27,Delhi,West,1.44,8.46,5.56,12475220
4583,2,2,2,1,23,Mumbai,East,8.53,3.07,2.68,40602030
2225,1,1,1,2,1,Mumbai,West,5.19,7.27,5.42,19449170
1656,5,4,2,3,12,Delhi,West,9.48,2.56,3.75,12385057
4905,4,4,3,0,17,Pune,East,9.13,3.59,9.4,25567290
4971,5,6,3,2,4,Mumbai,North,1.19,6.82,3.88,46010969
4924,2,1,3,1,1,Delhi,North,7.15,0.41,0.74,33048803
4183,1,1,3,2,8,Bengaluru,West,7.06,4.14,1.33,25837449
2145,4,3,3,3,8,Pune,Central,2.99,5.94,8.88,12782974
901,4,3,3,3,24,Pune,East,7.88,4.07,9.76,5488189
4721,2,2,3,0,2,Pune,Central,7.35,0.4,3.24,24730388
4984,1,2,3,2,8,Delhi,West,5.01,1.37,12.08,32294789
513,1,1,2,0,15,Mumbai,South,0.35,2.98,6.66,3572905
3970,3,3,2,2,9,Delhi,North,1.99,3.78,6.6,28140705
1409,5,5,1,0,3,Chandigarh,South,5.82,6.45,8.44,7286930
2195,4,5,1,3,1,Mumbai,East,6.55,0.38,9.88,21877184
1538,2,1,3,3,8,Pune,Central,9.25,6.95,2.08,9238466
2289,5,5,3,1,6,Chandigarh,South,8.92,0.29,3.18,11113014
2365,4,5,3,2,25,Pune,South,6.71,5.37,14.55,12054340
3638,2,3,3,0,19,Bengaluru,West,7.92,3.25,5.04,22374316
4314,2,1,3,2,12,Chandigarh,Central,1.4,5.43,13.22,19336605
777,1,1,2,1,10,Bengaluru,West,7.57,9.13,8.4,3301225
529,2,3,1,0,8,Chandigarh,West,9.84,7.42,11.66,2240611
4946,4,4,1,2,14,Chandigarh,Central,7.59,2.35,6.76,24464701
852,4,5,1,3,30,Pune,North,2.95,8.24,8.85,4262632
743,1,1,2,1,25,Chandigarh,Central,8.67,5.1,6.69,3134649
2515,3,2,3,1,13,Bengaluru,Central,2.77,2.57,7.35,15819698
2254,2,3,2,0,27,Pune,East,6.6,4.67,6.09,11662091
1424,1,1,1,2,28,Pune,North,4.96,4.88,7.18,6754955
1211,3,4,1,1,21,Chandigarh,North,7.62,8.14,13.32,5553744
770,2,3,3,1,6,Pune,Central,5.28,1.3,14.02,3690699
2758,4,4,3,3,1,Pune,South,1.87,2.82,7.73,15064520
3097,1,2,3,0,24,Bengaluru,Central,1.19,0.31,8.32,17959142
864,2,2,1,0,9,Mumbai,East,1.28,9.48,6.47,8061582
2755,1,1,3,3,9,Chandigarh,West,5.53,3.52,7.21,13162913
941,1,2,2,3,13,Delhi,North,9.07,1.37,8.07,6508348
2190,5,5,2,2,6,Pune,South,8.66,1.8,12.22,12744247
686,1,2,2,3,20,Mumbai,Central,4.56,2.71,3.02,6208420
2745,5,5,3,1,4,Mumbai,North,2.08,3.99,7.38,25540162
2835,2,3,2,3,9,Mumbai,West,8.78,3.15,1.6,25227262
756,1,2,1,1,24,Bengaluru,South,0.73,1.58,9.41,4065608
3899,1,2,1,3,4,Mumbai,East,9.63,5.56,1.15,33619913
756,2,2,3,0,18,Chandigarh,Central,4.98,3.77,9.66,3265407
4356,1,1,3,2,24,Mumbai,North,4.9,4.14,2.44,36671464
1693,1,2,3,3,5,Mumbai,South,6.75,9.73,9.18,14707358
1212,4,3,2,0,27,Bengaluru,South,7.09,0.87,3.07,7982744
2608,2,3,3,3,13,Pune,West,5.85,5.63,2.99,14525281
882,1,1,3,1,2,Delhi,East,4.66,4.81,10.66,5720861
2662,3,2,2,0,2,Delhi,West,5.06,5.54,2.69,18825566
2996,4,5,1,1,16,Bengaluru,South,7.37,1.71,12.86,19268088
958,5,6,2,1,11,Delhi,West,3.12,4.34,4.62,8074836
4241,4,3,3,2,8,Bengaluru,West,6.9,5.12,11.71,26577186
3120,2,2,2,2,30,Pune,East,1.13,9.76,4.44,16808628
4592,4,3,3,3,18,Mumbai,East,1.46,0.38,10.41,40547012
1340,2,1,3,3,22,Bengaluru,North,4.8,5.14,8.86,7891527
4811,1,1,3,1,3,Delhi,South,4.58,2.69,12.41,32901583
551,2,3,3,0,16,Chandigarh,Central,1.04,7.2,3.1,2318596
1574,5,6,1,3,2,Pune,South,0.74,8.9,10.6,10536153
2676,3,2,2,2,26,Bengaluru,Central,0.43,8.99,3.32,16657875
4784,5,5,2,3,16,Bengaluru,South,1.52,6.52,5.23,30482702
4982,5,4,3,3,20,Chandigarh,North,8.37,2.11,13.41,24640155
3838,1,1,3,2,27,Mumbai,South,9.84,9.62,4.94,32246218
4257,1,1,2,0,24,Bengaluru,South,0.59,9.03,8.45,24985503
1830,1,1,1,0,5,Chandigarh,East,3.22,0.4,8.82,8159337
1364,5,5,2,0,30,Bengaluru,South,0.28,1.13,1.0,9607719
1491,5,4,2,0,23,Pune,West,9.62,6.07,12.15,8493140
3250,5,4,3,1,27,Pune,West,8.64,0.97,1.27,17597246
3003,4,4,1,0,24,Mumbai,North,1.47,5.66,14.21,26464735
3319,2,1,1,3,19,Pune,South,2.4,5.04,14.43,16709488
1298,4,4,1,1,8,Mumbai,West,0.75,3.82,7.69,13866834
1190,2,2,1,2,1,Pune,West,5.94,5.57,9.68,6371074
915,5,6,2,0,8,Mumbai,East,3.07,8.77,11.62,9816491
4061,1,1,1,1,16,Pune,North,7.84,2.68,12.48,20039478
1476,5,4,1,0,26,Chandigarh,East,5.18,5.38,12.2,7483790
3681,3,2,3,0,30,Pune,North,5.1,8.96,13.81,18260156
3527,1,1,2,3,26,Delhi,North,9.34,4.98,9.53,22545911
596,3,2,2,0,8,Chandigarh,South,1.38,5.44,10.19,3954651
1646,1,1,2,0,22,Mumbai,North,0.67,8.53,14.96,12366825
1332,3,3,1,3,2,Mumbai,North,2.47,7.4,4.71,13910966
1669,5,4,3,3,30,Chandigarh,East,6.32,3.5,3.33,8740368
2984,1,1,2,2,15,Pune,North,4.59,3.34,11.22,14729639
4411,5,4,3,2,0,Mumbai,West,5.23,6.58,13.37,40490318
3600,3,2,1,3,1,Pune,South,8.89,8.41,13.27,19047677
1661,1,1,1,1,22,Bengaluru,South,2.77,1.81,10.4,8945338
4298,4,3,1,3,1,Chandigarh,West,7.83,0.4,13.38,21219169
2228,1,1,1,2,28,Pune,Central,1.73,8.53,10.95,10877604
3833,1,2,1,1,9,Pune,Central,8.74,3.55,11.59,19453446
709,4,4,2,2,0,Mumbai,Central,9.65,0.92,0.99,9252154
3702,3,4,3,2,7,Pune,Central,7.45,5.09,4.23,19861860
2331,1,1,2,3,24,Bengaluru,West,1.59,8.85,8.82,13344333
4508,3,4,1,1,15,Chandigarh,West,3.57,2.92,14.95,20927661
1281,4,5,3,2,21,Mumbai,Central,7.67,5.47,12.64,12970266
1576,5,5,3,3,13,Chandigarh,West,4.58,0.91,14.32,8550727
1829,4,5,1,3,21,Pune,West,5.76,9.3,1.01,10704333
3134,1,2,3,2,27,Pune,North,5.37,1.58,0.21,16172615
1595,4,3,2,2,23,Mumbai,South,9.9,3.9,6.78,15543195
1712,2,2,1,3,24,Mumbai,West,4.57,8.19,13.36,16079630
2721,1,1,2,1,17,Chandigarh,Central,2.13,6.22,1.5,12769935
2154,3,2,1,2,16,Mumbai,East,5.37,7.92,12.64,18571087
937,5,5,1,0,15,Chandigarh,South,9.25,2.45,11.29,5853079
1184,5,5,2,1,7,Pune,Central,3.03,6.46,4.44,7321936
801,5,4,1,0,26,Chandigarh,East,5.58,2.35,6.55,3848225
2038,3,2,3,3,5,Mumbai,West,8.59,6.87,2.96,20124171
3996,2,1,3,3,4,Chandigarh,West,1.25,7.25,12.85,18136276
543,3,4,2,0,6,Delhi,East,0.75,1.21,6.59,4551338
1397,1,2,1,2,10,Mumbai,North,6.38,9.54,8.21,11244338
1373,5,6,2,3,2,Mumbai,South,2.01,4.48,6.01,14764211
1689,5,6,3,0,2,Pune,Central,6.14,6.98,5.87,9986857
2241,1,1,3,1,12,Bengaluru,North,0.86,4.75,12.35,13638526
3715,2,3,1,3,8,Delhi,West,3.17,7.04,11.9,24984633
3806,5,5,2,3,22,Pune,Central,2.47,1.54,3.11,20608369
634,2,3,3,0,7,Mumbai,Central,8.94,5.45,8.25,5261178
2915,4,4,1,3,5,Bengaluru,West,0.73,4.68,8.33,19078280
3166,2,3,1,3,29,Delhi,North,1.67,5.13,12.06,20946426
3094,4,5,1,1,8,Mumbai,North,4.11,4.27,6.24,29015047
3530,5,6,1,2,28,Delhi,South,1.48,8.0,6.04,24475919
802,3,3,3,2,14,Delhi,North,0.68,0.22,3.82,6172724
734,5,5,1,2,11,Pune,North,9.73,0.57,4.88,5686220
580,4,5,1,1,26,Delhi,West,6.36,1.13,1.61,4811079
1519,1,2,3,2,12,Chandigarh,South,5.94,3.72,7.24,7511815
2698,2,2,1,0,16,Mumbai,North,1.62,9.06,14.54,21899498
1158,2,3,3,3,5,Bengaluru,West,8.96,5.39,10.11,8371722
2383,3,3,2,2,3,Pune,East,3.29,1.46,7.13,12796856
4560,5,5,3,1,4,Bengaluru,Central,9.83,6.44,2.59,29730863
1645,3,4,1,0,24,Mumbai,North,4.23,0.38,4.2,15081378
1494,3,4,2,0,30,Chandigarh,South,8.42,3.12,9.96,7426616
1618,1,1,2,0,11,Bengaluru,East,6.16,5.69,14.42,8369570
1354,1,1,1,1,17,Mumbai,West,6.94,1.14,13.85,11053922
1772,4,3,2,3,30,Mumbai,East,0.59,8.43,6.83,16326655
4723,2,2,3,1,9,Delhi,South,7.28,2.22,3.9,31750920
2695,2,1,1,3,18,Chandigarh,Central,4.18,8.3,3.57,13463869
4447,2,3,2,0,28,Chandigarh,South,8.77,8.54,11.7,19756564
3470,4,5,1,0,25,Chandigarh,North,0.6,7.11,6.87,16445616
4159,3,3,1,2,24,Chandigarh,South,7.12,9.13,9.86,18901669
4175,1,2,2,3,3,Pune,North,6.5,3.41,12.93,20928934
4770,3,2,1,3,8,Pune,West,0.3,2.53,12.34,24215015
4426,2,3,2,0,25,Bengaluru,South,0.88,3.45,4.38,27493661
1282,2,1,1,2,26,Delhi,North,1.59,2.3,1.76,9173799
1987,4,5,1,2,30,Bengaluru,West,8.53,2.45,3.75,12607046
1744,2,3,1,2,19,Chandigarh,North,4.21,7.53,1.88,8104340
1319,3,3,2,3,13,Delhi,East,3.98,9.55,13.68,9451605
727,2,2,1,1,13,Delhi,Central,1.43,7.91,0.47,5846519
777,4,5,2,2,8,Chandigarh,East,2.57,1.88,8.04,5140732
4919,1,2,2,0,26,Mumbai,North,9.35,8.7,3.66,40579497
892,4,4,2,0,29,Bengaluru,North,3.86,6.88,1.14,6727343
2185,3,3,2,0,9,Delhi,Central,4.15,0.55,8.36,14935945
1890,1,2,3,1,28,Mumbai,North,2.13,8.98,1.76,15896345
2455,3,3,3,0,18,Delhi,South,1.44,4.32,7.32,17513944
1745,3,3,3,0,26,Bengaluru,West,6.27,6.58,3.14,11465696
1531,1,2,3,0,23,Chandigarh,East,1.13,0.27,2.46,6124925
1616,5,5,1,3,6,Chandigarh,West,2.21,3.48,5.09,8786567
2253,1,1,1,0,23,Chandigarh,South,5.76,6.9,0.24,10255343
2565,5,4,2,0,25,Pune,North,2.7,1.44,1.07,13846639
3322,5,4,1,3,19,Bengaluru,Central,1.24,6.95,14.68,21293708
1069,5,5,2,2,12,Mumbai,North,9.0,3.63,8.36,11434879
4681,3,3,3,3,20,Bengaluru,East,5.36,3.38,1.84,29309310
3411,5,6,2,0,29,Pune,Central,6.37,1.7,10.71,17067217
3864,5,4,3,2,2,Bengaluru,Central,8.02,9.23,14.68,24554373
2309,2,1,2,3,7,Chandigarh,East,1.97,1.47,5.05,11156359
2723,4,5,3,1,6,Pune,East,6.13,4.91,12.27,13893077
4455,2,2,3,2,28,Delhi,West,5.97,5.3,11.18,27581125
3196,5,4,2,0,23,Chandigarh,South,9.76,8.76,5.07,15709527
1125,3,4,1,3,28,Pune,North,0.38,0.93,7.75,6616964
3227,2,2,1,0,6,Pune,East,4.9,5.23,3.76,16857021
3576,4,3,2,1,18,Bengaluru,West,3.51,4.3,7.73,21784712
4397,2,3,2,3,22,Pune,North,3.94,0.97,2.74,22569254
1074,3,4,1,1,23,Mumbai,North,2.22,4.52,1.16,10473500
2015,5,6,3,1,29,Chandigarh,South,6.27,8.07,6.59,10244739
1783,3,2,2,0,24,Delhi,North,5.84,1.8,2.05,12701294
1921,3,2,2,3,16,Bengaluru,East,2.13,3.31,4.37,13051897
680,5,5,3,0,24,Chandigarh,West,8.16,1.5,3.65,4787506
847,1,1,2,2,21,Pune,North,0.82,4.87,10.4,2568528
3266,2,3,2,1,1,Chandigarh,West,1.87,2.42,8.72,15402445
1568,3,4,1,1,30,Bengaluru,South,5.02,9.76,5.13,8662357
1887,3,3,3,0,5,Bengaluru,South,9.7,7.51,2.8,12535460
2203,3,2,3,0,20,Delhi,South,3.31,8.53,12.73,14187429
1168,4,4,3,0,20,Chandigarh,North,0.85,0.22,7.94,6345733
3149,4,5,3,3,8,Delhi,East,1.67,5.8,3.95,23051426
1107,2,3,2,2,25,Bengaluru,West,3.23,1.35,14.79,6094418
4338,3,2,1,3,23,Bengaluru,North,4.32,2.08,5.14,26950794
4295,3,2,1,0,27,Mumbai,South,4.28,1.96,10.4,37298615
2177,1,1,3,2,23,Pune,North,6.43,7.36,13.79,10535849
1579,1,1,3,3,0,Pune,Central,2.2,7.48,10.35,8328510
4353,3,2,2,0,6,Pune,East,3.23,6.19,14.47,22921561
4906,1,1,1,3,7,Bengaluru,South,7.27,6.84,7.93,29548217
1040,5,4,1,3,14,Mumbai,West,3.3,0.55,2.22,12556446
3259,5,4,2,1,11,Bengaluru,Central,1.05,8.03,13.5,20575303
3848,1,2,1,0,2,Pune,North,4.36,3.23,4.35,18765568
3517,5,6,3,1,28,Bengaluru,East,1.34,3.73,14.53,22705323
3610,5,4,1,0,17,Chandigarh,East,2.78,3.69,2.61,17545479
1343,5,4,2,2,25,Chandigarh,Central,4.98,7.04,8.04,8092940
1154,5,6,1,2,8,Delhi,West,5.85,1.69,2.81,9397310
4993,4,3,2,3,0,Chandigarh,West,5.94,6.81,12.1,23237003
1475,4,5,2,2,11,Delhi,South,1.33,9.7,14.4,11666046
862,1,1,3,1,9,Bengaluru,Central,6.86,0.86,8.99,5384072
808,4,5,1,0,24,Bengaluru,East,8.84,4.96,8.22,5953641
3192,3,4,1,3,15,Delhi,North,4.55,1.91,3.14,21858322
3000,1,1,2,2,2,Pune,Central,8.87,2.37,7.06,14709978
2610,2,1,1,0,14,Mumbai,South,6.77,8.5,0.34,23449969
2478,5,6,3,0,0,Pune,South,3.61,5.3,9.9,13797263
3837,4,3,2,2,26,Bengaluru,North,2.65,6.47,13.19,24298651
2293,2,3,2,1,7,Delhi,Central,9.82,7.64,7.77,15370375
3233,5,4,1,3,10,Mumbai,Central,5.91,9.86,9.62,30707127
1612,4,4,3,3,18,Mumbai,East,4.78,2.55,13.44,15677059
3225,5,5,3,2,2,Chandigarh,Central,9.48,5.15,13.33,15301406
3672,4,3,1,0,16,Pune,South,4.6,4.51,1.55,18808273
3119,2,1,3,3,18,Chandigarh,East,9.62,5.1,1.86,14271010
2407,2,2,1,1,2,Chandigarh,East,9.74,0.28,13.5,9685931
2790,2,3,2,0,14,Mumbai,North,6.61,0.45,1.14,24536110
1834,2,3,3,2,15,Bengaluru,West,5.1,6.02,2.4,11057419
2567,5,4,3,2,15,Bengaluru,South,6.14,3.5,8.87,16980743
600,2,1,2,3,0,Chandigarh,West,2.79,0.32,7.88,3341395
4036,2,3,3,3,7,Chandigarh,West,4.82,5.82,13.93,18277344
607,5,4,3,3,14,Mumbai,East,6.81,2.3,9.64,8505479
2911,4,4,2,3,20,Pune,North,7.48,8.5,1.15,16725463
2260,4,5,1,0,19,Bengaluru,West,2.29,6.64,6.49,15160653
1102,2,1,3,1,27,Chandigarh,East,4.59,1.38,6.51,4635996
4337,2,1,3,3,24,Chandigarh,Central,1.67,1.22,2.03,19868568
3398,2,1,2,0,13,Mumbai,East,8.35,3.74,3.36,30232190
1481,5,5,3,0,19,Chandigarh,South,1.81,8.08,11.92,7242227
2120,1,1,3,0,30,Delhi,Central,2.78,5.65,6.29,12767880
1745,4,4,1,0,28,Bengaluru,Central,5.75,4.82,7.54,11847288
4562,5,6,2,0,15,Bengaluru,West,0.77,1.58,10.81,27747223
4194,2,1,2,0,28,Pune,North,7.68,2.73,7.32,20183222
1061,4,4,2,0,8,Chandigarh,West,0.6,1.4,3.21,6478907
1601,4,3,1,3,19,Pune,North,5.94,3.7,8.74,9081217
1946,5,5,2,3,23,Bengaluru,North,0.91,8.81,4.67,13117575
1739,1,1,3,3,23,Mumbai,West,7.26,5.21,14.16,14826483
3674,5,4,2,0,16,Bengaluru,North,3.65,3.13,8.49,23452748
4849,1,1,2,0,16,Delhi,North,4.81,0.48,10.41,30829571
4511,5,6,3,3,13,Chandigarh,South,6.3,5.16,12.29,21877948
1057,3,3,1,2,7,Chandigarh,East,5.74,6.56,5.38,6239518
1010,5,6,2,0,6,Bengaluru,North,9.26,1.3,1.6,7656943
4929,1,1,2,0,0,Mumbai,South,9.16,5.55,5.47,41367870
875,4,3,3,3,23,Chandigarh,East,2.01,4.08,2.78,5010778
1383,1,2,1,3,13,Pune,Central,9.43,5.37,5.01,7656552
4209,3,3,3,3,26,Pune,South,8.74,6.94,1.85,21967674
2346,2,2,3,0,24,Pune,Central,9.75,6.12,11.08,10933260
2463,1,2,3,0,24,Delhi,East,8.31,1.74,9.0,14742029
4362,4,5,1,3,6,Delhi,Central,1.88,6.74,9.22,30423952
1703,5,4,2,3,14,Pune,East,9.65,1.32,4.85,10139938
1702,5,6,1,3,25,Pune,North,5.85,2.89,12.4,10241262
3851,2,3,2,0,28,Delhi,Central,3.36,6.52,12.8,25036524
1263,3,2,3,1,20,Bengaluru,Central,5.66,6.68,8.96,8342729
4249,3,4,1,3,28,Chandigarh,West,6.16,4.06,4.13,20174521
1600,4,3,3,0,24,Mumbai,South,7.78,4.67,9.26,14273837
3439,3,3,1,0,2,Bengaluru,East,2.67,2.2,5.24,20774235
3391,5,4,1,0,7,Delhi,South,1.26,9.33,13.72,23459996
2114,4,3,1,0,14,Bengaluru,East,6.37,3.54,4.66,13955849
2708,1,1,3,0,0,Delhi,Central,2.68,0.93,1.74,19370374
2897,3,4,2,2,18,Bengaluru,South,8.74,4.95,4.72,17283061
2743,5,6,2,3,25,Pune,South,2.59,5.69,0.52,15815885
2341,1,1,1,3,9,Delhi,North,9.85,1.56,6.56,14754588
4860,3,3,2,0,29,Chandigarh,West,4.44,9.92,13.93,20979638
1315,3,3,2,1,7,Chandigarh,East,5.84,9.52,12.92,6067475
1306,5,6,3,1,1,Bengaluru,North,2.91,9.32,5.6,9708911
946,2,1,3,0,4,Mumbai,West,1.25,6.67,12.57,8292564
1900,5,6,2,3,12,Mumbai,Central,3.44,7.6,5.07,20377830
3960,1,1,2,0,27,Bengaluru,North,2.41,6.2,6.61,23184356
3211,5,4,1,2,22,Pune,East,5.29,7.76,7.94,17127247
4381,2,1,1,0,5,Mumbai,South,2.38,7.23,14.16,38478647
3510,1,2,2,3,18,Chandigarh,West,6.51,5.6,3.91,16929898
4848,1,2,1,3,0,Chandigarh,Central,8.95,7.25,8.86,22376376
3268,1,1,3,1,19,Bengaluru,East,2.67,5.95,11.98,19176849
2218,2,1,3,1,7,Pune,West,4.17,2.14,14.43,12048332
1398,1,1,1,1,1,Bengaluru,East,7.89,2.02,9.59,8491242
3924,4,3,3,0,9,Delhi,Central,2.26,3.32,3.75,26630075
4033,3,3,1,3,2,Delhi,North,8.24,8.57,2.75,28198229
864,5,6,2,0,23,Bengaluru,Central,0.51,0.95,4.25,6466633
806,5,6,1,0,30,Bengaluru,South,1.84,1.98,10.14,5560209
4508,5,4,1,3,14,Chandigarh,Central,4.8,5.64,12.68,20942579
4843,4,4,3,1,0,Mumbai,North,4.25,8.79,2.07,43917590
4195,3,2,1,1,17,Delhi,Central,7.07,9.28,5.76,28371992
3443,3,4,3,3,5,Bengaluru,East,5.46,9.13,12.73,20972871
927,2,3,1,0,23,Pune,East,8.26,4.62,7.62,3220009
1230,1,1,2,2,2,Chandigarh,South,7.62,2.39,1.02,6637366
633,4,5,3,0,11,Pune,West,3.48,7.02,10.54,3983310
658,4,3,2,0,20,Mumbai,South,5.44,8.36,6.15,8056255
4874,4,3,3,1,18,Mumbai,North,7.62,3.7,14.84,42086695
2256,3,4,2,2,23,Delhi,South,8.15,0.64,4.59,15287810
824,2,2,2,1,7,Mumbai,North,5.31,6.7,5.84,7420490
2519,1,2,2,3,28,Bengaluru,West,5.23,8.29,12.27,15347514
3581,1,1,2,3,11,Delhi,West,4.78,6.34,11.97,23300196
4500,5,6,2,0,4,Chandigarh,South,8.78,8.05,14.16,21588188
1940,5,6,3,3,23,Delhi,South,7.53,1.56,3.94,14569041
2163,5,5,3,0,24,Delhi,East,9.06,6.1,7.5,15805072
1860,3,2,3,3,17,Bengaluru,Central,6.24,5.09,14.84,11446840
2105,3,4,2,1,5,Mumbai,East,8.13,7.02,11.53,19002544
4126,3,2,1,0,4,Delhi,Central,7.28,1.91,8.94,27173996
3115,5,6,1,0,23,Bengaluru,Central,3.95,2.66,9.14,20639782
1652,1,1,2,3,18,Chandigarh,North,1.3,3.61,13.17,7548182
3323,2,1,2,2,6,Mumbai,West,8.34,4.31,3.07,29878849
1583,3,3,3,1,13,Delhi,South,2.6,6.23,6.76,11743945
3067,2,3,3,1,26,Chandigarh,West,8.79,3.12,0.38,14345770
1678,1,2,3,0,6,Delhi,Central,5.44,8.79,13.7,10242542
2728,5,6,3,0,26,Pune,West,6.41,3.01,11.51,13691724
1449,1,2,3,1,2,Bengaluru,West,3.08,5.69,4.65,8863732
1649,1,1,1,2,5,Pune,Central,1.05,7.08,0.98,8210537
3549,5,4,1,2,1,Bengaluru,West,2.79,5.37,7.86,23603984
1394,1,1,2,0,20,Mumbai,North,9.99,6.31,8.47,11523152
2453,5,5,3,2,24,Bengaluru,North,6.68,10.0,4.09,17523567
1263,2,3,2,3,22,Chandigarh,Central,9.73,0.34,9.1,6338778
4755,2,2,1,1,19,Bengaluru,West,7.97,8.9,4.39,27963030
4848,4,4,1,2,20,Delhi,East,3.19,9.9,1.32,32953698
631,4,4,1,0,29,Pune,North,9.27,9.11,7.78,3515523
2107,1,2,2,2,15,Mumbai,North,6.53,4.08,1.35,17392848
1861,5,5,3,2,23,Bengaluru,South,1.77,0.28,11.34,13828847
1762,5,4,2,3,26,Chandigarh,Central,5.8,5.92,3.3,9544415
3166,5,4,3,1,21,Chandigarh,East,5.66,9.3,5.79,15108139
1113,3,2,3,2,12,Bengaluru,South,1.59,3.19,12.37,7409371
4542,4,4,1,3,1,Pune,West,5.39,4.08,4.97,24796982
3624,2,1,2,0,24,Delhi,Central,9.5,0.97,14.01,23138149
992,5,6,3,3,0,Mumbai,North,4.52,6.42,11.66,11649886
1687,4,4,2,3,30,Chandigarh,South,4.06,4.28,6.87,8367212
4379,3,4,1,2,26,Chandigarh,East,7.39,6.45,9.75,21113171
4909,4,3,3,3,20,Delhi,West,6.68,7.16,0.36,34053364
1997,4,3,3,2,17,Delhi,South,8.74,1.73,3.26,14264283
1885,2,3,1,1,9,Chandigarh,Central,1.74,9.54,6.2,9572419
3382,1,2,1,0,17,Delhi,South,4.33,0.87,7.76,22328519
4669,2,2,2,0,5,Pune,East,2.78,3.88,7.57,23536527
3377,2,3,1,3,8,Chandigarh,South,5.3,7.92,3.57,14897705
2423,3,3,3,1,7,Delhi,East,7.06,2.61,13.57,16363229
3598,1,1,1,0,29,Delhi,Central,3.05,1.82,13.84,21430904
1638,1,1,1,2,2,Bengaluru,Central,8.07,4.39,3.66,10114426
4768,3,2,2,2,1,Chandigarh,North,6.72,3.0,3.14,22458996
779,1,1,2,3,22,Bengaluru,East,3.89,6.79,11.78,4434785
1892,5,6,1,0,4,Mumbai,South,3.02,1.79,3.89,19069741
3311,2,3,2,1,20,Delhi,South,4.12,8.73,5.52,21108301
4299,1,1,2,0,11,Delhi,Central,2.35,7.12,11.78,28337820
1006,2,2,1,3,23,Pune,North,1.58,5.23,8.89,5166608
4178,5,4,1,1,19,Chandigarh,South,0.4,9.63,7.04,19313172
1908,2,1,3,1,2,Pune,Central,4.05,8.5,6.52,9850048
4598,3,4,3,0,7,Bengaluru,East,2.23,2.16,7.69,28710350
4737,4,3,2,1,23,Pune,West,5.64,2.04,12.92,24459187
1139,2,1,2,0,5,Delhi,Central,2.31,2.86,2.71,8606557
2832,2,2,1,3,13,Delhi,North,1.8,3.5,8.41,19527866
2061,4,5,3,2,11,Chandigarh,West,3.27,8.42,6.54,10531636
4924,3,3,3,3,5,Chandigarh,Central,0.52,8.55,10.32,23976825
1859,2,2,2,2,30,Pune,Central,0.55,9.34,5.31,9519380
4127,3,3,3,1,29,Mumbai,North,9.92,2.13,8.72,35158255
1724,3,4,1,3,22,Mumbai,South,9.49,8.87,3.38,17073274
854,2,1,3,1,24,Pune,West,2.02,6.88,8.09,4669274
1921,4,3,3,3,16,Bengaluru,South,9.08,0.6,6.59,13828177
2292,1,1,1,3,12,Chandigarh,East,5.93,0.57,7.42,11200346
4167,4,3,1,0,30,Delhi,West,1.53,2.52,11.69,27608796
716,4,3,2,2,22,Mumbai,East,2.71,6.02,0.43,8767891
1580,4,4,2,3,26,Bengaluru,West,3.08,8.8,11.52,10625563
3421,4,5,1,1,20,Chandigarh,East,6.85,2.14,7.51,16058669
3687,3,3,2,3,24,Chandigarh,Central,7.76,6.68,6.26,17773261
835,3,4,2,1,19,Chandigarh,South,8.27,6.87,11.89,3639695
3652,1,2,3,0,17,Delhi,North,0.63,9.06,8.01,23654979
1945,5,5,2,3,30,Pune,South,3.45,1.72,12.77,11187126
3476,1,1,2,1,6,Chandigarh,North,0.25,4.39,3.12,15960755
3654,2,1,3,0,27,Bengaluru,East,3.85,7.26,8.41,20814547
964,2,2,3,1,4,Mumbai,West,2.33,7.2,5.68,8777267
803,5,5,2,2,27,Bengaluru,South,7.53,7.98,14.54,5772029
1232,1,1,1,0,28,Chandigarh,West,0.43,3.86,2.4,5701527
1497,3,3,1,1,19,Mumbai,West,1.85,0.5,5.06,14000690
3011,3,3,1,1,1,Delhi,West,2.79,9.49,5.63,20797373
2504,1,1,1,0,25,Pune,West,2.5,5.87,9.78,12217256
1524,1,2,1,0,6,Bengaluru,South,2.43,0.23,4.69,9164452
579,5,5,1,3,28,Chandigarh,North,0.98,8.4,1.37,3753605
4930,5,5,2,3,17,Pune,South,4.51,5.22,10.16,25543865
875,4,5,2,1,28,Pune,South,8.06,7.96,14.67,4510111
837,1,2,2,1,1,Bengaluru,East,0.2,3.75,11.12,4391851
4408,2,3,2,2,26,Delhi,North,9.58,0.79,6.76,29151840
4630,2,1,2,2,30,Chandigarh,West,6.42,3.67,9.13,21166412
4742,3,4,2,2,13,Bengaluru,East,0.98,5.92,14.23,28952130
3938,5,5,1,0,13,Chandigarh,South,9.0,9.48,6.08,18731205
4453,5,5,3,2,18,Bengaluru,East,8.68,0.51,9.73,27830498
3873,3,3,3,2,10,Delhi,North,4.28,5.69,6.55,26485484
4314,4,5,2,2,30,Pune,West,7.08,2.94,8.77,22640713
4594,1,1,1,2,1,Delhi,South,8.97,6.66,5.3,30241420
3353,5,4,1,2,13,Pune,Central,5.67,7.69,9.37,18636866
699,5,6,3,3,18,Chandigarh,North,9.86,8.14,7.01,4616203
3861,2,1,2,3,21,Bengaluru,West,5.36,3.3,4.02,24345592
4335,5,5,3,2,12,Delhi,West,6.61,6.88,11.33,30606961
2694,5,4,2,1,5,Bengaluru,West,3.18,9.83,4.26,18372828
4245,3,4,3,2,0,Chandigarh,North,9.11,0.41,5.35,20682200
4289,1,1,3,1,16,Bengaluru,North,6.57,3.26,5.35,26074964
1375,1,2,2,3,0,Mumbai,Central,4.28,2.8,4.68,12855240
3082,2,1,3,0,29,Bengaluru,North,7.09,2.38,4.07,17647460
1628,3,4,2,0,13,Mumbai,East,2.78,0.55,10.63,14075737
1306,1,1,2,2,20,Mumbai,Central,7.59,0.4,3.89,11271476
3371,3,4,3,0,29,Delhi,South,5.03,8.5,9.09,22431905
2007,4,3,2,3,19,Pune,North,6.85,0.84,4.75,10808290
4731,5,4,1,3,13,Pune,West,8.96,8.9,12.85,25167788
2842,5,5,1,3,27,Mumbai,West,3.79,4.46,2.14,27828719
4560,2,3,2,2,23,Chandigarh,West,1.43,4.3,5.3,19288242
1984,3,2,3,1,6,Chandigarh,North,4.39,6.34,10.97,9472855
2531,2,1,3,1,7,Mumbai,Central,3.46,1.65,1.63,22732900
2048,2,1,1,3,17,Mumbai,East,8.91,2.42,13.95,17649095
2728,5,4,3,2,22,Mumbai,Central,2.5,5.31,2.75,25576046
952,4,3,3,3,6,Chandigarh,South,7.34,4.89,7.68,5086691
3993,2,2,1,1,22,Bengaluru,South,7.06,5.12,2.66,23889035
605,3,2,1,0,7,Mumbai,Central,0.38,5.55,10.66,6552155
1774,2,1,1,3,19,Bengaluru,Central,5.22,3.44,12.94,11621909
2975,3,2,2,3,0,Bengaluru,East,0.37,3.78,4.25,19512784
606,4,5,2,0,30,Delhi,North,1.47,7.55,1.67,5391202
1885,2,1,2,2,23,Chandigarh,West,8.97,2.01,3.35,8799106
1092,4,3,3,3,0,Pune,East,7.19,9.28,1.51,7356849
3153,4,5,2,2,4,Bengaluru,West,7.25,5.07,0.81,20805457
4084,4,4,2,2,22,Mumbai,South,9.27,8.32,1.81,36955901
4327,3,4,2,2,12,Chandigarh,Central,5.86,3.67,12.35,19581174
1559,1,1,2,2,14,Delhi,East,9.13,8.24,2.09,10777725
4946,5,5,2,0,16,Delhi,East,9.54,0.72,10.7,33766118
4446,2,1,3,0,22,Mumbai,East,4.34,8.05,3.96,38763411
4015,2,2,1,3,24,Delhi,Central,5.02,8.75,10.74,26211834
1389,5,5,2,2,14,Pune,South,1.64,9.19,14.97,7858525
1809,2,2,1,1,24,Bengaluru,East,7.11,9.07,6.63,11491237
571,2,1,3,3,26,Mumbai,West,7.7,4.81,4.9,6432885
4377,4,5,2,1,23,Bengaluru,North,0.76,7.82,5.87,28063774
3965,1,1,2,3,27,Pune,North,1.42,9.71,8.41,19588359
3358,3,3,2,0,3,Delhi,East,8.18,7.81,11.87,22428996
3571,2,2,1,2,20,Pune,North,0.39,8.29,2.31,18763682
4600,1,1,2,0,7,Mumbai,West,9.5,8.51,5.13,38212506
3308,1,1,1,3,18,Chandigarh,West,2.12,9.74,2.47,15521984
3013,1,2,3,3,12,Pune,Central,2.53,3.03,14.08,14191282
1431,3,3,3,2,5,Chandigarh,East,4.9,7.51,3.24,7068558
3418,2,1,3,0,15,Delhi,North,6.49,4.82,13.64,21327527
3947,3,4,2,2,3,Delhi,West,3.58,7.0,11.44,27240938
3020,1,2,1,1,17,Pune,Central,6.08,2.98,13.23,14154976
3837,2,2,2,0,21,Mumbai,South,3.83,0.4,7.96,34272591
3738,3,4,3,3,0,Mumbai,East,1.21,0.71,6.65,34351003
801,1,2,2,2,21,Chandigarh,West,4.47,3.09,0.94,2706288
2694,1,2,3,0,22,Chandigarh,East,2.6,0.68,12.76,11415082
3451,2,2,1,1,17,Bengaluru,Central,2.62,0.29,3.68,21372707
2803,2,1,2,3,22,Delhi,Central,0.54,0.57,0.59,18731895
2092,1,2,3,3,8,Delhi,North,4.43,4.64,7.79,13486610
2061,1,2,1,0,14,Bengaluru,North,6.54,5.04,9.38,12419392
4831,4,3,2,3,7,Mumbai,North,6.07,9.92,1.53,44238440
1622,3,3,3,0,29,Mumbai,North,0.5,7.53,11.43,13803151
679,5,5,1,0,8,Pune,West,1.09,5.71,7.29,4991535
2932,2,3,3,2,20,Mumbai,Central,8.68,3.11,2.56,25468912
4082,4,5,2,2,26,Delhi,Central,6.57,0.92,5.8,27018221
3995,3,4,2,2,5,Pune,East,5.31,9.97,7.97,21370558
3250,5,5,2,1,13,Mumbai,West,4.71,2.08,3.53,30349033
2255,4,4,3,0,11,Delhi,West,9.91,4.83,8.4,15054910
2840,2,1,1,1,2,Pune,South,8.07,1.57,11.7,13891904
2476,1,1,1,2,21,Mumbai,North,5.57,6.17,1.55,22267162
4119,5,5,2,0,29,Delhi,South,3.49,3.39,13.87,27962048
2345,5,6,3,2,26,Bengaluru,North,9.32,6.02,12.05,15439411
684,4,4,1,2,3,Pune,South,0.26,1.28,8.68,4792001
2308,4,4,2,2,14,Pune,West,2.35,3.81,5.59,12723439
3820,1,1,3,2,8,Mumbai,South,7.69,1.85,6.41,31998117
1389,4,4,2,1,8,Pune,East,4.81,4.7,14.76,7745180
1518,2,3,3,1,14,Bengaluru,Central,8.97,5.07,9.08,9451661
3597,5,5,2,1,25,Delhi,Central,0.67,8.84,6.78,24426351
1216,3,2,3,3,9,Delhi,East,2.6,7.1,1.67,9674063
4167,3,4,3,2,19,Chandigarh,East,5.76,9.52,9.05,19398717
1582,5,6,2,0,16,Chandigarh,North,1.22,4.0,3.55,8237916
2351,2,2,2,2,13,Bengaluru,West,8.15,8.81,1.26,15461010
4307,4,5,2,0,3,Pune,Central,2.01,4.54,2.65,23827395
1444,2,3,3,2,8,Pune,West,9.41,7.67,14.59,8054734
2113,1,2,3,3,17,Mumbai,North,6.85,2.46,7.73,18339256
2837,5,6,1,2,0,Mumbai,Central,6.41,3.77,12.82,27272675
4463,3,3,1,0,18,Pune,West,4.92,7.88,2.35,21796825
3534,4,3,2,3,7,Mumbai,North,0.98,6.63,0.47,33153378
4954,1,1,1,3,21,Delhi,Central,7.28,3.35,10.92,32537806
1293,5,4,2,2,20,Chandigarh,North,0.64,2.02,14.03,6481667
4444,5,4,3,3,6,Delhi,East,6.53,1.35,14.23,31771477
1298,4,5,2,3,5,Bengaluru,North,6.75,8.1,2.63,9957917
3871,2,2,3,1,28,Delhi,West,9.19,7.13,10.89,25535164
2096,5,6,1,0,9,Bengaluru,North,3.54,4.2,5.36,14126620
4196,2,1,2,3,15,Mumbai,North,9.48,6.03,9.94,36620408
2855,5,6,2,0,2,Mumbai,South,2.71,2.7,14.24,25457490
1746,5,4,2,1,3,Bengaluru,Central,0.74,9.56,2.1,12888392
558,5,4,2,0,18,Delhi,North,2.44,1.39,5.58,6359442
1441,1,2,3,1,5,Pune,West,6.58,4.86,12.85,7560224
2150,5,5,2,3,15,Chandigarh,Central,5.96,8.91,14.08,10933857
3858,2,1,1,1,4,Mumbai,Central,1.22,4.6,4.45,34019029
1559,3,3,2,3,16,Pune,East,1.34,6.79,6.6,8607028
4082,1,1,3,1,12,Chandigarh,West,6.53,8.49,7.19,17887832
1567,3,3,2,3,12,Mumbai,Central,3.87,0.99,5.93,15626932
1671,3,4,3,3,3,Chandigarh,South,2.5,7.37,4.0,9039982
2470,4,3,1,0,9,Bengaluru,East,2.32,1.45,4.82,15775744
2626,1,1,3,3,19,Mumbai,South,5.05,3.14,2.57,23195079
3504,3,4,3,0,13,Delhi,East,8.11,3.08,3.96,23841480
2463,4,4,2,2,27,Chandigarh,West,6.17,2.89,10.81,10977671
3555,5,4,2,2,22,Mumbai,West,4.32,5.86,13.12,32721270
1968,4,5,3,3,7,Chandigarh,Central,7.8,4.44,3.04,11195906
4030,2,3,1,1,2,Bengaluru,Central,8.29,3.65,13.61,25028643
3806,3,4,2,3,24,Mumbai,West,2.03,0.52,14.2,33722873
4789,2,1,3,0,19,Bengaluru,West,8.99,9.28,5.81,28725002
4261,4,4,2,2,16,Bengaluru,South,9.48,2.62,10.09,26678632
1390,4,4,2,3,5,Pune,East,7.64,5.7,4.64,9491938
2797,4,5,3,1,24,Bengaluru,West,2.69,8.05,1.24,17770012
4354,5,6,3,1,26,Delhi,North,5.42,1.55,8.95,30106573
3186,3,4,2,2,22,Mumbai,West,8.79,6.83,5.48,29435805
986,2,1,3,1,19,Delhi,South,2.1,8.94,0.66,7180638
4746,2,3,3,3,19,Chandigarh,Central,0.9,7.12,0.7,22048019
697,3,4,1,2,18,Chandigarh,Central,4.27,7.34,12.02,4229778
2271,3,3,3,1,19,Chandigarh,South,2.74,1.4,14.15,9499564
820,1,1,1,0,0,Delhi,Central,8.69,1.5,9.01,5067585
1905,4,3,3,3,4,Bengaluru,East,3.85,1.26,3.92,14027713
3842,5,6,2,1,24,Delhi,South,1.0,3.15,3.52,26430631
4371,5,6,2,1,1,Mumbai,East,3.14,5.4,6.24,39919526
1486,4,5,1,2,13,Pune,Central,5.16,3.93,6.71,8535397
4968,3,3,3,3,22,Mumbai,North,6.54,9.54,11.96,43218742
1282,3,3,1,1,18,Pune,Central,9.9,2.87,13.15,6606286
1017,1,2,2,2,14,Bengaluru,North,4.22,6.41,0.56,6595689
3438,2,1,3,0,11,Delhi,North,5.78,8.79,13.94,22671360
2387,5,4,1,2,11,Pune,South,3.84,6.42,0.47,14379488
1972,4,4,2,1,0,Chandigarh,North,7.8,3.02,4.99,10481688
505,4,3,2,1,30,Chandigarh,East,6.67,3.77,11.83,2261563
1695,3,3,3,2,8,Delhi,Central,0.42,6.17,5.64,12567710
1125,3,4,1,2,14,Mumbai,West,1.96,6.69,10.15,10365795
3510,2,2,2,1,30,Mumbai,Central,2.41,0.84,9.46,29049046
941,1,2,3,3,9,Chandigarh,North,5.7,6.01,5.71,4094078
738,3,4,1,3,20,Delhi,Central,5.78,3.95,5.02,5622884
2758,2,2,3,0,25,Pune,Central,6.15,1.7,3.26,13456092
1721,4,3,3,0,17,Pune,Central,3.16,5.22,9.39,9549563
4881,1,1,2,1,4,Pune,East,9.17,7.81,3.58,24660888
3496,4,4,2,2,20,Chandigarh,Central,8.38,3.08,1.04,16891645
675,5,5,2,2,2,Bengaluru,West,0.84,4.13,11.52,5988032
1965,5,6,2,0,22,Delhi,West,4.51,8.0,9.22,14598449
1242,5,6,1,2,18,Mumbai,South,5.2,5.39,13.17,11851471
2097,5,4,3,3,26,Delhi,Central,2.44,3.31,14.45,15049912
1486,1,2,3,0,20,Chandigarh,Central,5.88,0.21,13.53,5109778
1006,1,1,2,2,7,Bengaluru,East,3.17,6.2,6.69,6814171
3394,4,5,3,0,13,Delhi,West,6.44,8.84,8.09,23669423
2915,3,2,1,2,2,Delhi,Central,6.12,8.2,11.47,20486326
4193,2,3,2,3,5,Bengaluru,South,6.41,2.38,0.99,26225417
3112,5,5,1,2,17,Bengaluru,East,0.61,0.31,6.98,20669600
3428,1,1,1,1,3,Mumbai,Central,1.34,0.58,10.92,28373168
1100,2,1,3,1,20,Pune,Central,8.06,7.42,4.6,6266568
1629,3,2,2,2,16,Delhi,West,6.71,1.48,9.67,11748150
530,5,4,1,0,1,Delhi,Central,3.27,4.54,1.9,6087349
3649,3,2,2,3,28,Bengaluru,Central,9.25,3.53,7.64,22136462
4613,3,4,2,1,7,Pune,West,5.2,7.25,12.05,23607099
2214,1,2,3,3,29,Mumbai,West,8.46,6.05,10.92,19204580
4591,4,5,3,2,30,Pune,North,9.69,3.34,0.75,23683833
733,2,3,3,1,2,Mumbai,East,2.59,7.34,6.41,7600856
3279,4,3,2,1,2,Delhi,Central,4.78,2.43,3.15,23013021
4341,3,2,2,1,21,Chandigarh,North,6.95,2.97,7.33,20031990
1414,5,5,3,0,28,Delhi,North,4.56,6.41,2.08,10978615
4976,5,4,3,3,7,Chandigarh,North,8.84,4.33,12.63,23263941
753,1,2,1,3,9,Bengaluru,North,1.37,4.28,1.28,5432286
3996,1,1,1,3,26,Mumbai,South,9.27,3.88,11.42,34486986
2324,3,3,2,0,22,Mumbai,East,6.03,5.98,10.33,20305887
3800,4,3,3,0,17,Mumbai,West,9.64,6.42,13.33,32391801
3278,3,2,2,2,2,Chandigarh,West,6.4,5.63,10.64,15182811
3148,3,4,1,1,28,Mumbai,North,2.82,2.92,7.93,28384726
2739,4,4,2,0,30,Delhi,North,1.6,5.66,4.92,18335974
1148,4,4,3,0,20,Mumbai,West,1.51,6.93,3.34,12389667
871,5,4,3,3,5,Pune,North,5.84,1.33,6.38,6097298
2273,5,6,3,3,2,Bengaluru,West,6.82,2.65,8.69,16048191
650,1,1,1,3,10,Chandigarh,North,5.55,5.56,0.99,3544171
660,2,2,2,3,20,Pune,Central,3.22,8.87,10.21,3917474
4781,1,1,1,2,6,Mumbai,South,6.29,0.23,13.98,39420424
4330,3,2,2,3,2,Pune,South,3.88,1.58,10.7,22943911
4384,2,2,1,1,25,Mumbai,North,3.5,2.67,8.73,37704579
2467,1,1,2,3,5,Bengaluru,West,9.03,1.44,6.02,16629327
1739,2,1,3,1,25,Bengaluru,West,4.92,4.62,6.47,10673044
4803,5,6,2,1,16,Chandigarh,North,5.75,7.18,12.66,23483449
4632,2,3,1,3,7,Delhi,East,3.31,3.49,5.19,31103841
4816,2,3,2,1,3,Chandigarh,North,1.29,3.57,8.99,22120229
2209,2,3,3,0,23,Mumbai,Central,3.79,0.56,13.58,18158583
1936,2,2,2,1,2,Mumbai,East,1.27,2.66,13.44,17305376
3623,5,6,1,0,12,Delhi,Central,3.34,4.9,12.21,25729420
1015,3,3,2,0,29,Bengaluru,East,2.31,6.63,5.9,6239611
3644,5,6,2,2,2,Pune,North,1.06,8.42,12.86,20436990
925,5,5,1,3,2,Pune,West,2.33,9.3,4.74,7596711
1098,1,2,1,3,23,Pune,Central,0.69,1.33,1.26,5410388
4554,2,1,2,3,9,Pune,Central,0.96,1.62,10.55,23832156
1348,1,1,3,2,13,Pune,East,2.84,1.18,5.42,7285818
972,4,4,3,0,9,Mumbai,East,3.94,5.11,14.28,9258730
4880,1,1,3,0,8,Chandigarh,North,3.13,8.61,14.98,22256455
3310,2,1,2,0,27,Pune,Central,3.68,5.83,12.53,15733419
4852,1,1,2,1,13,Chandigarh,West,1.89,1.34,8.77,21493625
2587,1,1,2,1,25,Chandigarh,North,2.14,7.54,4.38,11400862
2719,1,1,3,1,11,Pune,Central,7.39,1.9,4.43,13776098
4103,1,2,3,0,30,Delhi,North,1.35,1.96,14.56,24700329
4026,2,3,3,2,29,Pune,Central,6.43,9.51,14.95,21138123
3978,1,1,2,3,2,Pune,South,1.35,6.96,6.25,20169930
1066,2,2,1,0,4,Delhi,North,3.25,1.39,13.0,6362560
3751,2,1,3,0,20,Pune,East,8.26,5.71,4.11,18944573
2482,5,4,1,1,20,Pune,West,8.09,2.89,13.21,12950901
1036,5,5,3,2,27,Bengaluru,West,4.49,3.21,14.78,7228900
2562,2,3,3,3,16,Delhi,South,5.43,8.61,11.1,17339318
2484,1,2,1,0,15,Chandigarh,East,8.14,8.42,13.66,11623903
2272,3,4,3,0,15,Delhi,Central,6.69,7.13,13.42,15111889
2910,5,6,2,1,1,Delhi,East,2.37,9.87,4.73,21441549
3594,5,4,1,3,27,Delhi,East,7.18,1.13,11.04,24594881
3463,4,4,1,0,16,Bengaluru,East,0.26,9.92,2.91,22678462
605,2,2,1,3,16,Bengaluru,Central,1.94,3.76,5.73,4359091
4811,5,5,3,0,18,Bengaluru,North,1.77,7.21,10.59,30000063
1333,5,4,1,2,19,Mumbai,Central,5.79,1.11,6.57,14808234
611,5,4,1,2,25,Chandigarh,Central,2.57,2.58,13.19,4072162
3165,2,2,2,2,29,Delhi,Central,1.18,5.97,11.72,20176014
2188,2,1,2,2,14,Delhi,South,5.36,3.74,9.47,14932784
2336,2,3,2,0,23,Mumbai,West,5.41,3.7,11.92,18318787
875,1,1,1,0,1,Mumbai,South,8.13,9.4,11.88,7096514
647,3,2,1,1,7,Bengaluru,Central,0.53,2.56,2.49,5099690
4436,1,1,1,3,25,Mumbai,West,7.06,0.26,7.18,38692932
4424,3,2,3,0,16,Delhi,Central,2.56,4.71,7.31,29022362
4062,4,5,2,2,23,Mumbai,East,6.7,5.36,1.62,37089994
3879,5,5,2,3,28,Delhi,West,6.11,2.19,13.81,26718703
3679,3,4,1,3,30,Pune,East,2.6,8.45,12.38,18673203
3959,5,5,3,0,13,Chandigarh,South,0.41,4.77,3.73,19111271
4630,1,1,3,0,29,Delhi,East,3.92,7.76,7.87,29664330
4365,4,5,1,0,20,Mumbai,West,7.56,3.83,2.77,39071899
3246,5,5,1,1,17,Bengaluru,South,6.9,0.39,1.94,21644681
3817,5,5,1,3,30,Pune,East,9.16,9.68,12.74,20410902
4663,3,2,3,3,15,Pune,North,6.26,4.55,3.84,24864564
4108,4,5,3,0,11,Pune,South,4.13,0.48,10.49,21583493
3004,4,3,3,3,30,Bengaluru,South,5.42,1.25,6.0,18611218
3516,4,5,1,2,28,Bengaluru,Central,8.41,7.14,6.21,22646908
1274,2,2,2,0,27,Pune,North,6.61,0.98,3.79,6521057
876,1,2,2,1,19,Mumbai,East,4.6,9.8,14.41,7278718
3977,2,2,1,0,10,Delhi,Central,2.21,2.79,13.67,25617655
3397,5,4,3,1,2,Pune,South,6.74,0.46,5.78,19108073
4754,1,1,1,3,14,Chandigarh,West,2.32,0.68,4.53,22045821
4810,2,3,2,3,20,Delhi,East,4.69,7.96,0.56,32723341
4499,3,2,3,0,9,Pune,North,1.77,2.92,5.08,23882413
1441,3,2,2,2,5,Delhi,East,5.83,2.28,3.28,11336883
4156,3,4,1,1,10,Mumbai,East,3.45,9.78,12.98,35975362
4466,3,4,3,0,2,Pune,Central,9.22,7.3,10.0,22001443
2368,2,1,3,0,22,Delhi,North,3.6,2.17,12.15,14271222
2521,3,2,2,2,2,Delhi,Central,6.24,2.03,2.82,17909138
1213,1,1,3,3,20,Pune,Central,1.36,0.48,1.87,7321873
2965,4,4,1,2,20,Delhi,East,9.69,9.55,11.64,20134782
599,1,1,1,1,23,Delhi,Central,7.58,4.36,12.59,3006653
3592,1,2,3,3,17,Chandigarh,West,9.25,2.84,14.84,16304979
2216,2,2,1,1,1,Delhi,Central,1.31,1.32,5.35,15550862
3638,1,1,2,1,11,Pune,West,6.77,1.92,7.21,18854821
4664,1,1,1,3,16,Pune,North,7.42,6.96,6.47,23232935
630,4,4,1,3,12,Pune,North,3.89,0.21,6.81,4932127
537,1,1,3,0,11,Chandigarh,North,0.57,6.13,7.37,2091728
2033,3,2,2,0,16,Pune,North,8.27,9.25,9.66,10286637
3690,4,3,3,0,6,Pune,South,2.05,2.71,0.99,20284403
2171,1,1,1,0,27,Pune,North,9.76,8.75,12.95,10048004
1909,3,2,3,2,29,Delhi,East,6.29,5.31,12.96,12219302
621,2,1,2,0,5,Mumbai,Central,0.94,0.92,3.1,6192915
4273,3,2,3,3,7,Bengaluru,South,4.77,2.72,12.78,26066323
614,4,3,2,0,28,Pune,East,0.52,6.13,9.36,3312460
1815,2,3,2,3,24,Delhi,North,1.51,8.82,7.76,12395599
2406,1,2,1,0,6,Mumbai,West,3.87,0.28,10.47,19673824
777,4,5,3,3,24,Mumbai,North,9.82,4.23,11.5,8389592
4031,1,1,2,1,14,Bengaluru,West,6.18,1.37,13.88,23541886
1916,5,6,3,2,5,Chandigarh,Central,4.03,7.46,9.1,9679323
4469,3,3,3,3,3,Mumbai,Central,6.06,7.85,5.22,41040520
4193,3,2,3,1,25,Pune,South,6.32,8.91,3.31,20245376
4427,5,6,2,2,14,Mumbai,North,6.33,9.12,4.26,40622568
691,1,1,1,1,7,Bengaluru,North,8.24,8.82,12.89,3527456
888,3,4,1,1,4,Pune,West,9.09,8.96,14.5,3876473
4873,4,4,3,3,22,Bengaluru,West,9.14,2.11,9.27,30553062
847,1,2,3,1,6,Pune,Central,2.16,9.74,5.38,4572176
1734,1,1,3,2,17,Chandigarh,North,8.16,1.73,11.89,8053472
1042,4,4,3,1,9,Mumbai,North,1.62,4.75,11.67,10737097
4999,4,5,1,3,27,Mumbai,South,1.7,8.34,5.46,44981178
1272,5,6,1,3,16,Delhi,East,1.82,9.37,13.05,9940897
3431,3,3,1,0,15,Mumbai,Central,0.34,7.53,1.55,30738389
1060,4,3,1,3,3,Pune,West,9.59,2.76,10.3,5950818
2444,2,1,3,3,28,Bengaluru,East,5.94,7.42,0.25,15611065
2756,3,4,1,2,17,Bengaluru,Central,5.5,2.06,2.97,16909610
4152,3,4,3,0,19,Bengaluru,West,6.62,8.83,3.37,26407304
2160,5,4,1,0,4,Chandigarh,South,1.67,4.77,10.25,11172450
3581,5,4,3,1,29,Chandigarh,East,6.53,9.86,0.93,17564323
2978,4,5,3,3,7,Chandigarh,Central,9.8,3.18,4.13,15422403
2756,1,1,1,2,11,Bengaluru,Central,0.62,4.31,7.02,16610660
2143,5,5,3,3,3,Bengaluru,East,2.42,4.79,6.49,16063632
1654,5,6,3,0,26,Pune,East,9.9,7.82,4.58,9133426
3903,4,5,1,1,26,Delhi,Central,2.18,8.62,10.23,25953236
3817,4,3,1,2,14,Chandigarh,East,0.76,4.66,11.97,17329914
629,4,5,2,2,1,Pune,North,0.83,2.42,11.93,3691547
3814,4,4,2,1,21,Bengaluru,North,6.29,9.18,4.63,24768095
3551,3,4,2,2,11,Mumbai,West,2.03,6.62,5.76,32092900
1873,3,2,2,0,29,Chandigarh,East,8.67,3.35,14.85,8347554
2625,5,5,1,2,22,Mumbai,Central,6.12,0.73,12.66,23784485
1262,5,6,1,1,11,Chandigarh,East,0.32,0.21,9.32,6740007
4124,5,5,3,3,29,Pune,Central,1.66,5.89,9.99,21731517
4256,4,3,3,2,4,Bengaluru,East,6.24,6.33,4.58,28107943
2060,5,6,3,3,27,Chandigarh,East,1.52,3.04,10.0,10351097
4546,2,2,2,2,4,Mumbai,West,6.45,8.84,8.87,39262123
1332,3,4,2,3,29,Bengaluru,East,7.3,0.78,8.81,9145331
1966,1,2,3,0,8,Delhi,West,3.82,1.17,8.66,12422184
1703,3,4,1,3,13,Delhi,West,7.7,9.49,10.81,11803929
4155,3,3,3,0,30,Chandigarh,North,4.37,0.94,0.67,18923626
4971,4,3,3,3,2,Bengaluru,West,4.81,4.01,12.35,32397764
1318,1,1,1,3,13,Bengaluru,Central,7.82,1.69,2.78,8586909
4079,2,1,1,3,21,Mumbai,East,8.3,5.85,13.14,34734618
3561,2,1,3,3,9,Chandigarh,West,1.15,0.59,7.29,16289372
1222,2,3,1,3,3,Delhi,Central,1.14,1.82,2.77,9397200
3280,5,4,1,1,9,Delhi,South,6.85,7.69,14.88,22407457
965,5,5,1,2,23,Mumbai,West,0.8,9.43,12.78,9364220
3282,2,3,2,2,2,Delhi,North,6.11,6.76,9.89,21068977
1566,1,1,2,3,16,Delhi,North,2.34,6.11,8.47,9964791
2988,5,5,2,3,2,Delhi,South,3.08,7.68,11.23,22237385
3107,5,5,3,0,3,Chandigarh,West,8.49,6.25,11.32,14760083
3951,4,5,2,3,9,Pune,North,5.25,8.18,10.89,20553917
1223,2,3,3,0,15,Pune,South,2.74,7.59,10.88,6244523
3589,3,3,3,1,2,Mumbai,Central,8.01,4.68,5.06,32151227
2749,5,5,2,0,26,Chandigarh,West,0.91,7.49,10.74,13062735
703,1,1,1,0,3,Chandigarh,Central,0.4,0.51,7.71,2834281
4285,2,3,3,2,22,Chandigarh,Central,1.89,2.73,7.13,19733839
3509,5,6,1,2,26,Delhi,West,6.73,5.91,7.42,24467492
1465,4,3,3,2,24,Pune,North,1.54,1.9,1.01,8588234
3448,4,3,1,3,13,Pune,South,8.77,2.29,5.02,18958458
1080,5,6,1,2,16,Delhi,Central,1.78,8.27,8.88,8496903
1526,5,5,2,1,10,Chandigarh,East,2.1,2.14,11.04,7491741
875,2,2,3,0,19,Chandigarh,East,0.2,0.38,5.97,4293008
4100,3,4,2,2,18,Chandigarh,Central,6.97,5.31,14.66,18985457
3520,3,3,1,0,10,Delhi,North,3.94,3.87,3.81,23365159
4545,5,5,2,2,26,Chandigarh,South,2.52,3.37,7.32,20930915
4709,4,3,1,0,2,Mumbai,North,1.19,7.96,14.43,41812963
2596,3,3,2,3,22,Mumbai,North,2.29,3.06,12.85,23221908
1458,2,3,1,2,21,Chandigarh,East,6.33,4.35,8.44,6564240
1334,2,3,3,0,27,Pune,North,5.32,2.55,13.4,6551987
3368,2,2,1,2,14,Bengaluru,Central,6.77,1.44,5.33,20899541
3538,3,3,3,0,22,Pune,North,8.54,9.33,14.59,17484050
2891,4,3,1,2,20,Mumbai,Central,5.93,6.72,10.75,26394236
4668,1,1,1,1,27,Chandigarh,North,9.59,4.46,9.42,20868823
997,4,4,2,0,14,Pune,Central,4.99,1.32,1.44,7225972
3889,3,2,3,0,9,Chandigarh,South,4.23,7.21,7.41,17203951
3124,4,5,3,3,9,Pune,East,3.52,2.13,12.94,15959940
2667,1,2,1,0,23,Delhi,North,7.95,5.9,10.11,16986752
3196,2,2,1,1,25,Delhi,West,5.1,4.0,9.27,19849869
1049,5,6,1,1,4,Mumbai,East,4.38,9.41,6.54,11459055
4430,4,3,1,1,22,Bengaluru,East,5.43,3.52,9.94,26553930
1865,3,2,2,3,9,Pune,East,5.4,9.03,10.64,10576795
2079,4,3,3,0,1,Delhi,East,2.32,8.87,1.46,15985719
3287,5,4,3,2,25,Bengaluru,West,1.38,7.31,8.63,20168626
4999,2,3,3,1,30,Delhi,South,7.36,6.32,3.72,33554815
3420,5,5,1,0,5,Mumbai,South,1.78,6.4,0.98,32443191
3591,3,3,1,2,5,Pune,East,3.68,9.02,1.95,19146322
513,3,3,2,1,2,Bengaluru,West,9.22,9.36,2.5,5841047
4291,2,3,2,3,25,Pune,West,2.52,8.79,12.33,21258270
4044,2,1,3,3,20,Chandigarh,Central,8.5,4.26,0.74,19485931
585,4,3,2,2,9,Mumbai,East,7.52,5.69,9.54,6708705
4590,4,4,2,1,22,Bengaluru,North,2.7,3.19,5.53,28340341
2902,5,5,3,0,3,Bengaluru,West,4.39,6.48,14.31,18794266
891,5,6,1,2,24,Delhi,East,5.69,9.82,7.87,7568604
3438,3,3,2,1,18,Delhi,West,5.95,2.89,0.68,23946738
4887,5,4,2,3,25,Mumbai,South,3.02,2.1,14.61,44224005
1657,3,4,1,0,16,Bengaluru,East,5.39,8.85,14.18,9312843
1751,5,6,3,1,1,Pune,North,6.6,8.43,14.18,9788598
4943,5,6,2,2,17,Pune,West,9.69,7.01,6.14,26101696
3279,4,3,3,3,2,Pune,South,9.09,9.98,2.63,18195865
3510,5,5,2,3,21,Mumbai,North,7.71,3.87,8.57,32354433
4724,3,4,3,0,12,Mumbai,Central,0.51,0.65,5.3,41313512
2685,5,4,2,3,9,Pune,East,9.6,2.22,9.89,14763144
3485,3,3,3,0,14,Mumbai,North,1.23,0.42,2.74,31832634
1162,5,5,2,3,29,Mumbai,West,0.47,2.78,10.71,12425990
1977,5,6,3,0,7,Delhi,South,9.54,2.96,5.85,14931158
1388,1,2,3,3,11,Pune,East,0.22,3.64,3.77,7403395
4069,3,3,2,3,5,Chandigarh,South,9.17,1.57,8.16,19870629
1325,1,1,1,2,25,Bengaluru,South,9.1,0.77,8.91,8795056
977,3,2,3,0,23,Chandigarh,East,7.94,3.03,5.93,5237029
2360,4,4,2,1,21,Delhi,West,5.81,8.71,13.95,17208924
1744,1,2,2,1,14,Chandigarh,South,4.42,3.2,5.61,8435202
1588,1,2,2,0,2,Chandigarh,Central,7.48,3.69,8.81,6882285
3316,2,3,3,2,19,Mumbai,East,2.35,6.57,13.58,28452641
1661,2,2,3,3,8,Mumbai,West,6.72,8.43,5.53,16017067
4680,2,2,2,1,8,Delhi,North,4.5,2.49,6.3,30742746
3089,1,2,2,1,7,Pune,West,6.54,2.86,5.88,15724079
4260,1,1,3,1,13,Mumbai,East,3.52,4.11,5.22,37256117
1092,3,4,3,3,10,Bengaluru,Central,3.08,2.27,4.13,7565341
4303,2,3,1,3,13,Bengaluru,South,3.39,6.75,10.81,26619399
1310,5,5,2,1,29,Delhi,West,1.85,3.4,2.75,10423621
3479,4,3,2,0,5,Pune,South,7.76,0.83,9.39,18591770
1537,5,6,3,0,21,Delhi,East,4.56,9.46,12.39,10474042
874,2,2,2,0,28,Bengaluru,West,9.13,3.92,12.6,5112675
1676,1,1,3,1,13,Pune,East,7.1,1.94,7.07,7419195
752,4,3,1,3,0,Bengaluru,South,5.1,1.21,3.13,7286779
4259,1,1,1,2,24,Mumbai,East,9.29,3.61,5.07,36118139
3993,3,4,1,2,17,Delhi,Central,8.36,4.7,10.26,26633765
1504,5,5,1,3,15,Mumbai,East,3.24,4.05,5.48,16026480
3006,1,1,1,0,7,Chandigarh,South,9.84,8.28,8.41,12918243
1473,2,1,3,2,20,Chandigarh,West,6.51,0.4,10.92,6452673
3975,5,6,2,3,10,Delhi,Central,3.11,2.72,5.85,27733385
2163,5,4,2,1,7,Bengaluru,North,6.36,5.97,8.15,14169944
3442,1,1,1,3,25,Mumbai,North,5.76,9.01,14.55,29259815
789,2,2,2,1,26,Bengaluru,Central,4.57,3.22,9.19,5026803
2973,3,2,2,1,30,Delhi,North,3.44,2.47,13.36,18886782
3453,4,5,3,2,27,Delhi,Central,3.78,4.81,4.14,25344086
2028,2,3,1,2,5,Pune,West,2.0,8.44,2.0,10636614
2670,5,5,1,2,20,Bengaluru,North,9.35,2.36,12.58,17506458
1335,3,4,2,0,9,Pune,Central,3.6,7.79,4.08,7129492
4172,5,4,1,1,13,Bengaluru,East,9.61,3.48,11.72,26438763
3985,1,1,3,1,9,Chandigarh,North,2.23,3.89,0.32,18576511
1857,2,2,1,3,6,Pune,Central,6.04,8.95,2.75,10946066
4613,3,2,3,2,4,Delhi,Central,0.83,7.39,4.96,30935921
4855,1,1,2,2,12,Delhi,East,10.0,4.01,5.93,31469783
4592,5,4,2,1,1,Chandigarh,East,8.67,7.01,0.32,22172738
1778,3,3,3,0,6,Delhi,North,4.55,6.68,10.39,12398796
3066,1,1,1,3,5,Bengaluru,East,1.13,3.83,10.69,18990978
2542,4,4,2,0,1,Delhi,North,5.61,8.0,5.12,17654913
2521,2,3,3,0,19,Delhi,South,7.36,0.65,8.34,16780248
3085,4,5,3,1,5,Delhi,North,9.44,6.78,10.58,21479722
4311,3,4,2,0,24,Pune,West,4.16,4.06,4.68,21221877
4997,3,4,1,1,6,Chandigarh,East,3.18,4.8,13.13,22872851
1894,1,1,2,1,10,Chandigarh,Central,7.23,1.49,14.12,8062328
4228,4,4,1,2,21,Mumbai,North,8.07,4.12,3.0,38568220
4448,3,3,1,0,13,Pune,West,6.09,5.65,6.19,22138686
1159,3,3,3,2,26,Chandigarh,West,3.0,6.6,9.9,5461964
3382,2,2,1,2,13,Mumbai,West,2.2,7.71,4.57,29402680
2865,4,4,3,2,0,Pune,Central,4.68,4.23,8.41,15423677
631,5,6,2,2,28,Pune,North,2.03,2.14,7.19,4342103
786,5,6,2,1,2,Pune,East,4.35,5.66,13.35,5369131
752,4,3,1,0,27,Bengaluru,East,2.67,1.32,2.29,5783429
2445,2,3,2,0,2,Bengaluru,North,0.42,9.37,13.56,15313659
1719,4,3,3,3,9,Delhi,West,2.79,2.37,10.18,12887772
3586,3,3,2,1,11,Pune,Central,6.5,5.29,10.29,18071648
527,5,5,1,0,15,Pune,South,5.99,9.73,5.55,3420097
2830,3,4,1,1,12,Chandigarh,East,0.35,2.26,7.87,13153560
3029,2,3,1,0,4,Chandigarh,South,8.64,1.81,0.58,14123017
1695,2,2,1,1,8,Bengaluru,Central,8.88,4.92,10.52,10238273
2182,2,1,1,1,22,Chandigarh,West,4.02,0.21,7.11,10522607
2148,2,2,3,2,5,Pune,North,8.13,3.54,5.96,11421115
3202,4,5,1,3,0,Pune,West,4.42,5.9,11.41,17752732
1442,3,3,3,3,29,Pune,Central,1.4,2.06,3.33,7955722
1147,3,4,2,2,17,Pune,East,1.2,1.6,12.96,5666319
3361,5,5,2,1,13,Chandigarh,East,1.18,9.27,8.47,16266908
2225,3,2,2,1,12,Chandigarh,West,4.36,1.53,6.35,10934535
816,5,4,1,2,6,Mumbai,West,3.32,9.93,10.24,9303947
1295,3,3,2,3,1,Delhi,North,2.64,2.5,3.05,9429919
884,3,3,3,2,28,Bengaluru,South,7.79,9.39,2.3,6689021
2892,2,2,3,0,7,Delhi,South,6.01,7.64,3.02,20109046
1245,3,2,3,2,17,Pune,Central,3.51,1.25,10.52,6999959
789,3,4,2,1,23,Bengaluru,South,3.68,2.95,4.08,5920319
3544,3,2,1,2,16,Chandigarh,Central,2.66,2.68,9.51,16100254
1845,4,3,2,3,19,Pune,Central,7.51,9.78,9.0,10492816
1916,2,3,2,0,20,Mumbai,East,4.43,5.37,4.24,16376527
3637,3,3,1,3,30,Chandigarh,North,2.69,2.74,7.43,16559735
919,5,4,3,3,1,Mumbai,West,5.01,0.93,0.71,12050450
3498,4,4,3,0,22,Pune,North,6.94,9.93,6.06,18544882
915,3,2,3,3,11,Chandigarh,West,5.22,2.93,2.59,5341188
1594,5,5,1,3,15,Pune,East,8.26,9.23,11.9,9330330
4394,3,2,1,3,0,Chandigarh,East,2.97,5.19,7.76,20250382
2232,5,5,3,2,7,Bengaluru,West,6.76,8.03,4.01,15365669
4699,5,4,2,1,30,Chandigarh,North,4.14,0.85,7.84,23304257
2349,3,3,3,3,18,Delhi,West,4.77,6.61,1.73,16977719
4868,1,1,2,1,25,Delhi,South,2.68,6.9,10.92,30912088
3991,2,1,3,2,10,Bengaluru,West,1.4,9.64,2.02,25281041
2763,5,4,2,3,2,Delhi,North,9.23,0.56,12.87,19961895
564,3,3,1,2,19,Bengaluru,South,1.26,5.34,11.42,3485251
2194,3,3,1,2,17,Chandigarh,East,6.34,4.27,14.48,9502746
792,4,5,2,1,25,Chandigarh,South,6.57,2.26,10.51,4591298
1331,1,1,2,0,26,Mumbai,East,2.58,9.5,5.49,10451486
773,5,6,2,2,19,Pune,North,9.01,9.98,11.35,5130278
2120,1,1,3,2,0,Delhi,East,7.88,9.75,8.85,13741035
659,1,1,3,2,5,Mumbai,Central,7.67,5.3,3.22,7123518
4828,3,3,2,1,14,Chandigarh,Central,3.46,0.29,3.16,22679040
2365,3,2,3,1,22,Bengaluru,East,3.92,0.29,4.4,15099962
4994,4,3,3,2,3,Pune,North,9.17,5.08,6.1,26133670
3379,2,3,3,2,17,Bengaluru,Central,4.97,7.95,13.76,21082571
2412,4,5,2,0,12,Mumbai,East,9.14,2.69,11.63,20989247
3997,1,2,2,2,6,Chandigarh,Central,9.53,4.54,10.42,17415833
2246,3,3,2,0,9,Bengaluru,Central,6.64,0.35,1.15,14775673
1684,2,3,1,0,18,Bengaluru,South,8.9,2.6,8.7,9728148
1825,2,2,1,0,24,Mumbai,South,4.43,5.61,12.53,15476723
572,3,4,1,1,19,Mumbai,West,6.42,6.79,10.26,5205855
532,5,5,3,0,29,Chandigarh,West,6.64,1.64,12.65,2503808
1901,2,1,3,3,6,Delhi,West,7.6,8.83,14.47,13407283
2387,5,6,2,2,20,Bengaluru,North,0.2,8.09,5.09,15989800
2172,3,4,2,3,29,Pune,South,2.03,8.05,14.59,10899356
3472,5,4,1,1,0,Chandigarh,North,0.6,8.13,8.37,16907991
4698,4,4,3,2,11,Bengaluru,North,7.08,9.71,6.64,28941422
2805,4,4,3,3,5,Pune,South,0.35,3.04,9.69,14866196
4230,5,6,1,3,23,Mumbai,West,5.51,2.97,4.99,38644878
793,2,1,3,2,15,Mumbai,East,4.64,5.25,2.17,7824599
3991,2,1,1,2,4,Delhi,West,5.04,7.61,7.91,26263620
2133,2,1,2,1,15,Delhi,East,1.68,2.73,2.46,14132379
2006,4,4,2,1,4,Pune,Central,4.8,5.21,9.62,10583755
973,1,2,3,0,18,Mumbai,North,4.21,1.86,11.4,7851113
2482,1,2,3,2,1,Bengaluru,South,8.64,0.35,1.79,15734952
2869,3,2,3,0,9,Pune,West,3.62,1.49,2.07,15004033
919,3,2,2,2,15,Chandigarh,West,3.33,5.95,1.34,4951058
4123,1,1,2,1,6,Mumbai,East,4.45,4.7,14.55,34417937
2400,4,3,3,2,16,Mumbai,East,5.06,4.72,10.68,22302325
3415,1,1,1,0,23,Delhi,North,4.79,8.91,11.55,21017175
3058,2,2,2,3,26,Pune,North,8.67,9.27,0.55,16313439
3682,3,3,2,2,18,Delhi,South,6.36,8.61,8.35,24680702
560,4,5,1,2,2,Mumbai,West,6.52,8.77,9.06,7709136
3465,3,2,1,2,26,Pune,South,3.29,3.63,11.48,18293036
1437,4,4,3,3,21,Delhi,South,1.92,8.1,13.35,10483834
3767,2,1,3,1,6,Chandigarh,West,5.23,4.37,13.38,17665328
3468,5,6,3,3,11,Bengaluru,East,3.12,9.51,2.44,23271854
739,3,3,1,3,18,Bengaluru,Central,2.25,9.5,1.1,5514098
2726,1,1,1,3,21,Bengaluru,North,7.75,8.25,10.54,16271320
3501,1,1,3,2,0,Delhi,South,1.57,5.79,11.12,23920758
1664,1,2,3,2,21,Delhi,East,2.51,3.87,2.9,11938477
1837,5,6,3,1,24,Pune,Central,1.02,1.98,7.24,10655722
3488,3,3,2,2,0,Mumbai,Central,6.85,8.22,8.54,32358823
4935,3,3,2,3,12,Chandigarh,North,1.65,0.42,9.5,23148785
1745,1,1,2,2,30,Delhi,West,5.48,6.7,11.16,11232772
2998,1,1,2,2,13,Mumbai,West,2.07,9.83,12.15,25124308
2475,1,1,2,1,3,Pune,West,2.03,3.77,2.11,11899686
2795,1,2,1,1,11,Delhi,Central,4.55,0.42,0.8,18380720
932,4,4,2,2,24,Chandigarh,West,2.73,7.62,11.67,5226074
595,3,2,3,1,29,Chandigarh,East,3.49,1.14,11.82,2779716
1048,1,1,1,2,22,Pune,North,5.6,2.23,5.24,5599499
2748,1,1,1,2,21,Pune,West,7.8,8.13,8.65,13669929
2287,4,3,1,2,11,Mumbai,South,9.28,0.51,11.65,20960230
1854,5,6,2,3,24,Delhi,South,0.97,6.86,6.23,14151630
4338,4,3,1,2,20,Delhi,North,6.21,6.36,11.06,29599605
3706,1,1,2,2,12,Delhi,East,5.03,6.41,2.91,24542028
4447,4,3,3,1,11,Delhi,South,2.01,5.02,5.21,29529095
1729,1,1,3,3,18,Pune,East,4.53,6.62,5.24,8570710
934,5,6,2,1,28,Bengaluru,East,2.88,9.86,12.41,6772923
2612,3,4,3,2,11,Mumbai,North,3.84,2.11,1.89,23634975
1084,5,5,3,3,20,Delhi,Central,8.55,6.33,13.85,8630086
1977,4,4,3,1,12,Pune,East,9.17,9.74,4.08,11259472
1363,5,4,2,3,17,Chandigarh,East,0.67,6.79,14.8,7491078
3099,5,5,2,3,1,Delhi,Central,0.9,7.21,5.98,23149887
1926,4,5,2,3,20,Mumbai,South,0.69,5.34,0.69,19622881
4090,3,2,3,2,8,Pune,West,8.46,1.97,1.13,21692050
2215,2,2,1,2,2,Pune,West,9.12,9.4,0.39,11651456
543,1,1,1,1,19,Chandigarh,West,4.12,3.74,12.43,2590317
1150,5,4,3,0,15,Mumbai,South,6.48,7.77,9.64,11131663
1297,1,1,1,2,29,Bengaluru,North,2.93,4.83,12.73,7394529
1219,3,2,2,2,5,Bengaluru,Central,1.9,5.74,13.7,8207607
2813,2,2,2,1,15,Delhi,West,1.33,4.14,6.98,18782604
3563,2,3,3,1,8,Bengaluru,North,3.6,2.03,5.35,21430909
1377,4,3,2,2,27,Mumbai,Central,4.45,1.6,2.69,14223463
2821,5,5,2,1,10,Mumbai,Central,6.47,9.91,13.21,26122988
2348,5,5,2,0,3,Bengaluru,North,6.01,9.33,13.17,15344320
1110,4,4,3,0,0,Chandigarh,West,4.09,9.91,2.51,6145325
2514,1,2,3,3,15,Bengaluru,East,1.98,9.65,8.77,15111825
2915,2,2,3,1,11,Delhi,West,7.04,5.45,13.3,18697820
3249,5,4,3,3,28,Chandigarh,Central,3.82,8.91,7.07,15306085
689,1,1,3,3,20,Bengaluru,South,1.37,8.82,11.73,4268240
2217,4,3,3,2,17,Delhi,North,3.28,2.6,11.33,15226997
4840,2,3,2,2,15,Bengaluru,North,8.85,9.51,10.8,30476083
3331,1,1,3,3,7,Pune,North,7.29,0.49,0.54,17278301
2866,4,5,2,0,0,Pune,North,9.87,2.87,7.45,14968078
1347,4,4,3,2,1,Chandigarh,East,5.09,8.78,1.81,7502048
948,2,2,1,1,14,Bengaluru,Central,7.7,4.17,13.11,5495476
3316,3,3,2,1,6,Pune,East,3.2,0.68,10.2,17310856
3499,2,3,3,1,18,Delhi,East,4.04,8.47,12.14,22014847
2903,2,2,2,3,9,Chandigarh,West,5.93,3.82,5.42,14164918
4788,1,1,1,2,25,Pune,North,8.12,9.67,9.61,23746423
2749,2,2,1,3,16,Bengaluru,Central,8.97,2.06,5.28,18040235
1571,2,2,1,0,7,Bengaluru,West,8.55,5.88,7.9,9982794
4193,5,6,2,1,5,Mumbai,West,3.7,8.93,8.99,37902719
631,4,5,3,0,29,Chandigarh,North,5.6,1.23,14.87,2718980
4164,4,5,3,3,5,Pune,East,1.58,8.3,11.47,21882986
4440,5,6,1,0,29,Bengaluru,East,0.37,4.17,13.91,27214590
3555,5,5,2,3,6,Delhi,East,5.47,9.45,6.27,24679997
2529,1,1,1,3,1,Pune,West,0.37,4.9,12.91,12933460
3606,2,1,2,0,9,Pune,North,5.33,5.46,4.77,18904474
764,5,6,3,1,10,Pune,North,5.5,2.41,14.62,5430990
2578,1,1,2,2,0,Chandigarh,North,7.84,5.75,3.6,11964070
4477,5,4,2,3,23,Chandigarh,South,2.7,4.96,7.62,21846317
4762,4,4,3,3,27,Mumbai,South,5.08,8.28,12.28,41271471
4521,1,1,2,3,23,Delhi,Central,6.99,6.38,12.1,29663931
618,4,3,2,1,10,Chandigarh,South,9.32,7.42,8.55,2391267
3062,1,2,1,1,0,Mumbai,West,7.91,3.77,14.83,24870847
2270,1,2,2,0,8,Pune,West,8.95,5.12,9.76,11876909
4440,1,2,1,2,7,Delhi,East,5.84,1.41,10.42,28487500
4614,4,5,1,0,25,Chandigarh,Central,3.97,7.44,11.66,22100351
4103,4,5,2,1,11,Delhi,Central,0.54,8.22,3.16,27938056
4075,2,3,2,3,6,Pune,North,0.94,9.48,13.82,22036884
833,5,4,3,1,15,Chandigarh,Central,3.45,4.08,8.88,4920863
559,5,5,1,2,22,Mumbai,South,7.21,8.13,6.9,7696862
1207,5,5,2,2,6,Bengaluru,North,7.45,6.13,6.0,9635406
4807,5,4,1,3,23,Delhi,Central,5.97,5.85,1.17,33569662
4407,5,4,2,1,21,Bengaluru,East,2.45,2.65,8.13,28447591
4161,2,2,1,2,29,Bengaluru,South,9.14,8.37,10.38,25050842
899,4,5,3,2,0,Chandigarh,West,9.59,7.3,13.28,5169478
4152,2,3,1,3,3,Mumbai,Central,0.58,4.45,10.17,36870350
2035,5,5,3,0,30,Delhi,Central,8.39,6.16,5.95,15448610
4764,5,4,2,2,2,Chandigarh,Central,3.46,4.23,9.12,23070995
610,1,1,2,1,27,Bengaluru,South,5.68,5.54,3.24,4014283
1162,5,5,3,1,10,Delhi,South,5.55,8.45,2.72,10345986
4346,1,1,1,2,7,Chandigarh,West,5.58,2.14,8.29,19142213
3552,5,5,3,2,13,Delhi,Central,5.56,2.71,10.13,24918416
948,5,4,1,2,18,Pune,West,9.91,2.8,1.12,6843952
1564,5,6,1,1,17,Chandigarh,East,1.22,5.52,4.85,8986389
4279,2,3,1,0,4,Delhi,Central,9.49,0.6,13.8,28468602
763,1,2,1,0,10,Bengaluru,East,9.74,3.16,10.46,4409086
4912,3,3,3,0,24,Mumbai,Central,1.6,4.56,5.46,43059719
751,5,6,2,2,3,Delhi,North,1.89,0.51,6.88,7339881
3770,2,1,2,0,5,Chandigarh,South,1.69,1.1,3.75,17575849
2720,1,1,1,0,0,Bengaluru,North,9.46,9.34,3.54,16275801
2017,2,2,3,3,1,Pune,South,3.56,0.95,6.02,10834044
1991,4,4,2,3,15,Bengaluru,East,1.43,4.58,8.63,14543779
2565,3,3,2,1,29,Mumbai,South,4.99,1.54,14.05,22115449
3958,5,5,3,3,16,Delhi,South,1.64,7.7,11.21,27553416
1375,2,2,1,3,21,Mumbai,South,6.77,8.97,1.05,13704146
4279,2,2,2,3,30,Pune,South,2.88,6.48,7.13,22664361
2650,1,2,1,3,13,Bengaluru,South,9.13,0.48,11.61,15439778
3029,5,6,1,1,24,Bengaluru,South,1.0,6.95,3.56,19501672
2559,2,2,3,0,5,Bengaluru,Central,6.05,6.54,5.73,15815412
3444,1,1,3,0,20,Pune,South,3.47,4.53,8.03,17667027
1600,2,1,2,2,12,Chandigarh,South,7.56,3.9,13.06,6596069
3026,4,5,3,3,6,Chandigarh,North,9.28,1.03,4.21,14569631
1400,4,3,1,3,18,Pune,Central,5.31,2.92,3.31,8906514
886,5,5,2,2,21,Pune,North,8.27,7.89,13.4,6109475
1227,5,6,2,3,21,Mumbai,West,5.31,4.45,3.04,12360371
3132,5,6,3,0,24,Bengaluru,South,1.37,9.36,4.52,20194332
740,5,5,1,1,15,Mumbai,Central,8.63,1.16,3.76,9628812
2609,1,2,1,2,25,Chandigarh,South,0.26,0.67,2.38,11682238
2249,5,6,3,2,10,Bengaluru,South,6.27,9.19,7.06,15540052
4928,1,1,3,3,4,Bengaluru,East,8.95,4.28,11.81,29310243
2324,5,4,2,3,16,Delhi,Central,3.75,1.69,5.03,16677585
1104,5,5,2,1,26,Chandigarh,Central,3.75,9.37,8.57,6442202
1367,5,5,1,1,15,Bengaluru,East,6.44,3.12,2.9,9573174
4870,2,3,2,2,10,Pune,East,7.57,3.88,7.39,25176107
1573,4,5,1,1,20,Delhi,Central,9.37,8.51,13.82,11920712
2480,1,1,2,3,22,Chandigarh,East,9.75,3.57,9.79,9916410
2985,4,3,3,1,30,Pune,West,2.57,6.98,1.16,15967044
1998,1,1,1,0,4,Bengaluru,East,6.61,0.95,9.13,11977425
547,2,2,1,0,15,Mumbai,North,2.08,5.47,4.33,5634395
3220,3,2,3,0,3,Bengaluru,West,3.82,2.29,13.3,19445472
633,4,5,2,0,11,Chandigarh,Central,9.77,4.98,1.05,4108884
2553,2,2,1,2,15,Bengaluru,Central,2.83,4.8,1.33,16530878
3739,2,2,3,2,3,Pune,East,0.23,7.25,12.54,19725971
3494,3,3,3,0,9,Bengaluru,East,4.99,6.51,13.79,20350571
4497,1,2,3,1,24,Chandigarh,West,3.33,8.89,0.93,20182710
3809,3,2,1,2,17,Delhi,South,7.95,2.95,12.59,26004296
4483,1,1,2,2,4,Chandigarh,East,9.27,2.33,10.46,20481919
4338,1,2,2,2,16,Bengaluru,South,2.47,2.67,7.11,26165902
984,5,4,1,3,28,Bengaluru,North,3.05,8.12,13.82,6384717
595,1,1,3,1,26,Delhi,South,6.3,1.7,12.7,2566237
4925,4,3,2,2,14,Pune,West,2.99,3.31,4.79,26189180
3592,3,4,3,2,3,Bengaluru,South,4.12,1.48,5.38,23758622
4825,3,2,2,1,12,Mumbai,West,1.1,6.27,2.62,42788921
997,1,1,3,1,22,Delhi,East,0.86,8.7,6.0,5944018
1774,4,5,1,1,19,Delhi,Central,7.02,5.89,10.46,12756214
2877,4,4,3,3,23,Chandigarh,North,2.53,9.89,7.61,13987968
3994,2,1,1,2,9,Delhi,South,9.21,7.09,11.58,26784045
1452,5,5,3,2,17,Bengaluru,South,6.19,9.12,11.91,10235281
1789,2,2,3,1,21,Mumbai,North,2.0,8.85,5.28,16447549
3071,2,1,2,0,22,Chandigarh,East,7.28,7.28,12.26,13076947
1660,4,4,3,3,18,Chandigarh,West,5.5,7.11,5.49,9073791
4448,5,6,1,0,12,Pune,East,8.59,9.61,10.39,24169460
3638,2,1,1,3,17,Pune,North,2.47,5.67,11.84,19174700
2660,4,4,1,2,3,Mumbai,West,3.04,9.92,12.28,24008493
1121,3,2,1,3,17,Pune,West,7.16,5.37,7.82,6649257
2072,3,3,2,3,3,Pune,West,5.56,9.22,14.88,10874453
1569,5,5,2,3,27,Delhi,Central,6.72,3.84,14.18,12266899
4781,5,4,3,2,0,Mumbai,East,4.39,7.79,7.16,44349745
3754,4,3,1,3,5,Pune,North,5.05,2.03,13.95,19537058
2956,3,3,1,1,22,Chandigarh,Central,5.79,8.81,3.1,14098547
3733,1,2,1,3,13,Chandigarh,East,5.1,2.67,13.68,17546057
2880,4,3,1,1,23,Mumbai,Central,0.94,0.32,9.21,25259174
1909,3,3,1,2,12,Pune,East,6.23,4.37,2.08,10998174
2037,2,2,3,1,18,Delhi,North,6.02,8.05,4.12,12870997
2347,2,3,1,0,26,Bengaluru,West,5.62,5.72,11.09,13333309
3108,4,5,3,0,6,Pune,South,10.0,4.47,6.54,16038006
2429,2,3,1,2,4,Pune,West,4.86,7.24,5.19,12890129
3511,1,1,1,2,4,Mumbai,East,2.1,8.64,3.95,31739680
4441,3,3,1,2,22,Delhi,North,4.71,4.41,13.48,28872255
4300,2,2,3,0,11,Bengaluru,West,4.13,0.57,11.58,25383102
2330,3,3,2,2,8,Delhi,Central,4.07,9.83,3.82,15899046
1014,2,1,3,1,15,Pune,Central,0.52,6.27,1.02,5209286
2342,4,5,1,1,29,Mumbai,West,8.23,9.13,12.23,21231419
765,5,6,3,2,10,Chandigarh,East,7.65,7.66,11.88,3954461
4331,1,2,2,0,16,Chandigarh,North,6.89,5.4,1.43,19583748
1387,1,1,3,2,1,Mumbai,South,0.91,9.4,6.99,11438542
3717,3,2,2,2,21,Delhi,North,5.97,5.59,1.36,25130026
2197,3,3,2,1,18,Chandigarh,West,7.72,0.9,13.85,10799340
1116,4,3,3,2,13,Chandigarh,East,2.33,7.64,11.81,5866441
1125,5,5,1,1,30,Pune,West,9.5,3.62,2.86,7373707
3281,4,5,3,1,30,Chandigarh,North,7.84,6.48,1.1,16392040
4987,3,4,2,0,2,Mumbai,East,9.86,6.62,6.92,43688213
4163,1,1,2,3,16,Bengaluru,West,0.83,1.54,2.88,26115861
3187,4,4,3,1,14,Delhi,West,0.67,7.24,13.68,22506308
1724,3,3,3,1,13,Bengaluru,South,9.97,1.17,10.3,10719400
4930,4,3,3,2,23,Bengaluru,West,3.54,2.71,13.21,29795547
757,1,1,3,0,28,Pune,West,2.26,3.79,13.23,2066923
2441,3,3,3,1,22,Mumbai,South,1.58,8.25,13.31,21139990
1634,4,3,1,1,30,Bengaluru,Central,7.19,9.37,1.16,11268848
3146,5,6,2,3,3,Chandigarh,West,7.65,1.98,2.71,16380303
1853,4,3,1,3,6,Bengaluru,East,8.06,5.74,13.54,12974491
1190,4,4,1,0,30,Pune,Central,6.12,3.52,4.62,6715379
2422,3,3,1,0,27,Bengaluru,East,4.55,1.93,10.0,14344768
1035,5,5,3,0,9,Chandigarh,Central,4.04,4.5,12.0,5265792
4196,4,4,2,2,4,Pune,North,8.77,3.55,5.02,22595304
1806,2,2,2,3,8,Pune,North,6.36,8.88,12.0,9377812
1370,4,3,3,3,28,Pune,West,3.62,5.04,6.37,7978113
602,3,3,2,2,4,Mumbai,South,7.44,7.43,6.53,6928637
2735,1,2,2,1,17,Delhi,West,2.8,2.37,3.1,17670768
1812,2,3,1,3,3,Pune,South,1.23,8.4,6.24,9723461
1034,5,4,2,3,4,Chandigarh,Central,9.3,2.53,6.47,6498883
718,5,6,2,1,2,Bengaluru,North,1.52,2.71,14.61,5959545
3911,1,1,2,2,27,Delhi,East,4.47,2.88,8.92,24835125
2585,2,2,2,1,27,Delhi,South,9.23,0.69,2.76,16836930
3967,5,6,1,3,24,Bengaluru,South,9.47,1.02,3.33,26078251
4981,2,2,2,0,20,Bengaluru,Central,4.54,7.73,4.12,30335221
4341,3,4,2,1,15,Mumbai,West,0.25,9.35,7.77,38414880
1688,4,4,2,1,16,Chandigarh,South,6.64,8.73,13.41,8500718
3748,5,4,3,1,30,Bengaluru,East,2.36,7.21,7.92,23475367
3912,2,2,2,3,9,Pune,North,1.25,6.39,8.61,20218705
1772,5,6,3,3,16,Delhi,West,9.61,2.41,10.94,12835116
4786,2,3,3,2,21,Pune,South,3.38,8.6,9.2,24229226
2221,5,5,2,0,24,Pune,Central,9.88,7.96,14.9,11874295
4627,2,2,1,2,17,Pune,East,6.67,6.59,2.62,24019383
3683,5,5,2,2,15,Chandigarh,South,8.68,4.29,11.3,16782190
4474,2,2,2,3,6,Chandigarh,North,1.27,8.98,0.72,21557889
4684,3,4,3,2,19,Mumbai,South,7.34,9.96,12.0,41057310
3572,3,2,1,3,24,Bengaluru,East,9.88,3.74,12.34,21953734
1044,2,2,2,1,28,Mumbai,West,5.68,6.36,14.04,8672541
4290,3,3,2,2,11,Bengaluru,East,3.64,5.62,9.7,25974742
1420,3,2,2,3,8,Mumbai,South,1.43,1.61,13.38,13436748
889,5,5,2,2,30,Bengaluru,Central,8.72,5.51,5.04,6491531
838,1,1,3,2,29,Pune,Central,4.82,8.56,9.75,3850100
2532,1,1,1,2,29,Chandigarh,South,4.83,8.03,0.89,11163996
3963,3,3,3,2,3,Delhi,South,6.62,4.78,7.15,27492769
3012,1,1,1,2,5,Bengaluru,North,9.08,2.42,10.65,18061077
2823,1,1,1,0,25,Bengaluru,Central,4.53,7.51,13.97,15923009
2260,3,2,2,0,20,Pune,East,8.96,9.65,7.28,11012309
3353,2,2,1,0,10,Mumbai,South,8.9,9.76,8.46,27922506
4599,3,4,3,0,5,Mumbai,North,4.44,7.82,8.4,40532792
1591,4,5,3,1,9,Chandigarh,South,8.25,6.44,3.59,9073207
883,5,4,1,3,0,Mumbai,East,2.33,8.27,8.81,10742453
727,4,4,1,0,11,Bengaluru,East,8.59,9.11,6.85,5253094
3830,2,2,3,0,9,Bengaluru,North,5.68,0.65,13.99,22668246
1244,4,4,3,0,20,Mumbai,West,5.49,1.66,5.36,12669449
1333,4,3,3,1,7,Pune,Central,9.38,3.04,10.4,7870465
4572,1,1,1,1,7,Chandigarh,South,8.93,1.28,0.78,20427865
2073,1,2,1,0,23,Mumbai,Central,3.72,3.38,7.85,16982167
4033,2,2,3,1,27,Delhi,North,9.39,7.93,14.47,25001500
700,4,5,2,1,3,Mumbai,West,4.63,7.4,7.62,8700255
4354,1,1,1,0,4,Mumbai,West,5.52,4.51,5.97,37650093
3250,2,3,2,0,9,Chandigarh,South,7.38,3.74,10.46,15259915
2426,1,1,3,0,18,Chandigarh,West,3.28,6.41,10.39,11023971
3373,3,3,1,2,7,Bengaluru,South,8.78,8.29,5.33,22376151
4307,1,2,1,2,5,Mumbai,West,7.48,1.01,7.95,37021154
2651,4,5,1,2,4,Bengaluru,East,5.95,6.4,12.09,17865115
1773,2,3,3,0,5,Chandigarh,Central,3.34,2.12,12.23,7820158
4215,2,1,3,3,10,Mumbai,North,6.8,3.27,10.58,37053163
3184,4,5,3,0,11,Delhi,East,8.85,2.38,1.87,22065377
1068,4,4,3,0,15,Chandigarh,Central,2.1,5.12,6.56,6612097
4594,3,3,1,2,3,Chandigarh,East,3.02,9.83,5.73,21574592
1521,5,5,1,1,26,Delhi,East,6.44,7.52,13.93,11828539
924,4,4,1,3,23,Pune,West,1.84,0.31,9.39,4904376
709,1,2,2,0,19,Delhi,Central,1.94,0.33,6.38,3796075
1188,5,6,1,3,23,Mumbai,Central,3.25,9.18,6.22,12713758
4708,4,3,3,1,13,Delhi,Central,9.47,3.9,13.11,31550277
1063,1,1,3,1,0,Mumbai,South,4.32,1.07,3.19,9667194
3192,2,1,3,1,25,Chandigarh,South,6.08,5.36,7.84,13809829
4775,2,3,3,0,9,Chandigarh,East,0.37,2.66,4.78,21262601
4104,4,4,2,0,3,Bengaluru,South,4.22,3.98,10.57,26040420
2791,4,5,3,2,18,Chandigarh,North,2.54,2.15,7.54,13458509
4096,2,2,2,2,12,Chandigarh,East,5.73,4.14,14.51,18885833
3598,4,3,3,2,30,Mumbai,North,2.73,2.6,10.78,32868386
3510,1,2,1,2,0,Chandigarh,North,6.05,3.05,10.79,16055214
1276,5,4,1,2,9,Chandigarh,Central,7.02,7.1,10.3,6418459
701,2,1,1,3,27,Bengaluru,South,9.39,8.3,12.89,3501614
2054,3,3,1,1,22,Pune,West,0.41,7.89,1.31,10706841
4918,3,2,3,3,4,Mumbai,Central,3.93,3.46,12.87,43784511
4539,5,6,3,3,30,Delhi,Central,7.54,4.12,1.42,31506282
2278,4,5,3,0,21,Pune,South,8.94,4.95,13.91,12125671
1631,3,3,3,3,28,Pune,Central,0.21,3.92,11.12,8697193
4874,5,6,2,0,23,Chandigarh,North,3.3,1.15,6.6,22424854
822,5,4,2,1,6,Chandigarh,South,3.8,4.82,12.05,4624217
4050,4,5,2,0,11,Pune,South,0.88,5.62,8.72,21161676
2309,3,4,2,2,14,Mumbai,Central,5.9,2.56,6.81,20540707
2303,3,2,2,3,15,Chandigarh,West,6.87,1.26,14.43,10466792
1938,4,3,1,3,2,Mumbai,South,1.78,4.21,9.99,18370284
4314,4,4,1,2,9,Chandigarh,Central,7.63,5.55,9.84,21282190
2417,5,5,1,2,4,Bengaluru,Central,3.38,5.33,1.89,17249460
4728,3,3,1,2,29,Mumbai,North,5.21,2.09,13.05,40267508
4691,2,3,3,1,0,Mumbai,East,9.1,5.33,9.2,40210170
2849,2,2,1,2,24,Chandigarh,Central,9.82,7.36,12.79,12528547
4835,2,1,2,0,0,Pune,East,1.15,4.77,6.66,24822454
1448,3,2,1,2,8,Mumbai,East,5.32,6.16,5.86,14595203
2438,5,4,1,1,0,Mumbai,South,4.15,7.28,10.32,24584480
1344,4,5,2,2,23,Chandigarh,Central,3.59,5.35,3.64,7730530
854,2,1,1,3,25,Delhi,East,6.8,2.7,11.74,5435740
4838,1,1,1,1,3,Bengaluru,Central,3.07,4.61,3.58,29172876
2065,2,3,1,2,19,Pune,South,5.24,8.3,1.33,11505060
2867,4,3,2,1,24,Mumbai,East,5.08,9.77,14.22,25072551
3647,5,4,1,2,28,Chandigarh,South,0.4,4.08,14.13,17358433
3837,1,2,1,3,2,Pune,North,0.5,7.69,12.56,19911689
2854,3,3,3,1,1,Pune,East,7.96,4.79,10.27,15829516
2628,4,5,3,1,1,Bengaluru,Central,3.55,0.48,6.05,17926959
1694,4,5,2,3,16,Pune,North,4.07,5.27,12.62,9173385
4325,4,4,3,3,26,Delhi,North,6.71,6.9,7.33,30319572
769,1,1,3,0,0,Mumbai,Central,7.45,0.95,13.83,6078644
1883,5,6,3,3,1,Bengaluru,East,9.18,9.57,13.92,13547296
3546,4,4,3,0,15,Bengaluru,South,8.49,3.69,3.64,22960643
4688,5,5,2,1,24,Pune,North,8.04,5.15,5.78,24924017
1183,5,4,3,1,22,Delhi,East,2.45,2.0,11.71,9445403
3365,2,3,3,0,10,Delhi,West,1.11,0.94,12.56,21536013
739,2,1,1,2,20,Pune,North,8.1,2.63,5.72,4072336
4000,5,5,3,0,18,Delhi,North,5.16,0.81,13.85,28075173
1249,5,4,2,2,8,Delhi,West,2.31,5.37,3.76,10846268
695,3,4,1,1,27,Delhi,South,5.58,3.97,9.79,5701710
4011,4,4,1,2,2,Delhi,East,4.47,0.92,7.58,29309452
2066,5,4,2,2,16,Bengaluru,East,9.56,5.92,0.83,14637814
2443,2,2,2,0,6,Bengaluru,North,1.61,1.84,0.87,15468310
3134,1,1,2,3,8,Pune,North,9.68,4.5,14.26,16105799
2470,2,2,3,3,28,Mumbai,South,8.35,7.62,7.87,20950767
2601,4,5,2,0,21,Chandigarh,West,1.18,7.93,10.34,13168128
3157,4,3,2,3,14,Delhi,Central,5.59,6.0,0.63,23372699
4124,1,2,3,3,4,Pune,East,2.18,3.24,11.16,20960359
4200,4,3,2,3,14,Delhi,Central,6.41,6.85,12.13,28183698
4310,1,1,2,3,15,Delhi,East,9.56,7.12,14.91,28354021
4972,3,2,1,2,30,Bengaluru,East,2.99,4.57,4.82,30380322
4402,1,2,2,2,22,Mumbai,Central,2.29,6.74,10.12,36180649
2915,4,5,3,2,1,Chandigarh,West,5.31,6.29,1.55,14002574
1570,4,5,3,2,19,Bengaluru,Central,5.82,7.61,4.24,10807439
1845,2,2,3,3,9,Pune,Central,6.19,5.32,0.31,10544262
1758,2,1,3,1,20,Pune,Central,8.65,3.0,2.52,9642120
4002,5,5,2,0,16,Delhi,South,9.67,3.76,1.12,28190075
3406,3,3,3,1,17,Bengaluru,North,8.89,7.71,3.11,21642625
4707,3,3,3,2,1,Delhi,South,7.32,4.37,13.89,31355672
3702,2,3,1,0,3,Delhi,East,7.48,4.88,5.75,24277698
2526,2,1,2,2,4,Chandigarh,Central,7.35,0.55,5.6,11353071
2282,1,1,1,2,14,Pune,West,7.89,8.8,10.78,11245833
2325,4,5,3,1,13,Pune,East,0.98,5.07,10.53,11923363
2621,2,2,3,2,18,Delhi,West,3.09,8.06,10.51,18402320
3424,3,4,1,0,30,Mumbai,Central,9.06,1.18,9.91,28989118
1709,2,1,2,0,27,Bengaluru,West,3.44,1.9,3.3,10954921
740,5,6,1,2,19,Chandigarh,Central,5.57,1.11,5.79,4989537
4234,4,4,3,3,22,Mumbai,North,5.47,5.99,5.34,37297618
2519,2,1,2,0,9,Pune,South,7.21,9.3,12.0,12159108
753,2,3,2,3,3,Pune,West,7.13,7.39,4.42,4863709
1593,1,1,1,0,3,Pune,Central,6.19,1.96,8.29,7635852
2063,3,2,3,0,21,Pune,Central,2.55,5.52,10.82,10986341
1517,5,6,2,2,14,Chandigarh,North,7.24,1.03,8.69,8664505
3228,4,4,1,3,29,Mumbai,West,2.2,0.5,7.8,29344233
4053,5,4,1,0,9,Pune,Central,7.25,0.96,3.52,22261126
3630,1,2,3,0,28,Pune,South,2.53,2.69,0.21,18134429
1518,4,5,1,1,24,Bengaluru,West,8.4,7.32,5.42,10387817
2328,4,3,2,0,9,Mumbai,North,1.21,9.06,8.62,22123673
2995,1,1,1,3,4,Bengaluru,South,9.61,1.08,10.31,17862506
4368,2,1,1,3,12,Pune,West,6.4,3.65,1.34,23162721
1071,3,4,2,1,25,Mumbai,East,7.51,6.38,6.52,10131301
816,2,2,3,1,30,Delhi,South,0.22,1.38,11.31,5388766
3495,1,1,2,2,27,Mumbai,South,3.36,3.44,8.54,29085170
2961,1,2,1,0,19,Bengaluru,East,5.72,7.05,12.06,17587869
3161,3,3,2,3,15,Delhi,South,1.62,3.06,4.7,22041749
775,3,3,3,2,7,Pune,West,2.43,1.2,10.99,4976882
1089,1,1,1,3,9,Pune,East,5.97,9.17,13.49,5446143
1686,3,2,3,2,26,Mumbai,North,4.45,9.64,5.98,15504574
4601,5,4,2,2,18,Mumbai,Central,3.26,7.66,12.52,41367756
1287,4,5,3,3,24,Chandigarh,West,9.92,0.21,3.12,7149300
1995,5,4,3,3,6,Chandigarh,West,3.1,1.35,6.19,10538039
736,4,5,2,2,0,Chandigarh,East,5.24,4.79,11.16,4297317
1069,1,1,2,2,16,Pune,East,6.3,0.99,10.48,4716793
1841,2,3,3,3,11,Delhi,Central,5.47,9.25,9.03,12562865
1117,3,4,3,1,4,Delhi,South,4.1,8.14,12.83,7802206
2282,4,5,2,1,9,Bengaluru,South,0.97,5.45,4.83,15423481
3089,2,3,2,1,18,Mumbai,North,7.05,5.02,13.3,25987619
1945,2,3,1,2,8,Mumbai,East,9.7,8.14,11.32,16399922
4418,4,4,3,1,22,Chandigarh,North,8.08,6.45,1.16,21194162
3938,1,1,2,2,30,Delhi,East,4.21,5.25,11.24,24344266
3936,1,1,1,0,5,Pune,West,3.73,4.04,11.94,19394033
4014,2,2,2,1,17,Mumbai,South,4.77,2.16,8.46,33414734
4568,4,5,2,0,29,Pune,North,7.58,4.45,8.3,23675614
537,1,1,1,2,21,Mumbai,Central,7.82,5.16,7.74,4124882
1541,4,5,3,1,2,Mumbai,West,1.62,0.34,9.45,15348361
1499,1,1,3,1,23,Delhi,South,7.38,6.18,2.72,9476706
2603,4,5,2,1,30,Delhi,North,1.94,2.61,0.46,18778198
1336,1,1,1,1,8,Bengaluru,West,4.51,7.03,9.58,8643800
4322,2,2,3,3,25,Delhi,Central,6.63,1.72,4.17,28036320
2163,3,2,1,1,9,Bengaluru,West,2.41,9.2,3.03,13830987
2446,3,2,2,0,16,Pune,South,0.5,7.38,3.88,13472780
4983,2,2,1,0,21,Chandigarh,North,4.9,9.66,3.78,22368938
2922,1,1,2,2,20,Pune,South,7.76,6.3,7.24,14196181
3521,2,1,3,0,15,Pune,Central,9.82,3.92,9.65,17993604
2635,4,4,1,1,22,Pune,West,4.6,6.93,8.18,13703745
3761,3,2,2,3,11,Bengaluru,North,5.38,3.91,5.94,23924195
668,4,4,3,3,20,Pune,South,4.09,5.44,9.5,4413538
885,1,1,1,1,18,Chandigarh,East,9.25,9.96,9.08,3717526
4001,3,4,2,3,18,Pune,East,7.52,9.58,7.4,21413179
2175,1,2,2,3,15,Mumbai,East,6.92,4.62,6.41,19140173
4394,5,4,3,3,25,Delhi,West,3.32,5.37,14.21,29852443
3681,2,3,1,0,15,Delhi,South,1.57,1.52,10.73,23799074
2878,5,5,3,2,13,Delhi,West,3.8,7.83,5.02,19847257
2220,3,4,2,0,13,Delhi,West,6.97,1.63,8.95,14804720
2946,4,4,2,1,0,Chandigarh,South,9.96,3.69,6.54,14161872
3707,4,4,3,2,5,Chandigarh,South,8.13,5.95,9.6,17766528
1654,5,4,2,1,25,Mumbai,East,8.16,1.99,8.99,16525946
3583,1,1,2,3,23,Mumbai,East,6.38,2.77,4.33,32003292
2213,2,1,3,0,2,Pune,North,9.34,4.89,8.51,10609814
3861,4,4,3,0,10,Bengaluru,Central,9.06,8.86,7.73,25225206
3228,3,2,1,0,29,Delhi,Central,9.32,8.98,2.25,21792023
2912,3,2,2,1,19,Bengaluru,South,7.97,5.04,12.88,16744986
2936,5,6,2,2,5,Delhi,Central,3.94,4.62,0.39,21997741
2695,1,1,2,0,13,Chandigarh,Central,1.07,7.35,9.11,12478877
3234,4,3,3,2,8,Chandigarh,East,7.85,9.29,14.85,14986892
2966,2,2,2,1,9,Bengaluru,East,7.33,9.7,8.63,18298599
2285,3,3,1,3,20,Bengaluru,East,7.38,6.23,13.04,14730274
2935,4,4,1,1,3,Chandigarh,South,7.81,3.41,9.94,14070499
517,2,2,1,3,24,Chandigarh,South,0.93,4.86,6.44,2435894
1371,3,2,1,0,9,Delhi,East,7.21,3.82,6.46,9781661
1102,2,2,1,1,5,Delhi,West,9.5,9.9,7.37,8865193
3864,5,5,1,3,8,Mumbai,North,6.47,4.67,6.98,35906730
3269,3,3,1,2,30,Bengaluru,West,3.58,1.23,14.38,19380460
588,2,1,1,3,25,Bengaluru,North,9.89,0.92,6.13,4710159
4933,2,3,3,3,21,Delhi,Central,9.74,9.91,9.82,32514158
3774,5,4,1,1,12,Bengaluru,West,8.14,6.55,13.18,23603782
3043,4,3,2,2,2,Delhi,East,2.31,4.96,14.42,20428949
997,2,3,3,0,28,Delhi,Central,1.99,1.41,1.08,6633521
1552,4,4,2,3,6,Chandigarh,East,9.54,6.62,7.08,8429342
1431,2,2,3,0,30,Delhi,East,3.55,1.7,8.82,8387228
3016,1,1,2,1,14,Mumbai,East,9.9,2.58,12.61,23754313
2583,3,2,1,2,10,Mumbai,South,2.76,1.13,2.23,23396750
3631,2,2,3,0,30,Pune,North,3.53,5.24,12.81,17175301
1908,5,6,1,2,25,Delhi,North,4.9,6.65,6.6,14548912
1193,4,4,1,3,17,Delhi,West,6.75,8.48,5.45,9326189
3375,4,3,1,1,5,Delhi,East,3.15,4.94,6.19,23492148
1234,5,4,3,3,3,Bengaluru,North,6.48,8.17,5.37,9359795
3961,4,4,3,2,13,Bengaluru,North,8.2,7.14,12.47,25156538
3862,2,3,1,0,22,Delhi,South,8.12,2.72,8.79,25192278
4724,1,1,3,1,18,Pune,South,2.51,2.99,1.86,22677207
2338,3,2,1,3,29,Pune,North,8.55,2.14,14.57,11960613
2519,5,4,3,1,10,Chandigarh,West,7.77,9.72,14.16,12372056
4217,2,2,1,3,25,Delhi,West,2.24,7.13,4.41,28389863
4171,5,6,1,2,12,Chandigarh,North,4.82,6.35,12.76,19870698
4864,4,4,3,2,16,Delhi,West,7.2,2.33,2.81,34173724
4955,3,2,2,1,10,Delhi,North,2.49,0.73,6.55,32642374
4450,5,5,1,1,13,Bengaluru,South,9.67,3.55,14.86,27980962
759,1,1,1,2,19,Pune,North,4.79,8.13,13.86,2592544
2099,1,1,2,3,17,Mumbai,East,9.44,1.83,4.53,18522397
2709,5,4,1,2,9,Pune,East,4.18,0.64,14.37,14709613
972,2,2,2,2,2,Delhi,South,2.09,4.67,0.51,7880006
1449,1,2,2,3,27,Chandigarh,North,3.32,5.36,11.76,6004828
3836,4,5,3,2,17,Chandigarh,North,1.65,6.86,1.75,18611519
3311,5,5,3,1,1,Bengaluru,West,3.5,4.1,13.66,22144458
4461,5,4,2,0,20,Delhi,West,9.36,3.1,3.78,30495705
1107,3,4,1,2,16,Bengaluru,South,7.79,2.78,5.0,8634776
3621,1,1,2,1,7,Chandigarh,West,5.27,5.81,2.12,16787102
3490,4,4,1,2,16,Delhi,Central,3.84,6.26,8.72,24432202
3290,3,4,2,0,22,Delhi,East,5.82,4.4,4.1,22202496
2741,4,3,1,0,20,Chandigarh,South,3.37,9.39,1.33,14150762
909,5,6,3,3,11,Delhi,South,0.69,5.02,7.14,8257035
3535,4,3,2,2,18,Chandigarh,West,6.48,0.83,11.06,16642669
4536,1,1,3,0,7,Delhi,Central,8.04,4.73,2.4,29250014
1518,1,2,3,0,11,Mumbai,East,1.08,4.06,9.05,12737004
2046,3,3,2,3,4,Bengaluru,East,6.29,7.65,10.94,13965116
4059,5,6,1,2,24,Delhi,North,9.34,3.48,14.52,28081327
2488,1,1,3,1,23,Delhi,Central,6.7,9.91,12.39,15085958
4824,2,3,1,3,21,Delhi,West,8.99,3.19,1.62,32664442
1606,2,1,1,2,22,Chandigarh,Central,8.89,4.64,11.62,7541756
4911,4,3,2,0,10,Chandigarh,West,8.13,9.51,7.09,23436820
1399,5,5,2,3,0,Pune,Central,7.98,3.72,14.36,8602669
3143,4,4,3,0,20,Mumbai,North,8.13,8.27,10.69,27537453
2162,4,3,2,2,28,Bengaluru,South,5.66,6.91,2.24,14080586
4587,4,3,2,0,15,Delhi,North,3.69,7.72,14.68,30247795
3590,2,1,3,0,1,Pune,North,0.75,6.84,5.06,19459972
4217,4,5,3,3,2,Pune,East,3.62,7.73,5.96,22622701
3736,5,4,3,0,15,Pune,West,4.45,4.96,4.69,20105289
4507,3,3,3,3,14,Pune,Central,9.0,8.14,4.97,22663259
2927,1,2,3,1,16,Pune,East,5.16,1.04,0.89,13997401
3311,3,3,3,1,26,Bengaluru,North,7.3,8.19,13.1,20140761
937,5,4,2,2,5,Delhi,West,4.18,5.27,3.08,9357738
3165,1,2,3,2,13,Mumbai,Central,5.15,3.8,11.28,26908609
3237,4,4,2,2,1,Bengaluru,South,3.48,1.32,12.55,22114483
4043,4,4,2,2,29,Bengaluru,Central,7.39,8.99,6.6,25409677
3307,5,4,1,0,2,Chandigarh,Central,3.29,7.84,10.13,16592816
1208,2,1,3,3,12,Delhi,Central,5.78,2.19,4.53,9170185
4379,1,1,3,3,5,Mumbai,West,1.01,8.84,13.75,36933073
1198,1,1,2,2,14,Mumbai,Central,2.24,3.0,1.87,10018836
950,4,5,1,2,27,Delhi,North,6.77,2.41,3.76,8507634
4684,5,6,2,2,25,Mumbai,North,8.93,6.3,14.85,42608441
606,1,1,3,0,8,Chandigarh,North,3.76,2.1,5.6,2741786
1367,2,2,2,3,8,Delhi,East,1.84,0.39,3.58,9324373
2874,4,3,2,2,16,Delhi,East,5.88,3.96,1.59,19972258
1068,4,3,1,3,15,Chandigarh,South,5.98,7.46,4.92,5932430
4851,5,4,1,1,27,Bengaluru,West,9.95,4.54,2.98,31149533
763,4,5,3,1,26,Delhi,South,1.89,0.86,10.14,6273118
3338,2,2,1,1,11,Chandigarh,South,4.41,7.25,8.49,15288669
3865,5,6,2,2,9,Mumbai,Central,6.5,1.72,6.33,35966386
4344,3,4,3,3,2,Pune,North,1.66,3.59,0.84,23091474
2196,3,2,3,2,12,Chandigarh,West,8.32,1.49,13.84,10280762
4296,1,2,1,3,29,Mumbai,West,1.0,6.75,0.41,37356458
2599,3,4,2,1,12,Chandigarh,West,1.04,5.44,13.35,13143223
3448,4,5,2,2,17,Bengaluru,West,8.62,4.79,3.36,21929813
1881,3,2,2,3,12,Mumbai,South,2.54,2.72,4.75,18227657
2387,4,4,1,0,20,Mumbai,North,3.81,5.58,11.22,21259741
4496,5,6,1,2,8,Mumbai,South,5.15,8.57,11.32,40803214
1484,3,3,3,0,26,Pune,East,2.71,0.78,5.2,8798661
3343,3,2,3,0,29,Delhi,South,3.5,4.92,10.13,21672116
3602,4,3,1,0,24,Pune,North,1.86,9.43,4.94,19357628
4183,2,2,3,3,11,Bengaluru,Central,2.23,9.89,12.5,25352107
2637,1,2,3,0,6,Bengaluru,Central,0.77,2.34,14.43,14163717
4439,5,6,1,2,26,Pune,North,3.26,9.23,8.14,23886790
3939,4,4,3,3,0,Bengaluru,East,3.23,6.94,8.62,26321881
543,3,4,3,0,15,Mumbai,West,3.85,1.01,12.88,4444354
4663,3,2,1,0,0,Bengaluru,South,2.33,8.34,10.69,28815587
1513,5,6,3,2,28,Bengaluru,South,4.46,1.12,10.95,10762189
2277,4,4,3,2,19,Delhi,East,7.7,7.45,0.34,17415005
1459,1,1,2,3,15,Mumbai,West,7.23,1.6,5.07,12098599
1568,5,4,2,1,5,Mumbai,South,5.68,6.7,1.12,16611570
1000,3,3,2,1,27,Mumbai,North,8.63,3.93,14.48,8771415
4934,5,6,1,1,8,Bengaluru,Central,1.26,3.85,3.79,32375801
707,4,4,3,2,24,Delhi,West,5.75,2.77,9.19,5875239
4294,3,2,3,1,20,Bengaluru,West,7.98,0.47,12.19,25813442
1569,4,3,1,3,17,Pune,West,5.18,6.54,7.85,8970053
3128,2,2,2,3,7,Pune,East,4.37,2.16,12.3,16444349
4202,1,1,3,3,13,Chandigarh,South,1.75,6.78,3.71,19483064
3496,1,2,2,1,10,Chandigarh,East,8.09,4.38,14.99,14800208
3488,1,1,1,0,14,Delhi,North,4.71,6.03,12.7,21897766
4575,3,4,3,0,9,Mumbai,West,5.84,0.25,0.81,40888619
3498,4,5,3,3,23,Bengaluru,South,7.37,7.84,14.45,21955051
4437,4,3,2,3,16,Chandigarh,East,9.4,6.72,0.9,21345118
2166,1,1,3,1,13,Mumbai,South,3.64,9.13,8.44,18024174
1580,3,2,3,2,19,Bengaluru,Central,3.86,1.56,13.24,10443487
2651,2,3,3,0,23,Delhi,North,3.43,1.54,10.93,17364216
713,4,3,1,0,2,Delhi,South,4.7,1.53,4.86,6931939
1322,4,3,2,2,17,Mumbai,Central,2.83,3.93,5.45,12900229
1150,5,6,3,3,12,Pune,East,7.98,7.43,13.9,6729622
2913,4,3,3,3,4,Pune,East,4.66,0.29,6.05,16715546
3967,3,4,3,1,30,Bengaluru,Central,6.12,4.16,11.66,23937999
2894,2,2,2,2,3,Bengaluru,East,6.32,4.5,7.4,19411600
3308,4,5,1,0,7,Chandigarh,West,1.7,3.77,1.69,15899571
2705,2,3,1,1,2,Chandigarh,North,7.53,5.27,9.93,12987372
3260,3,3,2,3,3,Pune,East,5.0,2.61,7.71,17719544
4595,5,4,3,0,2,Mumbai,South,7.91,6.31,12.62,40914887
2093,4,4,2,0,10,Bengaluru,West,6.13,3.41,8.68,13953080
609,5,4,2,3,11,Mumbai,East,6.68,2.93,11.49,7704276
4992,3,4,1,0,20,Pune,West,3.89,9.05,4.39,26010022
4211,3,4,3,3,14,Bengaluru,North,5.25,4.75,6.09,26104853
864,4,5,3,1,16,Chandigarh,South,3.73,8.5,5.05,4885719
4158,4,3,1,0,30,Delhi,Central,4.72,8.28,10.56,27668137
2568,5,4,3,3,4,Chandigarh,Central,1.66,3.66,5.19,13287708
2650,5,5,3,2,1,Bengaluru,Central,3.02,0.5,1.59,19318168
1841,1,2,2,3,26,Delhi,Central,6.24,9.3,7.6,11843576
4137,5,4,2,1,3,Mumbai,South,3.42,6.7,14.93,37939019
4168,1,2,3,2,29,Pune,West,3.77,1.85,11.41,20426814
2406,4,5,1,1,11,Bengaluru,West,2.39,2.9,8.88,15425681
2272,5,4,2,1,2,Delhi,West,8.86,7.92,9.46,17529313
2862,1,2,2,1,15,Chandigarh,North,7.54,5.8,4.82,12376049
3643,5,6,3,1,6,Bengaluru,South,1.76,3.47,0.63,24181470
3699,1,2,2,3,3,Bengaluru,West,6.03,7.82,11.1,21957911
2248,2,2,1,1,17,Delhi,North,2.07,2.7,4.29,14882175
2317,2,3,3,3,21,Mumbai,West,0.75,8.19,9.38,20387840
3241,1,2,2,1,28,Mumbai,West,2.4,1.24,14.32,26096928
3686,4,4,3,0,13,Bengaluru,North,7.11,8.32,13.19,22074630
2692,1,1,2,2,28,Mumbai,North,8.82,5.51,13.61,21910083
4994,3,3,1,2,12,Mumbai,East,3.71,0.29,11.48,43377100
3840,4,3,1,3,19,Pune,Central,2.86,7.37,10.19,20631013
4478,5,6,3,3,1,Mumbai,West,9.49,5.47,0.69,41408962
3155,2,2,1,3,7,Delhi,North,2.03,2.51,11.94,21107323
3242,2,3,1,1,27,Pune,Central,4.99,3.24,2.59,16054202
1539,2,2,2,1,10,Mumbai,South,0.25,4.2,9.52,14024621
1099,2,1,2,1,24,Chandigarh,South,2.83,4.22,1.15,5078852
4761,1,1,3,0,0,Pune,East,3.84,6.76,6.59,24212098
4001,4,5,1,1,14,Mumbai,South,5.04,1.29,1.92,36617969
4786,4,5,2,1,12,Pune,South,4.42,6.62,2.55,25753471
4685,3,4,2,0,6,Chandigarh,East,5.05,9.95,6.97,22291728
4814,1,1,2,2,12,Chandigarh,West,3.67,7.45,7.51,21780151
1176,5,5,3,0,6,Pune,Central,9.02,7.67,12.73,6957703
2485,3,3,2,0,3,Mumbai,East,4.22,9.43,6.65,22800368
1077,2,2,3,0,28,Pune,South,6.97,2.74,13.54,5768376
1922,2,2,2,2,4,Chandigarh,South,6.44,1.58,9.82,8942411
2072,5,5,3,3,20,Pune,Central,3.99,9.89,11.47,11196292
927,3,4,1,3,30,Mumbai,East,2.71,9.18,7.6,8410588
2431,2,3,1,3,3,Delhi,Central,6.59,8.63,2.28,17670614
2560,1,1,3,2,4,Mumbai,North,5.37,8.53,1.09,22347741
3867,3,3,1,1,1,Pune,South,0.84,0.98,11.45,19669326
915,4,3,1,2,6,Mumbai,South,1.6,7.6,10.87,9535508
2229,2,3,1,2,15,Mumbai,West,1.39,1.22,13.47,19062248
2241,4,4,3,0,3,Pune,North,6.26,1.47,0.23,12780588
2971,5,6,1,1,4,Pune,East,9.27,0.45,10.68,16761166
3302,4,5,1,0,13,Mumbai,North,9.47,9.74,14.29,29597767
1253,5,4,3,0,16,Bengaluru,East,2.68,2.41,1.09,8948659
937,5,5,2,2,16,Chandigarh,South,2.05,4.22,1.95,5810206
4994,3,2,3,1,6,Delhi,Central,9.38,1.26,1.67,33332973
578,3,4,2,1,17,Pune,South,4.07,9.21,8.03,3899405
2218,1,1,3,2,16,Mumbai,Central,1.55,2.38,8.74,18993551
2471,4,5,3,3,15,Chandigarh,Central,4.19,7.76,6.6,12400521
2249,4,4,2,0,13,Bengaluru,West,2.47,1.94,14.93,14606238
3866,5,6,3,2,30,Delhi,South,3.73,4.75,4.28,27175177
2305,2,1,1,1,17,Chandigarh,Central,7.25,8.99,2.43,10165659
2362,3,3,2,2,7,Delhi,East,7.31,9.14,6.3,16724843
4238,5,5,1,0,5,Delhi,West,5.62,9.43,9.71,29737185
602,4,4,3,0,19,Pune,South,3.04,8.92,2.76,4113927
996,3,3,3,3,26,Bengaluru,South,2.14,1.46,3.65,7519946
2834,1,1,3,0,0,Chandigarh,West,1.4,8.06,11.8,12552696
3284,4,4,3,1,6,Delhi,East,4.67,2.01,5.69,22974798
4503,4,3,2,3,6,Pune,West,8.32,2.86,13.57,24082524
2306,5,5,1,3,18,Delhi,Central,7.18,9.86,8.21,17453494
4736,5,6,2,2,10,Mumbai,South,3.39,5.51,2.72,44348653
2104,4,5,3,2,11,Pune,South,9.51,0.55,11.24,11433663
784,2,3,3,3,4,Mumbai,Central,8.74,3.71,9.47,7636921
656,2,2,1,3,3,Chandigarh,Central,1.81,5.13,7.52,3439421
3413,4,5,2,0,25,Delhi,Central,8.76,9.5,0.68,24119009
4675,3,4,1,1,23,Pune,Central,5.46,6.37,14.92,23328452
3559,4,5,1,0,28,Mumbai,South,6.2,8.05,6.23,31290284
4953,2,3,3,0,12,Chandigarh,South,0.57,1.68,2.05,21720659
4082,1,1,3,3,6,Mumbai,East,9.17,8.84,0.68,36260871
2915,3,4,1,3,21,Delhi,West,0.63,2.5,6.07,20768273
1963,5,6,1,0,15,Pune,West,3.4,3.01,13.25,10667520
4283,4,3,1,2,19,Mumbai,Central,8.1,9.06,11.9,37781795
1058,5,4,2,1,14,Pune,West,8.33,9.52,2.44,8388433
3069,1,1,2,0,29,Chandigarh,Central,7.26,9.97,4.04,13428607
3868,4,5,3,3,17,Bengaluru,West,9.36,1.8,0.41,26069779
1068,3,3,2,2,23,Delhi,Central,0.46,8.29,2.82,7886390
4299,2,2,3,2,28,Pune,West,2.4,9.46,0.4,21619700
2880,1,1,1,3,15,Bengaluru,South,7.42,2.58,7.66,17523240
3268,2,1,1,1,30,Pune,West,0.27,3.62,9.19,16174031
3819,2,3,2,1,4,Delhi,Central,0.5,1.09,1.34,26146441
840,1,1,3,1,8,Mumbai,North,8.99,3.36,1.5,8135698
2357,4,5,1,3,24,Delhi,Central,7.93,8.17,3.47,17669878
4150,4,5,1,3,18,Delhi,West,7.14,5.44,11.71,27582982
1218,4,4,1,3,11,Bengaluru,Central,9.51,7.09,4.94,9522035
3014,4,5,1,3,24,Pune,East,8.13,8.23,8.68,15647596
2352,2,2,1,0,3,Bengaluru,North,4.72,4.89,2.83,15675155
2107,3,4,2,1,21,Mumbai,East,2.77,1.89,0.47,19445419
2117,3,2,1,3,13,Delhi,North,8.59,7.89,12.55,15040714
4570,2,2,3,3,8,Mumbai,South,1.04,3.41,6.77,40877693
698,1,2,1,1,28,Mumbai,South,8.87,5.24,8.8,5044854
3541,4,4,3,2,19,Chandigarh,South,5.31,2.08,4.14,17874172
1332,3,3,2,0,30,Bengaluru,East,2.57,0.97,0.56,7965158
1871,3,4,2,3,7,Bengaluru,Central,7.77,7.22,9.24,12255768
996,5,4,3,1,12,Mumbai,West,4.17,1.16,14.64,10837111
4126,4,5,1,0,4,Mumbai,South,8.05,7.34,14.48,36073637
524,3,2,2,3,19,Pune,North,2.48,2.94,14.58,3653115
2656,4,5,3,1,24,Bengaluru,South,5.69,9.14,8.63,16637751
3830,4,5,3,1,11,Chandigarh,North,3.98,3.7,0.21,18036790
3873,5,6,3,1,8,Mumbai,East,1.37,3.24,6.63,35332510
2252,4,3,3,0,28,Pune,South,9.45,4.21,0.58,11919093
4775,3,4,1,3,7,Mumbai,West,6.25,5.28,11.47,41916276
794,3,2,3,1,19,Bengaluru,West,4.57,5.7,0.2,6056517
4731,2,1,2,2,22,Bengaluru,South,4.32,8.88,11.38,28446605
1072,4,3,2,0,11,Chandigarh,West,7.0,0.88,11.23,5570279
2658,2,3,1,1,6,Delhi,Central,1.64,2.02,5.06,17888264
3946,2,2,1,0,17,Delhi,East,9.78,8.49,6.93,26209630
903,4,4,3,1,9,Bengaluru,North,1.22,0.7,12.91,6742699
4062,4,4,3,2,13,Pune,East,7.44,2.67,13.47,21131462
3947,3,4,1,0,30,Chandigarh,East,5.81,1.72,3.25,18908499
2463,5,4,3,0,12,Bengaluru,East,9.83,4.87,2.6,16648493
2358,3,2,1,1,5,Chandigarh,Central,3.83,7.51,2.76,10837669
4527,1,1,2,3,21,Chandigarh,West,8.13,2.02,4.49,20944493
2927,2,1,3,3,6,Chandigarh,North,6.43,9.98,6.95,12931781
4304,2,2,2,0,26,Chandigarh,West,2.43,2.59,13.41,18510160
746,3,3,1,2,15,Pune,South,4.2,8.11,6.57,4301714
4959,3,4,2,0,7,Mumbai,Central,4.81,9.73,1.32,44716671
2573,5,5,1,1,7,Pune,East,2.56,5.77,0.26,14353714
4713,5,5,3,1,7,Bengaluru,North,4.4,7.02,8.15,29874492
4163,4,3,2,3,15,Bengaluru,Central,2.75,6.24,13.86,26249862
2543,3,4,3,3,26,Pune,South,9.82,9.46,2.72,13247285
1464,1,2,2,1,14,Delhi,North,9.83,0.55,9.98,8911027
4365,4,4,1,3,17,Pune,North,1.98,6.09,12.47,22717575
1665,5,5,3,3,17,Pune,North,4.68,9.9,11.3,9164516
1018,2,1,2,1,20,Delhi,Central,3.43,4.22,12.99,5340459
2856,4,4,1,2,13,Bengaluru,North,4.74,8.01,11.03,18177272
4458,5,6,1,2,16,Bengaluru,East,6.98,7.17,5.79,28449072
3248,5,6,1,2,7,Mumbai,East,1.37,1.3,1.39,30840462
620,1,1,3,1,20,Chandigarh,South,4.38,3.55,10.2,2331235
2946,3,3,2,2,30,Pune,East,4.07,1.18,11.48,15493747
3725,5,4,3,1,1,Delhi,South,4.02,5.28,5.0,26501301
3030,1,1,2,2,29,Pune,Central,0.37,5.62,8.76,14461089
1518,4,3,2,3,24,Delhi,South,5.34,6.04,9.56,11222921
824,3,4,3,0,13,Chandigarh,North,2.35,0.86,11.26,3243462
3575,2,1,2,2,24,Bengaluru,Central,0.49,9.85,1.3,22137470
4816,2,1,3,0,25,Mumbai,South,6.83,1.43,12.9,39985724
4312,1,2,1,0,20,Mumbai,North,4.78,6.79,4.07,35651241
552,4,3,3,1,2,Chandigarh,North,2.86,5.53,14.58,2915692
3822,3,4,3,2,23,Bengaluru,North,8.02,3.63,7.21,23506467
984,4,5,1,2,17,Bengaluru,West,4.47,9.5,5.48,7684713
4138,3,4,3,2,29,Mumbai,East,8.0,0.28,12.67,36401966
669,2,3,2,3,6,Chandigarh,North,9.05,9.14,11.57,3177682
1790,4,5,2,2,6,Mumbai,South,1.01,3.69,6.62,17851931
3843,2,3,2,1,20,Delhi,South,0.82,9.48,11.53,24559936
4581,3,4,2,0,17,Bengaluru,North,7.53,5.84,12.79,28022362
1024,3,3,1,1,24,Chandigarh,North,8.95,2.02,2.04,4414132
4502,1,2,3,1,6,Delhi,East,0.81,1.06,6.59,29407350
3555,5,6,2,2,7,Delhi,East,1.2,7.16,5.57,24984058
4565,4,3,1,1,10,Mumbai,East,7.39,0.82,8.98,40347251
1511,4,3,3,0,29,Chandigarh,West,9.16,1.91,13.41,6934782
1311,2,1,2,1,5,Bengaluru,West,1.84,1.1,8.72,8059732
1382,3,4,1,3,12,Mumbai,East,1.8,4.92,7.06,13856544
980,1,1,2,0,26,Delhi,North,9.97,7.77,13.18,5372441
1022,5,6,1,1,25,Mumbai,East,0.99,0.62,4.36,11146955
4154,5,4,2,2,27,Delhi,East,8.19,5.59,13.06,28670669
3863,2,1,1,3,3,Bengaluru,East,4.53,8.92,7.12,23958062
4723,5,4,2,3,3,Delhi,Central,7.94,2.52,14.24,33327573
4420,5,4,3,2,22,Bengaluru,East,0.77,0.26,2.54,28609724
3545,4,4,2,3,12,Delhi,North,3.6,6.7,7.33,25124694
4138,1,1,3,2,15,Mumbai,Central,7.62,2.42,9.99,34668182
939,1,2,3,2,5,Delhi,East,6.07,2.57,5.05,6471077
1610,2,2,1,1,30,Pune,Central,5.4,3.98,2.41,8380946
3211,2,1,1,0,18,Chandigarh,West,7.61,7.18,3.4,14552995
4745,4,3,1,1,1,Pune,West,1.18,5.16,12.77,24287879
1372,1,2,3,0,6,Bengaluru,East,7.7,5.81,6.5,7737618
4167,5,5,3,2,8,Delhi,West,9.74,7.81,3.08,29459489
1698,4,4,2,3,15,Bengaluru,West,3.08,6.47,6.35,12009619
1790,3,3,2,3,21,Delhi,East,6.97,8.03,7.5,12596340
4368,5,6,1,1,13,Mumbai,West,5.17,2.56,11.98,38733481
1346,2,2,1,3,28,Chandigarh,Central,5.13,5.1,10.66,6630482
3407,3,4,2,0,18,Mumbai,North,9.48,2.09,13.61,29695008
1174,2,2,1,1,19,Chandigarh,North,1.49,8.85,12.46,4951898
4184,3,3,2,1,19,Chandigarh,Central,5.96,3.44,7.04,20420499
1547,3,3,1,2,25,Chandigarh,East,9.64,5.65,9.18,7738006
4516,4,3,1,2,30,Delhi,North,2.08,3.47,7.42,30095681
3020,1,1,1,0,22,Pune,East,6.07,8.8,14.99,14521541
3478,4,4,2,1,22,Chandigarh,West,2.44,5.04,13.28,16702760
4867,3,2,3,1,10,Mumbai,North,2.75,2.06,6.99,42027679
2211,3,2,3,0,0,Delhi,East,5.35,5.64,6.07,15854406
1068,3,2,3,1,22,Pune,East,7.64,4.41,14.67,5579445
2985,3,3,2,3,4,Chandigarh,East,9.14,9.73,7.56,14192709
1821,5,4,1,0,4,Delhi,East,0.7,6.16,9.7,13129941
2414,2,2,2,1,0,Delhi,North,9.85,9.05,8.02,17142604
4198,4,5,3,3,23,Pune,East,2.98,7.87,10.13,21443852
2222,5,5,3,2,6,Pune,South,4.26,7.83,4.38,13271529
3082,2,3,1,3,7,Pune,West,8.65,6.29,12.3,15438720
2364,4,3,3,0,22,Pune,West,8.61,3.85,4.75,13671901
883,3,3,1,3,14,Pune,Central,3.95,1.69,2.86,5175909
762,5,6,3,1,20,Mumbai,West,3.99,8.37,5.85,9810747
1383,4,3,1,0,28,Pune,South,8.64,5.2,5.84,8452281
4690,2,3,1,1,24,Chandigarh,South,5.42,1.05,3.61,21777580
1018,5,5,2,1,3,Delhi,West,2.88,2.79,5.17,9135206
676,2,3,1,0,26,Chandigarh,Central,8.65,8.96,3.99,3022988
4865,4,3,1,2,10,Mumbai,West,5.28,9.13,5.02,44058717
907,4,4,3,2,30,Pune,East,3.07,6.62,0.79,5395944
1809,3,2,3,3,30,Pune,North,2.31,5.47,12.53,8894079
4074,4,5,3,2,15,Chandigarh,South,8.91,7.58,4.31,19169573
4852,3,3,3,0,19,Bengaluru,Central,5.13,7.04,7.12,29714773
4695,1,1,2,0,4,Chandigarh,South,4.5,8.89,11.06,20227260
4469,5,6,2,0,20,Bengaluru,Central,7.63,0.53,8.36,28001302
3515,2,1,3,0,13,Mumbai,North,9.48,5.4,4.39,29561673
4648,1,1,1,3,21,Mumbai,South,8.6,4.71,12.43,38408684
2331,3,2,2,0,10,Chandigarh,East,1.49,8.52,14.07,10516139
909,4,4,3,2,5,Delhi,North,6.8,2.87,0.3,7938189
3722,4,4,1,1,30,Mumbai,South,2.81,9.49,5.53,32119240
1063,2,1,3,1,6,Mumbai,South,9.22,5.83,13.82,9205780
3063,4,4,3,3,15,Mumbai,North,8.42,6.31,11.1,27876730
1309,2,1,3,3,7,Mumbai,East,4.33,4.38,13.8,12690057
4041,1,1,1,3,3,Chandigarh,West,3.72,7.95,2.22,19110118
3633,5,5,2,2,17,Bengaluru,West,6.03,5.57,13.91,23927205
2921,2,3,1,0,20,Pune,South,6.6,3.47,5.92,16184382
3565,4,4,1,1,18,Mumbai,North,0.72,2.08,4.16,32786483
4084,4,5,2,3,16,Mumbai,North,8.62,9.69,9.83,36213565
1766,1,1,1,0,18,Bengaluru,West,5.53,3.98,6.75,9697167
1360,5,4,1,3,7,Mumbai,South,7.38,0.59,9.15,14743661
4888,1,1,2,1,0,Bengaluru,East,2.16,0.71,6.69,29767913
1946,2,3,2,3,4,Chandigarh,South,7.92,4.62,1.93,10369863
2819,4,4,2,3,27,Pune,South,2.45,9.73,1.45,15608423
3038,1,1,3,0,11,Bengaluru,Central,0.45,6.11,4.49,17831569
3388,4,3,2,2,0,Pune,West,4.38,7.18,9.76,18088277
4828,5,4,2,0,15,Mumbai,East,3.21,8.76,11.29,42685850
1516,2,3,1,2,10,Mumbai,North,6.2,1.88,14.94,13762054
3921,3,4,3,0,7,Mumbai,North,9.38,5.06,3.84,34855402
4456,2,2,2,0,5,Delhi,South,3.99,4.69,9.5,29568787
2536,3,3,1,0,7,Chandigarh,East,5.98,7.81,11.86,11998786
2854,3,4,2,1,0,Mumbai,East,4.92,0.64,8.52,26535848
3022,4,3,2,1,8,Chandigarh,West,7.2,3.8,2.41,14687014
4651,2,3,3,3,22,Pune,South,4.53,3.07,8.91,23711962
1204,5,5,3,3,28,Bengaluru,East,9.44,6.17,11.79,8239241
1289,1,2,1,1,28,Pune,Central,6.97,4.14,7.77,5741890
4580,5,4,3,0,8,Mumbai,North,5.45,8.64,7.46,41657180
4061,1,1,1,2,26,Bengaluru,South,9.19,4.2,3.65,24337857
3080,2,1,2,2,14,Mumbai,East,7.08,0.36,2.36,27400680
2675,5,4,2,1,21,Bengaluru,South,9.07,6.39,6.09,17578204
856,2,2,3,2,30,Pune,Central,5.09,8.86,9.14,3987244
4951,2,2,1,0,16,Chandigarh,North,9.32,9.5,14.25,22507685
2006,2,3,1,0,27,Chandigarh,East,9.72,3.64,13.04,8908587
2253,5,4,2,0,23,Mumbai,North,2.09,8.41,1.14,22133648
4257,5,4,1,3,1,Chandigarh,East,7.26,8.15,2.25,21993598
3846,1,1,2,1,7,Bengaluru,North,2.01,5.38,14.63,23009868
4239,3,3,1,3,9,Pune,East,6.38,6.04,1.16,23867063
3348,1,2,2,0,6,Mumbai,South,2.58,5.81,7.17,28482197
2911,3,2,1,1,0,Mumbai,Central,1.82,3.28,11.05,26157034
679,4,5,1,1,3,Delhi,South,5.75,9.21,4.45,6109161
2411,5,4,3,2,30,Mumbai,East,5.4,9.03,8.36,22183257
2473,5,5,1,3,7,Chandigarh,North,3.23,4.93,7.83,12309836
3273,2,1,3,1,27,Chandigarh,East,7.75,5.64,4.2,15983294
1353,4,4,1,3,12,Mumbai,South,3.06,3.35,0.42,15006172
1723,3,2,2,2,24,Delhi,South,3.26,2.03,6.17,12630780
4452,5,4,3,0,8,Mumbai,North,9.09,1.98,5.42,39924694
3298,4,3,1,1,23,Chandigarh,Central,1.05,4.8,11.33,14806551
2038,2,2,1,3,30,Chandigarh,East,8.25,6.46,2.22,9208126
3203,5,4,1,3,6,Chandigarh,North,1.4,5.95,4.6,16439017
4669,2,2,1,0,12,Bengaluru,South,1.51,5.12,11.76,28192692
4312,4,3,1,3,14,Delhi,East,1.92,6.86,7.45,29683956
3307,3,2,2,2,15,Mumbai,Central,1.52,7.13,12.24,29101285
791,1,1,1,1,10,Pune,South,4.62,5.67,0.24,3754760
3783,2,1,2,3,27,Chandigarh,West,7.46,6.82,4.37,17829337
4551,2,1,3,0,23,Delhi,East,9.94,8.83,8.14,29207328
4430,3,2,2,2,16,Delhi,West,4.17,3.48,5.29,30224057
1087,5,4,2,1,29,Chandigarh,West,9.06,9.09,2.21,6943511
3317,1,2,1,3,14,Mumbai,North,6.9,2.44,14.97,28252973
2523,1,1,2,3,23,Pune,West,9.52,6.53,10.23,12435722
695,5,4,3,2,16,Chandigarh,North,2.56,7.93,10.2,4084971
887,5,5,3,2,4,Chandigarh,East,9.34,3.18,14.11,4888378
2403,4,3,2,1,30,Delhi,Central,5.11,8.84,0.8,16942395
4863,4,5,1,0,13,Delhi,East,0.64,6.98,12.32,33016205
1376,5,4,3,3,22,Chandigarh,Central,8.63,9.37,11.81,7051930
566,3,3,3,2,4,Chandigarh,West,7.42,0.36,7.54,4447196
1555,1,1,2,2,19,Mumbai,North,2.39,9.43,10.51,12491093
1863,2,3,1,2,19,Chandigarh,North,0.68,2.98,9.51,8045090
2424,2,3,2,0,21,Pune,North,8.39,8.33,2.54,12410838
3690,5,5,3,1,22,Chandigarh,East,4.02,6.01,7.83,18061814
4257,1,2,1,1,8,Pune,South,0.9,1.05,9.97,21583218
1392,1,1,3,3,20,Mumbai,East,1.67,9.47,7.71,11319691
3917,2,3,3,3,22,Bengaluru,West,1.71,1.13,13.18,23266955
3697,4,5,1,1,21,Pune,Central,2.74,9.22,12.12,20100310
3580,5,5,2,1,21,Bengaluru,East,7.33,6.32,3.74,24161463
1641,2,1,1,2,9,Chandigarh,North,8.27,3.27,6.92,8479742
4689,2,3,2,0,4,Chandigarh,Central,0.89,9.04,2.62,22158922
2117,1,1,2,3,16,Delhi,South,4.9,4.92,4.71,13325877
3695,1,1,2,3,15,Chandigarh,South,0.69,0.56,13.43,17035715
3228,5,6,1,1,3,Mumbai,Central,2.33,0.35,4.17,30416567
4815,2,1,1,2,21,Bengaluru,North,4.91,6.46,13.17,28222529
4248,1,1,2,2,8,Chandigarh,West,2.34,5.67,7.1,18673802
1968,4,5,2,3,26,Delhi,North,2.44,2.77,1.45,14898022
2104,5,5,1,3,3,Pune,South,7.8,6.38,1.64,12784681
1624,3,2,1,1,10,Bengaluru,Central,0.91,9.94,13.08,11357221
1829,2,1,2,3,10,Pune,East,9.13,0.3,11.78,9397550
3050,4,4,2,3,20,Delhi,West,0.77,4.3,8.84,21533392
1997,3,2,3,1,8,Chandigarh,West,2.29,0.33,14.98,10427036
4343,5,4,3,0,27,Mumbai,Central,1.55,0.57,12.02,37884196
3185,3,3,3,0,1,Bengaluru,Central,7.98,2.28,11.13,20415509
3890,3,2,3,2,21,Delhi,West,7.08,1.93,14.59,25186919
1389,3,3,2,2,2,Mumbai,West,5.83,6.11,10.37,13597200
3483,4,5,3,2,14,Chandigarh,South,3.46,6.38,0.85,17055285
3287,3,3,2,3,16,Delhi,North,9.97,0.53,1.17,22775752
2858,5,6,1,2,20,Bengaluru,East,3.38,4.68,3.39,19346827
2012,2,2,1,3,11,Chandigarh,East,4.24,9.33,4.66,10290719
1013,5,5,1,3,30,Bengaluru,Central,5.28,8.43,3.97,8183701
4950,5,5,1,2,7,Pune,East,3.24,3.73,7.2,26919008
1289,5,6,3,1,14,Delhi,Central,1.56,5.72,1.04,10151206
2164,5,5,1,0,18,Mumbai,South,1.09,7.06,10.88,20630826
2959,3,4,2,1,23,Pune,East,7.12,8.14,9.24,15388189
502,3,4,2,1,14,Delhi,West,7.56,8.54,10.24,3636347
4764,1,1,1,1,13,Mumbai,East,1.28,6.55,6.68,40542947
2975,2,2,2,1,15,Pune,West,5.43,2.57,2.76,15178226
2657,1,1,3,2,16,Mumbai,South,9.28,3.42,3.53,22272696
1335,4,4,3,0,24,Chandigarh,South,5.47,2.63,1.57,6871547
2876,5,5,2,3,28,Chandigarh,South,4.98,6.36,9.7,13628592
2672,3,4,1,3,13,Chandigarh,West,7.06,7.09,8.32,12908599
1984,5,4,1,0,4,Bengaluru,South,9.08,0.22,4.15,14285236
3789,1,2,3,0,29,Chandigarh,South,9.58,3.24,5.08,17001113
2159,5,6,2,3,21,Bengaluru,West,7.54,7.2,4.35,14537132
1475,1,2,1,2,27,Delhi,South,1.38,1.42,14.23,8378148
4247,1,1,3,1,26,Bengaluru,Central,6.18,6.21,11.37,24526901
1084,1,1,3,1,13,Delhi,East,3.71,9.66,10.53,6489982
3218,1,2,1,0,22,Pune,West,6.32,2.05,3.87,15252964
517,3,2,2,2,3,Pune,North,5.94,3.16,9.67,3627695
819,4,4,3,1,9,Mumbai,West,3.37,2.63,11.27,9312386
3107,5,4,2,1,6,Delhi,North,8.77,5.67,5.1,23507528
1685,4,5,2,1,19,Mumbai,East,3.5,5.57,11.65,15062069
668,3,4,2,0,18,Delhi,West,5.65,6.46,3.33,5726123
1617,4,4,3,1,14,Mumbai,South,7.79,5.89,12.94,14651496
4576,2,3,1,0,21,Delhi,Central,1.04,4.4,1.82,30610637
2554,1,1,3,1,12,Chandigarh,South,3.21,4.43,13.12,11246127
2676,3,3,3,3,12,Bengaluru,West,3.6,9.03,5.01,17600662
4788,1,1,1,0,8,Delhi,Central,1.57,2.26,11.18,30503177
2916,5,6,2,1,28,Delhi,West,7.83,3.13,3.32,20545516
1244,4,3,3,1,1,Bengaluru,West,3.72,3.39,4.16,9978661
911,2,3,1,1,12,Pune,East,8.99,7.97,14.45,4643033
3989,5,5,3,1,24,Chandigarh,East,4.06,5.47,3.03,19036729
3079,5,5,3,2,16,Mumbai,North,5.17,0.87,13.87,28176680
3754,5,5,2,0,28,Pune,North,2.76,9.14,0.47,20874988
1719,5,4,3,3,12,Delhi,South,5.61,5.17,4.91,13325940
1997,2,1,1,0,27,Mumbai,Central,1.06,7.23,13.44,16356564
1160,1,2,2,3,17,Delhi,South,7.84,7.31,14.29,7579392
2464,1,2,1,1,25,Bengaluru,North,1.96,9.07,4.83,14630175
3268,2,2,2,0,30,Chandigarh,East,1.6,8.04,5.63,14546637
2690,3,3,3,2,30,Pune,Central,3.85,6.08,7.34,13789141
4927,5,4,1,3,16,Delhi,North,1.64,7.71,0.72,34585151
2798,2,2,3,1,18,Delhi,South,6.25,8.02,13.16,16788934
2187,4,3,1,0,1,Chandigarh,East,5.15,5.93,14.83,11959813
4190,4,4,3,3,27,Mumbai,South,8.23,8.6,12.04,36997214
2011,2,3,1,2,16,Pune,North,3.84,8.35,11.6,10634168
2787,2,1,1,2,28,Delhi,South,8.55,3.93,11.27,17940710
1163,3,3,3,0,7,Pune,North,3.53,6.32,3.87,6061644
4933,2,3,1,2,30,Mumbai,East,6.17,4.81,6.56,41800284
597,2,3,2,2,27,Delhi,Central,2.36,7.96,2.94,4492833
4710,4,3,2,1,16,Mumbai,North,5.86,6.63,4.4,42156946
3033,4,5,2,2,9,Pune,Central,7.01,3.7,5.9,17123979
3789,4,4,2,3,27,Pune,Central,3.5,5.33,13.08,19326028
2082,2,2,3,2,7,Pune,East,1.7,7.64,10.05,10532795
1471,5,4,2,0,24,Mumbai,West,6.81,0.27,9.49,14466239
2832,5,6,2,0,11,Chandigarh,South,9.68,1.95,9.42,14555866
1267,2,3,3,0,30,Pune,West,9.63,3.33,5.99,6413310
1368,3,4,2,1,1,Pune,East,6.31,5.92,5.74,7351392
3793,2,3,1,2,22,Delhi,East,1.76,3.55,2.58,24809907
2756,3,3,3,2,30,Mumbai,North,5.63,3.64,13.39,24146998
2928,5,5,3,3,12,Bengaluru,East,7.11,8.23,9.98,19025653
3120,1,1,1,1,19,Mumbai,North,2.99,3.91,3.15,26188168
4125,5,6,2,0,29,Pune,East,8.64,0.73,14.73,21190091
4876,4,3,1,3,20,Pune,West,7.3,4.13,0.69,26352149
3996,5,5,1,2,7,Mumbai,Central,3.0,5.03,6.86,38438148
840,5,4,1,2,4,Pune,South,5.16,6.52,13.66,6372470
4252,4,4,2,1,18,Mumbai,South,9.9,4.83,14.55,36331222
4944,4,4,1,1,7,Pune,West,0.46,4.52,13.55,26750666
770,1,1,2,1,1,Chandigarh,South,1.21,2.75,0.92,4692040
3020,2,3,1,0,16,Pune,East,9.26,2.54,4.8,15527591
3018,3,3,1,0,0,Chandigarh,East,3.68,6.04,14.68,13925743
1652,1,2,1,3,21,Delhi,East,0.32,5.3,14.76,9054540
1263,4,3,2,0,22,Bengaluru,East,5.38,4.33,3.58,8239428
823,3,3,2,2,29,Bengaluru,East,1.31,7.71,5.93,6109475
1827,3,4,1,1,17,Mumbai,Central,9.28,7.08,6.33,16016151
628,1,2,1,1,25,Mumbai,East,3.28,1.64,3.46,6098745
4287,4,5,3,1,28,Pune,North,6.54,4.17,7.79,22143109
4725,1,1,2,3,28,Delhi,East,7.9,3.24,7.17,31505890
4010,1,1,1,1,2,Bengaluru,Central,0.7,3.15,8.62,23828698
4709,4,5,3,0,15,Chandigarh,West,4.29,8.32,7.08,22131631
992,3,2,1,2,12,Delhi,Central,2.93,2.75,14.03,6673653
2318,4,3,2,3,2,Pune,North,6.49,2.93,2.88,13439875
4360,3,3,2,0,28,Pune,North,1.51,9.2,5.31,21219275
3316,4,5,2,3,4,Delhi,West,7.63,8.27,5.25,23256089
4321,5,4,1,1,14,Delhi,South,9.92,7.46,11.69,29756390
1700,4,3,1,2,2,Mumbai,Central,8.66,1.97,14.28,16168500
1187,2,3,3,0,23,Pune,South,6.67,7.4,1.28,6260129
4058,2,3,3,2,9,Delhi,Central,9.51,2.27,2.85,26959884
3203,3,2,1,0,22,Bengaluru,Central,2.68,8.21,1.01,19795790
4124,4,5,1,1,15,Bengaluru,West,9.57,9.44,1.69,27277495
2579,1,1,3,2,9,Chandigarh,West,1.08,1.96,14.63,11139674
4738,5,4,1,2,23,Delhi,North,7.52,8.51,1.8,32833413
3072,2,1,3,1,28,Pune,Central,3.82,0.98,2.24,15970331
659,1,1,3,1,16,Chandigarh,North,9.1,5.91,2.73,2949739
1485,5,4,2,1,17,Delhi,East,4.4,2.54,9.53,12115459
1708,2,1,1,2,22,Chandigarh,South,1.35,1.44,2.98,8030190
3005,1,1,3,2,7,Bengaluru,North,1.53,2.07,6.42,19177933
4750,5,6,1,2,12,Mumbai,East,3.16,5.9,14.21,43412225
2781,3,4,3,3,27,Chandigarh,Central,2.51,4.69,10.36,13463228
4569,3,3,3,0,25,Bengaluru,North,4.88,7.98,9.52,28043683
1074,3,2,3,3,10,Bengaluru,West,3.46,0.51,6.61,8441211
3813,2,1,3,2,16,Chandigarh,Central,9.63,2.99,11.47,17878188
2841,3,3,2,0,2,Delhi,Central,5.38,8.01,14.53,19092745
1784,3,2,1,1,16,Delhi,West,7.18,5.31,2.59,12462573
1780,5,5,1,1,18,Delhi,West,7.2,4.41,10.97,13089632
4990,2,1,1,1,27,Delhi,West,7.66,2.77,5.24,32527814
3514,4,4,2,0,24,Bengaluru,East,4.55,6.12,2.53,22234888
3483,4,3,2,1,26,Pune,West,4.67,7.28,1.39,19046921
4230,1,1,2,2,1,Delhi,Central,0.23,8.73,5.03,27379606
2086,2,1,2,3,22,Mumbai,West,6.25,5.37,5.02,17609940
1484,5,6,1,2,12,Mumbai,South,9.12,5.02,7.77,16140107
1236,1,1,3,3,14,Bengaluru,North,8.8,7.9,12.89,7129520
2119,5,6,3,2,10,Chandigarh,East,1.01,3.88,1.13,12446424
3264,2,1,2,2,17,Chandigarh,West,9.0,3.31,14.45,14877220
1113,1,1,2,1,8,Chandigarh,East,2.2,0.44,8.48,4785319
2027,5,6,2,1,13,Chandigarh,North,4.29,3.88,5.38,10371759
3363,3,3,2,1,26,Delhi,Central,6.48,9.21,7.73,22021121
2174,3,2,3,2,24,Mumbai,Central,0.97,5.65,4.29,19602410
2999,5,6,1,0,24,Bengaluru,South,1.82,9.97,6.0,19726412
4730,2,3,3,1,1,Delhi,West,1.44,4.99,7.92,32266517
526,3,2,2,0,28,Mumbai,North,1.72,5.45,4.75,4384027
3200,3,3,2,1,20,Mumbai,East,9.31,3.42,11.87,27776007
3085,1,1,3,1,20,Bengaluru,Central,9.06,2.66,13.98,17215559
651,5,6,3,1,9,Bengaluru,North,2.45,2.31,6.11,5776443
1220,1,1,3,0,2,Chandigarh,South,1.0,1.43,12.57,4988437
1039,5,5,2,2,4,Bengaluru,North,3.17,7.84,4.98,8693420
2186,4,3,1,0,8,Chandigarh,West,7.45,7.32,14.22,10917860
4620,3,2,2,3,5,Chandigarh,East,4.25,2.46,7.72,21404233
1211,3,4,2,2,13,Chandigarh,Central,7.66,1.83,2.68,6741965
4421,2,3,2,0,25,Delhi,Central,7.15,7.9,1.46,28734948
1511,3,2,1,2,28,Bengaluru,West,0.62,6.22,10.46,9304673
996,5,6,3,3,5,Pune,North,1.16,5.47,12.29,7362074
1580,1,2,2,0,28,Delhi,West,5.54,6.23,14.01,9211524
1313,1,1,1,1,8,Mumbai,West,4.28,8.91,7.34,11559828
883,5,6,2,1,19,Pune,South,7.28,8.58,5.93,5346264
2687,3,4,2,0,4,Mumbai,West,9.69,3.67,5.07,24309884
2105,4,4,3,2,6,Chandigarh,South,8.07,4.06,6.99,11383723
4784,5,4,3,2,30,Pune,West,4.27,4.48,12.18,25359775
1498,3,3,3,1,30,Delhi,North,2.98,7.23,9.59,10782923
958,3,3,3,0,14,Mumbai,Central,4.36,9.13,7.62,8708759
2439,4,3,3,1,23,Pune,East,8.81,3.89,6.04,14213413
2546,4,3,3,1,2,Delhi,West,2.96,7.69,1.78,18391787
576,2,3,1,0,20,Delhi,South,7.45,1.25,6.68,4280501
3973,5,6,1,1,22,Bengaluru,South,6.81,4.77,9.16,24458538
2460,5,5,1,0,9,Bengaluru,Central,9.22,5.0,13.06,16305733
1175,3,2,1,0,18,Bengaluru,East,4.69,4.51,2.79,8054867
1777,3,2,2,1,17,Delhi,West,2.58,9.4,0.36,12841159
2889,4,5,2,2,18,Delhi,West,2.57,0.82,2.37,20519102
4054,1,2,3,0,20,Pune,Central,1.46,2.39,11.1,19735380
2482,1,1,2,1,5,Bengaluru,South,5.87,9.52,2.39,15296339
2192,3,2,3,3,18,Pune,Central,5.25,0.43,14.11,11186831
2768,1,1,2,3,5,Bengaluru,West,9.45,6.66,7.25,17199115
4541,1,1,3,3,23,Chandigarh,North,7.01,5.96,3.19,20607610
3001,2,1,1,2,24,Bengaluru,West,7.44,9.06,3.68,18752332
890,1,1,1,3,1,Chandigarh,West,7.55,2.99,6.42,4982981
4129,4,4,3,2,7,Pune,East,0.99,1.54,8.52,21808190
1476,3,3,1,3,17,Mumbai,East,7.73,9.66,5.22,14742007
1671,3,2,2,0,22,Pune,Central,8.2,3.26,3.58,9918370
950,3,4,1,0,4,Delhi,Central,4.81,1.48,10.78,7529970
1313,3,3,3,1,20,Pune,West,8.72,7.53,6.48,7448359
4088,4,3,1,2,3,Delhi,South,1.36,7.68,2.67,29193208
3075,5,6,1,0,22,Pune,East,7.86,1.99,4.71,16347756
3499,2,2,2,0,16,Delhi,South,8.38,4.9,13.21,23090340
4034,4,5,3,1,18,Bengaluru,East,1.25,2.88,6.15,25193064
2822,5,5,1,1,19,Pune,Central,1.21,5.71,8.98,15293693
3040,4,5,1,2,28,Delhi,Central,4.36,6.42,7.32,21599534
4282,1,2,1,0,8,Chandigarh,North,6.62,2.95,12.0,18446759
2762,2,1,2,0,5,Bengaluru,West,9.62,8.75,7.97,16838159
519,4,4,1,3,5,Delhi,West,7.32,0.32,1.92,6977739
2542,5,6,3,2,30,Chandigarh,North,4.42,2.24,14.23,12187425
4496,3,4,3,2,14,Pune,North,6.0,7.73,1.54,23790454
4253,3,3,3,1,19,Delhi,South,9.8,5.07,14.94,28667599
2176,3,4,1,1,23,Pune,Central,8.22,7.31,9.23,11762944
4964,4,3,1,0,24,Pune,South,0.36,1.01,4.02,25378279
774,2,2,2,0,10,Mumbai,East,5.15,2.51,13.15,6702378
2255,4,5,1,0,7,Pune,South,1.12,8.49,1.04,12221902
1560,4,3,1,2,23,Delhi,South,8.6,8.2,14.79,10959806
2874,2,2,3,3,6,Bengaluru,East,3.28,1.36,6.93,18459949
2298,3,2,1,0,22,Chandigarh,South,7.25,0.4,14.61,10702848
1400,1,1,2,2,21,Pune,Central,8.58,7.38,1.37,6641978
4469,1,2,1,1,20,Bengaluru,East,2.39,2.62,9.67,26479233
2451,2,2,2,2,20,Bengaluru,East,3.6,9.71,11.76,14457927
744,3,4,1,0,13,Delhi,Central,6.81,7.83,13.13,5367865
618,1,2,3,1,23,Pune,Central,6.98,8.15,10.33,2489149
813,1,2,3,1,1,Bengaluru,East,5.67,4.21,11.97,4743210
4194,1,1,1,3,8,Pune,South,7.41,9.97,11.58,20812776
3107,2,3,1,3,21,Chandigarh,Central,5.12,7.12,8.63,14372809
4169,5,5,3,3,11,Mumbai,North,3.52,7.12,12.43,37421665
4121,5,5,1,0,22,Bengaluru,West,1.55,4.78,2.51,25695999
4123,5,6,2,0,12,Chandigarh,East,9.7,7.82,6.39,19749882
2410,5,6,1,0,8,Pune,East,2.69,8.94,14.53,14278033
2031,1,2,3,2,27,Mumbai,South,8.55,4.25,10.57,16696477
2104,3,3,3,1,26,Chandigarh,East,4.47,4.62,6.13,9825769
4665,2,2,1,2,28,Chandigarh,South,4.58,7.66,10.68,21334206
648,2,2,2,1,3,Delhi,South,3.66,4.35,10.17,3782171
2992,1,1,3,1,16,Bengaluru,South,7.03,8.69,3.77,17652714
4850,3,2,1,3,27,Bengaluru,West,1.14,1.1,11.7,30295131
1627,5,6,3,0,3,Chandigarh,South,1.8,1.13,7.2,8667356
3264,3,2,1,0,29,Chandigarh,South,0.51,4.8,8.55,14650554
4820,1,1,1,0,0,Mumbai,South,5.64,5.4,1.22,40639104
2748,5,5,2,0,8,Chandigarh,North,1.22,4.78,3.09,13665054
1955,1,1,2,0,18,Chandigarh,East,8.9,2.74,12.77,8008825
867,2,1,3,1,29,Pune,Central,7.2,0.5,4.5,3673883
3270,2,1,1,0,22,Bengaluru,North,1.63,6.36,6.87,20253123
1721,5,6,3,0,11,Chandigarh,West,1.26,5.56,11.5,9445775
1060,5,6,2,0,9,Mumbai,Central,1.12,7.01,10.93,11317602
4099,1,1,2,1,2,Mumbai,Central,1.69,8.72,14.14,33995540
2640,2,2,3,0,7,Chandigarh,South,7.14,2.56,13.32,11858601
2304,2,2,3,3,18,Pune,North,3.09,0.29,9.57,12092417
756,4,3,1,1,19,Pune,East,5.58,4.76,10.93,4212821
4680,2,1,2,3,3,Pune,North,6.77,9.16,5.35,23874363
4824,4,4,2,3,12,Mumbai,East,9.01,0.87,4.67,43311725
4915,5,4,1,1,28,Chandigarh,North,5.07,6.72,1.18,23948724
693,5,5,1,3,1,Bengaluru,West,8.64,6.41,3.39,7010745
4766,2,2,1,0,14,Chandigarh,South,2.6,2.62,14.17,21152379
2470,5,5,3,2,24,Pune,East,3.34,9.63,8.93,13923032
1808,2,2,1,0,20,Delhi,Central,2.07,4.17,8.17,12528790
3304,1,1,2,2,7,Chandigarh,South,7.68,7.35,12.34,15167802
4034,3,3,2,2,10,Pune,West,6.55,0.97,5.31,21530926
1864,5,5,1,1,8,Bengaluru,Central,2.28,6.29,6.41,13428118
3617,3,3,1,3,21,Chandigarh,East,1.39,7.5,7.9,16659465
3732,3,2,2,2,18,Pune,South,2.22,7.79,0.32,19302599
633,3,3,3,0,30,Chandigarh,North,2.37,3.92,11.5,3348333
4060,5,5,2,0,20,Mumbai,North,1.63,4.22,1.31,37746311
1608,5,6,3,0,30,Mumbai,West,3.1,6.31,1.98,16450678
2612,2,2,2,2,18,Mumbai,Central,3.71,9.07,8.59,22653894
3075,4,4,3,2,8,Mumbai,South,3.48,6.38,1.22,29066579
2339,3,4,3,1,11,Chandigarh,North,4.03,4.12,11.52,10450635
506,1,1,2,3,5,Delhi,North,7.66,6.15,9.31,4248197
1561,2,2,2,1,11,Delhi,North,5.23,7.36,0.48,10122134
1708,4,5,1,3,17,Chandigarh,Central,5.08,3.6,2.7,8302420
3409,3,2,1,3,22,Delhi,South,3.72,1.4,3.41,23636944
2834,5,4,1,1,3,Bengaluru,North,7.16,6.51,11.6,18269062
853,3,4,1,3,22,Chandigarh,South,8.43,2.68,2.18,4589636
4376,4,5,2,2,27,Pune,West,1.99,8.44,6.05,22799938
4189,4,4,3,1,12,Mumbai,North,6.09,0.68,4.93,37983921
3730,5,5,3,3,20,Pune,East,3.32,7.97,5.53,20630506
4494,4,3,1,3,16,Delhi,North,9.46,4.06,10.68,30683030
2728,3,3,1,1,19,Mumbai,West,5.34,1.56,14.19,23434993
938,2,3,1,0,26,Pune,East,8.35,3.27,10.29,4531449
3322,5,5,1,2,20,Bengaluru,Central,1.94,0.96,9.35,21614835
1576,1,2,3,3,1,Pune,South,2.47,4.11,3.53,8164686
2587,2,1,2,0,3,Delhi,East,1.0,6.45,7.26,17224336
3302,3,4,1,1,16,Pune,East,9.05,5.01,10.25,17195109
3109,3,4,1,3,7,Chandigarh,North,2.44,1.38,3.86,14993597
1400,3,2,2,1,19,Bengaluru,South,2.36,2.39,14.04,8869450
3467,2,1,1,1,17,Bengaluru,South,2.03,5.09,5.68,20893021
1237,4,5,3,2,24,Mumbai,East,7.97,6.68,6.28,12902843
1560,4,5,2,0,13,Mumbai,South,2.13,9.79,12.74,14694393
3210,5,5,2,0,10,Bengaluru,North,9.03,3.06,2.51,20614092
3477,1,1,2,3,9,Chandigarh,Central,1.97,7.5,1.95,15802681
4528,3,2,2,3,15,Mumbai,East,2.6,5.7,8.24,39774903
3506,1,2,1,1,6,Chandigarh,East,2.39,6.46,14.59,15622450
2897,4,5,1,2,25,Mumbai,South,8.66,2.71,8.65,25646142
4667,3,3,3,2,14,Pune,West,7.05,3.95,0.36,25052073
3861,4,5,3,3,10,Delhi,West,4.65,8.78,12.85,25861336
2539,3,2,3,0,2,Mumbai,South,7.23,1.18,2.28,23913449
1627,4,3,1,2,9,Chandigarh,Central,1.63,6.96,2.12,9426922
2521,1,2,3,3,6,Chandigarh,East,6.38,4.3,6.06,12277420
2391,1,2,3,2,23,Mumbai,North,8.24,5.52,7.77,20505964
934,4,3,3,2,22,Pune,West,2.15,4.09,1.25,6302699
1646,5,5,1,0,2,Bengaluru,East,1.13,8.94,0.37,12181633
3607,1,1,1,2,10,Pune,East,8.46,2.0,12.75,17099474
1542,3,4,2,1,13,Bengaluru,North,0.41,9.94,2.91,10651359
3315,3,2,2,0,20,Mumbai,East,0.99,7.71,8.86,29187350
3975,3,3,1,1,29,Chandigarh,West,7.18,4.31,14.24,17984639
4490,2,2,2,1,6,Mumbai,Central,2.89,4.14,6.32,38400864
3713,1,1,1,0,0,Chandigarh,South,5.27,2.46,10.01,16601312
2420,4,5,1,2,17,Chandigarh,South,1.64,3.55,13.66,11755464
4118,3,4,1,0,2,Mumbai,West,9.94,4.8,11.12,36445696
4008,2,3,3,2,6,Chandigarh,North,0.7,5.37,1.79,18856117
817,3,3,2,2,10,Mumbai,North,6.81,1.51,5.02,8713841
3620,3,2,2,0,8,Delhi,North,4.06,3.96,1.72,25049941
3429,5,5,1,3,18,Chandigarh,Central,0.24,9.77,10.99,17146181
821,3,3,2,3,17,Delhi,North,2.6,7.75,12.1,5957851
2082,1,1,1,3,22,Bengaluru,West,2.67,4.64,9.66,12112678
3297,4,5,1,0,12,Pune,West,8.7,3.24,1.38,18499928
682,2,2,2,2,15,Bengaluru,West,8.44,9.11,10.68,4271647
1784,4,5,1,3,22,Pune,Central,7.64,8.24,13.86,9980579
3591,2,1,3,1,4,Chandigarh,East,4.87,7.88,13.97,16293391
1275,4,4,1,1,5,Chandigarh,West,9.75,6.99,8.51,6620515
4812,1,1,3,0,7,Bengaluru,West,1.9,5.18,8.87,28587849
1193,2,3,1,0,2,Pune,East,6.49,5.8,7.96,6603505
924,4,4,2,1,16,Bengaluru,West,9.29,8.61,4.57,8049173
4249,3,2,3,2,11,Mumbai,North,9.96,0.25,9.67,37661184
3970,4,5,3,0,2,Bengaluru,North,5.82,9.68,14.74,25216687
3793,2,1,3,3,15,Delhi,South,2.29,2.88,3.18,25363856
3184,3,3,3,2,21,Delhi,North,6.75,9.67,5.98,21545588
4822,3,2,1,3,23,Bengaluru,South,2.99,4.7,9.9,29529467
1241,1,1,1,3,21,Bengaluru,Central,8.63,9.23,0.39,8269134
4071,2,1,2,2,5,Mumbai,South,9.32,8.99,5.19,36808077
4342,4,4,2,3,14,Bengaluru,North,3.1,4.99,3.44,28119893
3740,3,3,2,3,0,Chandigarh,East,1.62,5.06,14.3,18391799
3634,3,4,3,2,15,Bengaluru,North,4.85,7.41,5.02,23357370
1542,5,6,3,1,16,Bengaluru,West,2.21,8.82,6.82,10967471
724,3,4,1,1,13,Mumbai,Central,4.65,6.4,8.18,7648832
4602,1,2,3,0,21,Bengaluru,East,3.79,9.8,8.23,26735183
4738,5,4,3,0,7,Delhi,South,7.88,1.43,9.66,32287239
1329,3,3,3,0,1,Chandigarh,West,8.96,1.98,6.99,6934735
1480,1,1,3,0,24,Chandigarh,Central,5.38,4.14,0.64,7855892
3276,1,1,1,2,14,Delhi,West,9.12,8.04,6.39,22107348
1039,5,5,1,3,13,Delhi,Central,1.72,6.37,8.68,8694854
3341,5,4,1,3,9,Pune,South,2.39,2.91,0.94,18581858
3845,5,6,1,3,4,Mumbai,West,8.4,0.8,14.59,35451888
4189,1,1,1,1,24,Mumbai,East,8.62,3.15,14.13,34705502
3564,1,2,1,2,2,Bengaluru,South,2.34,4.55,14.91,21188536
1022,4,4,3,2,22,Chandigarh,East,1.67,2.12,4.91,5162528
998,3,2,3,0,24,Chandigarh,West,3.67,1.34,6.56,4856275
1744,3,4,3,3,19,Mumbai,West,3.92,7.87,11.43,15804925
972,3,3,1,2,2,Chandigarh,Central,2.39,1.62,2.93,6216812
4559,4,3,2,1,16,Mumbai,South,5.95,8.44,2.92,40941708
507,5,4,3,1,3,Chandigarh,East,4.83,4.93,8.65,4240997
4317,2,2,1,1,5,Delhi,North,6.93,8.62,5.93,28603699
1006,2,2,2,0,7,Delhi,East,3.8,6.79,3.71,7570220
1838,4,4,3,0,18,Pune,Central,5.67,6.93,3.73,10500021
3152,1,1,3,2,12,Pune,Central,7.92,7.39,6.88,16264460
2135,3,4,3,0,7,Mumbai,North,3.74,5.0,14.39,19290675
579,1,1,1,0,4,Bengaluru,South,3.96,0.88,7.96,2157211
2671,2,2,3,3,8,Bengaluru,East,7.39,7.67,4.66,16765743
4850,5,4,3,2,12,Mumbai,Central,5.11,6.31,2.23,45212873
630,5,6,3,2,25,Pune,East,5.9,7.35,3.7,4334049
4078,3,2,3,2,13,Delhi,South,0.98,8.43,12.46,26938929
4903,3,4,1,0,11,Mumbai,North,8.35,3.43,8.97,42530178
1373,1,1,2,2,28,Chandigarh,South,0.94,5.87,3.84,5566516
1282,3,4,1,3,16,Pune,North,1.95,7.95,4.63,7396222
3771,3,3,1,3,11,Bengaluru,West,7.97,4.54,10.92,23157574
1979,3,4,2,2,9,Mumbai,Central,6.1,4.6,0.78,18342179
1080,2,1,1,2,15,Chandigarh,North,8.19,4.42,10.09,4739017
1358,1,2,1,3,27,Delhi,South,6.64,5.87,14.82,8486455
1559,5,6,3,1,2,Pune,West,1.04,7.28,2.76,9864314
4033,5,6,3,2,14,Pune,South,9.66,2.2,3.04,22010425
4281,1,1,3,1,12,Mumbai,East,0.72,2.55,12.52,35789242
1192,2,2,3,0,17,Chandigarh,South,8.34,2.48,1.18,6233754
4553,2,1,2,3,28,Chandigarh,West,4.21,2.97,4.27,20745769
835,1,2,3,1,27,Delhi,South,9.0,6.41,9.92,4188751
2104,4,5,1,2,9,Chandigarh,South,9.61,4.42,5.61,10714393
1463,5,6,2,2,12,Pune,East,6.63,4.67,9.38,8713376
4330,1,1,1,3,25,Delhi,West,5.26,3.06,12.62,27015152
589,2,3,1,1,12,Bengaluru,East,2.9,8.24,4.76,4107441
2752,4,5,1,1,13,Chandigarh,West,0.33,4.5,0.79,13722147
4350,4,3,1,2,11,Pune,South,4.85,0.79,1.84,23632722
1901,5,5,2,3,9,Pune,North,2.48,9.74,8.64,11722084
2477,3,4,1,0,14,Bengaluru,Central,0.96,4.67,12.31,15251344
2544,3,2,2,3,23,Delhi,Central,2.7,2.08,5.79,17565805
1297,2,1,2,3,18,Delhi,East,5.44,9.55,1.88,9342767
1947,3,3,1,3,2,Delhi,East,4.95,9.59,6.52,13773654
1910,3,3,3,1,0,Chandigarh,North,6.97,6.17,15.0,8976653
2665,5,6,1,2,20,Chandigarh,North,2.87,2.26,4.57,14169024
2846,1,2,3,2,7,Mumbai,North,7.44,7.55,9.84,24101183
3133,2,2,3,3,16,Delhi,Central,0.27,0.97,10.88,20982063
2087,5,4,3,2,30,Delhi,East,9.03,0.41,2.49,15307027
2844,3,4,3,0,12,Chandigarh,North,9.8,1.28,1.71,13672887
4026,5,6,2,3,15,Chandigarh,North,2.8,4.62,11.58,19579136
2277,4,5,1,3,6,Pune,Central,6.22,6.29,0.89,14071805
4186,3,2,2,1,5,Pune,North,2.94,1.83,6.93,21957922
3153,5,6,2,2,8,Pune,Central,3.64,9.18,5.99,17517278
1761,2,1,1,2,5,Pune,South,7.86,5.51,7.66,9265707
3545,5,5,2,1,15,Chandigarh,Central,9.66,1.14,11.04,17037454
2914,3,3,3,1,24,Pune,East,7.25,1.09,13.95,15328883
1150,5,4,1,1,18,Mumbai,South,1.46,1.24,8.86,12014079
668,3,3,1,0,25,Mumbai,East,7.66,3.46,8.76,6140724
2929,3,2,1,3,7,Pune,South,2.06,7.31,6.73,15627252
4332,1,1,2,1,29,Bengaluru,East,2.66,2.45,0.67,25386040
739,3,2,3,3,8,Chandigarh,South,1.95,0.96,12.59,2940654
1362,4,3,2,0,5,Bengaluru,West,7.13,4.41,1.55,9841323
2357,3,3,2,2,27,Bengaluru,South,1.62,8.48,9.75,14966320
3663,4,5,2,3,11,Pune,West,9.55,6.27,10.98,20049271
3171,2,1,3,2,14,Delhi,East,6.14,1.86,12.9,21585154
2936,5,6,2,2,22,Chandigarh,South,4.99,1.81,10.1,13858192
3970,2,3,2,0,30,Delhi,North,1.84,2.1,5.99,26171049
1976,5,5,2,1,18,Chandigarh,North,9.53,6.53,6.94,8975233
1194,3,3,2,1,7,Delhi,South,2.15,9.29,2.79,8720967
2653,4,4,3,1,4,Bengaluru,North,6.76,9.0,9.86,17068480
3295,1,2,1,0,1,Chandigarh,East,9.88,6.01,2.58,15044227
3984,2,3,1,1,4,Mumbai,East,4.45,7.55,6.99,34497893
2864,1,2,2,3,9,Chandigarh,East,4.26,3.47,8.45,12770291
3475,3,2,2,2,25,Bengaluru,South,3.86,7.8,13.29,21336778
3200,4,5,3,0,20,Bengaluru,East,9.73,6.37,13.14,19577882
2835,2,3,2,0,16,Pune,Central,5.41,7.52,6.3,14277412
1101,4,3,2,0,22,Chandigarh,South,1.34,1.11,9.97,6585435
4767,2,2,1,2,3,Chandigarh,North,4.23,7.94,13.37,21624511
4127,4,3,1,1,3,Chandigarh,Central,6.56,6.2,10.09,19712715
2683,2,1,1,2,5,Chandigarh,West,9.33,1.26,0.95,13253774
1057,3,3,3,2,24,Mumbai,South,1.74,2.03,14.68,9860277
2595,1,2,2,1,23,Chandigarh,West,5.43,8.48,10.99,11028534
2527,3,3,1,1,26,Mumbai,East,2.12,7.01,4.17,22806739
2804,2,1,1,0,20,Pune,West,7.23,5.87,3.6,14505211
1402,2,3,2,0,26,Pune,West,7.84,6.5,14.09,6386330
2820,5,5,3,0,9,Mumbai,North,8.83,5.77,0.58,26857064
3402,3,4,2,3,14,Pune,West,2.64,8.23,12.09,17052084
3597,3,4,1,0,13,Mumbai,West,6.58,7.22,3.09,31878382
741,1,1,3,2,18,Pune,East,1.26,0.71,4.95,3817608
996,4,4,2,2,7,Pune,South,2.59,2.06,13.02,5646981
1102,4,3,3,3,2,Chandigarh,South,8.42,9.8,10.23,6654641
2730,1,1,1,2,15,Bengaluru,North,2.73,0.5,2.06,16604705
2312,2,2,2,0,13,Pune,North,1.18,3.12,12.01,11349599
1327,1,1,3,3,12,Pune,West,5.6,9.14,8.89,7314852
2840,2,3,3,1,29,Bengaluru,West,2.65,7.01,12.18,16612514
2924,4,5,1,0,17,Pune,East,3.83,8.78,12.68,16094555
2888,3,3,1,2,1,Pune,East,7.94,3.88,14.93,14949262
1189,5,6,1,3,25,Delhi,West,5.12,5.91,12.66,9481291
3533,1,1,1,0,2,Chandigarh,West,3.66,0.9,10.44,16056894
2209,2,3,2,3,27,Pune,Central,1.15,8.07,13.02,10193925
3593,4,4,1,0,2,Chandigarh,South,4.94,9.57,12.63,17573026
3921,1,1,2,0,14,Mumbai,West,7.83,3.08,10.68,32168282
4585,2,2,2,3,23,Delhi,South,2.65,4.48,9.53,30499557
4598,2,3,1,3,20,Delhi,North,6.31,7.33,11.92,30683902
2754,3,4,1,1,19,Chandigarh,North,6.91,2.82,2.46,11789984
4930,3,4,3,0,28,Delhi,East,9.17,9.35,9.03,31714706
1986,4,5,2,3,4,Mumbai,North,7.57,0.24,6.23,19667743
4688,2,2,1,2,18,Bengaluru,South,1.53,6.69,11.93,28887230
639,2,1,1,0,28,Bengaluru,Central,9.58,3.02,1.13,4337087
557,1,2,3,0,25,Bengaluru,North,9.93,7.61,0.73,3599735
4178,5,6,2,2,19,Bengaluru,East,7.51,5.05,2.09,27523148
1420,5,4,3,3,16,Bengaluru,East,4.73,3.52,0.7,10329751
2743,3,2,2,3,8,Chandigarh,South,2.61,8.36,8.31,13142197
4654,2,3,1,2,17,Mumbai,South,8.19,3.57,13.72,38997713
2064,3,3,3,0,12,Mumbai,North,9.28,3.97,1.58,19002615
2025,3,4,1,0,13,Mumbai,East,4.77,8.4,13.11,18025662
2305,5,4,2,2,22,Pune,West,2.02,9.93,12.18,11995478
2870,1,1,1,1,28,Bengaluru,South,8.87,2.11,11.02,16961789
4241,2,2,2,2,13,Delhi,West,9.5,4.55,6.65,27914614
3597,1,1,3,2,25,Bengaluru,West,8.46,4.82,14.47,20243579
806,1,2,2,0,14,Chandigarh,West,8.01,4.53,8.22,3442207
648,3,2,1,1,28,Pune,North,1.27,6.91,2.32,4507446
4896,2,2,2,1,6,Pune,Central,9.99,8.54,11.33,25416092
3348,4,5,1,3,17,Bengaluru,East,5.53,7.43,11.9,22931660
3524,5,4,1,3,5,Pune,East,0.3,8.72,0.57,20485454
4423,5,5,1,2,5,Delhi,South,9.33,0.6,10.32,31002392
4557,4,4,2,3,17,Mumbai,East,8.41,1.32,7.8,40322620
3906,3,2,1,0,9,Delhi,North,2.98,7.86,7.01,25325828
3487,4,5,2,0,9,Delhi,West,3.94,1.92,10.9,23631295
4472,1,2,3,3,24,Mumbai,South,1.96,3.22,8.25,38537249
2273,1,2,1,2,20,Chandigarh,West,7.16,7.76,6.34,10447974
2869,3,2,2,2,22,Delhi,East,8.79,8.47,3.24,19626813
1816,1,2,2,0,13,Pune,North,1.22,0.59,5.09,9158960
2225,1,2,3,0,19,Delhi,West,8.38,2.44,12.27,12796332
4080,3,4,2,3,28,Chandigarh,West,6.43,8.53,1.61,18116236
4585,2,1,2,2,6,Chandigarh,East,4.97,3.35,5.4,21034382
3759,3,3,3,2,15,Delhi,West,3.99,8.87,12.84,25254045
1120,4,5,1,2,26,Bengaluru,North,9.22,0.59,11.21,7673268
696,5,4,3,0,2,Mumbai,Central,5.5,8.73,11.63,8004340
3045,2,2,1,3,14,Chandigarh,East,2.45,0.8,3.02,14543233
1044,1,1,1,1,4,Delhi,East,7.87,5.61,14.31,4977889
3026,5,5,2,3,23,Chandigarh,East,0.28,1.07,10.18,15542753
4460,3,3,3,3,13,Pune,Central,0.71,3.62,1.45,23413519
4960,5,5,3,0,8,Delhi,West,0.77,3.84,14.72,33749083
2571,3,2,3,0,22,Pune,Central,1.74,0.63,12.88,12503427
3359,2,1,3,1,28,Chandigarh,West,1.61,6.03,2.14,16053214
4268,2,1,2,3,17,Chandigarh,North,0.39,2.14,7.28,18719240
4092,1,1,1,3,5,Mumbai,East,8.8,0.82,8.85,35339085
3658,5,5,1,3,5,Delhi,West,7.46,4.72,14.77,26186528
4911,2,2,3,0,7,Delhi,East,5.59,3.23,7.65,31508396
3477,5,4,1,1,22,Mumbai,Central,2.83,8.24,10.93,31707265
3993,2,1,1,0,9,Delhi,East,5.61,1.88,14.7,25537914
4350,5,4,3,0,0,Mumbai,West,3.93,6.74,14.63,38514011
1576,3,2,1,2,10,Bengaluru,West,5.91,7.83,7.52,10505026
3968,1,2,1,3,25,Bengaluru,East,8.9,1.43,1.17,24090097
2150,4,3,1,2,16,Mumbai,North,6.7,5.12,5.15,20796394
1960,1,2,2,1,12,Chandigarh,Central,6.16,4.98,8.66,9100928
3905,4,3,3,0,23,Bengaluru,North,6.45,9.53,1.57,24777576
2079,4,5,3,0,27,Bengaluru,South,2.37,2.6,5.2,13122978
3660,2,3,2,0,4,Delhi,West,5.6,1.55,13.65,23318930
925,2,2,1,0,10,Delhi,South,4.55,3.05,6.4,7523102
1103,4,3,2,1,11,Bengaluru,North,3.48,7.89,1.92,8102709
3568,1,2,2,3,28,Pune,West,0.37,0.91,2.51,18354100
3962,4,4,1,2,8,Bengaluru,East,4.83,2.92,14.3,25067978
3099,5,4,2,3,29,Mumbai,Central,5.71,2.93,5.95,28031122
4172,2,2,2,0,5,Chandigarh,South,9.55,2.19,12.16,18138223
4823,3,4,3,1,21,Chandigarh,South,7.13,7.6,8.54,21518147
1725,1,2,2,2,26,Mumbai,North,5.98,0.7,12.26,14019257
3463,1,2,1,1,24,Chandigarh,Central,0.46,6.52,12.12,15269633
1843,4,5,1,0,14,Delhi,East,9.38,5.01,1.82,14800939
3317,1,1,1,2,24,Pune,South,7.58,0.24,4.74,15835100
4327,2,1,1,0,24,Mumbai,Central,1.96,5.03,13.13,35996835
847,4,5,3,1,27,Chandigarh,South,0.55,6.09,9.76,4798467
3100,2,1,2,2,26,Mumbai,East,1.38,6.25,9.09,26279507
3158,5,4,2,0,23,Delhi,North,8.47,9.5,8.17,21683976
4844,4,5,1,1,2,Mumbai,East,4.62,6.83,4.15,43871496
526,5,5,3,1,13,Pune,South,8.85,9.9,12.16,4134055
4957,4,4,3,2,11,Mumbai,South,5.01,10.0,11.69,43964088
4967,1,1,3,0,30,Chandigarh,West,2.85,5.01,14.25,21627706
1245,4,3,3,1,26,Chandigarh,North,8.45,7.55,10.91,5995684
1561,1,2,1,0,27,Mumbai,South,5.87,0.69,5.7,12045194
4391,2,1,1,2,17,Bengaluru,West,5.0,9.47,14.19,26883397
1090,5,5,2,3,23,Chandigarh,North,3.43,3.4,4.19,6211366
2035,5,6,1,2,0,Pune,South,8.08,6.29,4.35,12564140
4975,2,1,2,0,21,Pune,East,7.61,7.4,1.15,25523754
3083,4,3,2,1,27,Pune,East,9.63,3.37,10.38,16219328
2476,4,5,1,3,3,Delhi,North,1.74,3.66,2.43,18458985
1156,1,1,3,3,14,Bengaluru,North,1.58,6.31,4.8,6326671
581,5,5,3,1,19,Delhi,North,2.4,8.55,3.24,5442369
1145,3,3,1,0,21,Chandigarh,South,0.26,2.31,10.56,5001411
887,3,3,1,2,20,Delhi,East,4.06,9.47,10.22,6997055
3271,2,2,3,0,26,Bengaluru,South,9.02,2.35,11.17,19476001
4472,3,2,1,3,27,Pune,East,8.24,1.53,10.65,22394866
2086,1,2,3,2,26,Mumbai,West,2.75,1.21,7.8,16806304
4651,4,3,3,0,30,Pune,South,0.8,4.35,0.82,22906265
4230,4,3,3,0,29,Mumbai,North,4.52,9.43,6.6,36533658
1174,3,2,3,2,18,Bengaluru,East,6.89,1.9,4.66,8552504
4811,3,3,1,0,21,Delhi,West,9.39,0.94,7.85,31671794
832,3,2,3,3,21,Pune,West,7.19,4.58,4.4,4812138
2234,1,2,3,2,27,Mumbai,Central,3.09,6.52,12.86,18856583
3018,4,4,1,1,24,Mumbai,Central,8.04,8.71,10.48,27110376
3521,5,4,3,1,27,Bengaluru,North,1.78,4.26,6.2,23113897
4455,2,3,2,1,9,Chandigarh,West,5.93,1.16,8.67,19362410
749,5,5,2,3,30,Chandigarh,Central,6.95,9.72,2.72,4673188
573,1,2,2,3,14,Bengaluru,North,3.26,1.83,2.25,4689368
4158,1,2,1,3,0,Bengaluru,West,4.28,9.29,8.58,25372591
1565,3,3,2,1,27,Mumbai,Central,5.99,7.12,12.84,13350884
4474,4,3,2,1,23,Bengaluru,Central,1.32,8.85,13.93,27189877
2371,3,4,2,3,10,Delhi,East,5.64,2.68,0.73,16575449
1522,2,2,3,0,10,Mumbai,South,9.93,9.11,7.48,14478619
2132,4,4,2,1,18,Mumbai,Central,6.5,5.74,4.79,19956563
3088,2,3,1,1,19,Chandigarh,East,6.82,3.2,13.36,14021191
1847,5,5,1,2,30,Mumbai,Central,1.11,6.99,3.37,17662374
2190,1,1,3,2,16,Bengaluru,East,4.49,4.56,9.56,12581823
2444,4,3,1,3,26,Pune,Central,8.04,6.76,9.83,12362574
4393,5,6,1,0,8,Chandigarh,West,0.81,7.52,5.87,20974370
961,2,2,3,2,7,Mumbai,North,9.23,4.57,7.39,9245243
2673,4,3,3,1,0,Delhi,West,0.4,0.6,10.27,18411646
3053,1,2,3,0,30,Chandigarh,West,7.37,7.49,12.95,13586452
3015,4,4,1,2,12,Pune,Central,6.44,5.1,7.89,17050700
645,3,2,3,1,27,Chandigarh,North,2.75,9.21,11.44,3623017
4089,5,5,3,1,23,Delhi,Central,3.43,5.16,5.44,27944982
4742,4,3,3,1,27,Delhi,West,8.03,9.89,2.79,33152959
3810,1,1,1,0,5,Delhi,West,7.41,6.11,9.87,24190291
2883,4,4,3,0,16,Pune,Central,6.03,4.2,14.7,14424020
1509,5,5,2,3,28,Bengaluru,Central,0.37,3.96,8.31,10654400
2224,1,2,3,2,30,Bengaluru,North,0.76,0.48,2.46,12689791
671,5,4,3,2,11,Mumbai,South,6.17,6.15,4.05,9344311
4450,2,3,1,0,8,Delhi,West,7.58,2.73,4.79,29818467
4936,5,5,3,1,20,Bengaluru,Central,7.63,2.13,11.85,30855144
1395,1,1,2,2,11,Bengaluru,South,2.1,5.2,6.77,8439397
4507,3,4,3,1,3,Delhi,North,0.49,1.58,1.45,30676248
3922,4,5,1,2,19,Delhi,North,8.56,4.92,6.91,26196760
2781,3,4,1,1,3,Mumbai,West,8.78,9.95,7.87,24818545
1557,2,1,2,1,20,Bengaluru,North,2.77,5.14,7.11,9422350
4917,4,3,3,0,17,Pune,North,8.25,1.96,11.49,24855308
1104,3,2,1,2,15,Chandigarh,North,4.74,7.38,0.28,5519226
4123,3,4,1,2,25,Pune,West,3.86,1.73,1.54,21754713
3978,3,4,3,2,22,Chandigarh,Central,5.28,9.65,0.44,18849730
3113,5,6,3,0,2,Mumbai,South,4.04,5.47,9.26,28874002
1228,2,3,3,1,2,Chandigarh,West,4.4,0.87,13.05,5200090
2609,4,3,3,3,15,Pune,South,2.26,9.93,8.65,14150354
1398,1,2,1,0,14,Chandigarh,South,5.06,6.39,5.1,5833270
3383,3,4,2,2,6,Bengaluru,South,6.17,7.87,12.28,21225862
3285,4,5,1,0,20,Chandigarh,East,8.03,9.74,2.88,15714098
4017,2,2,2,1,5,Chandigarh,Central,2.86,9.22,3.64,18971032
4358,2,1,2,2,2,Chandigarh,East,3.73,4.55,12.43,19984831
4249,3,3,1,1,9,Bengaluru,North,2.2,8.99,3.42,27125989
3468,3,3,2,1,20,Pune,North,5.82,3.86,10.77,17906990
4136,1,1,2,2,9,Delhi,West,9.59,0.91,5.19,27018834
1466,5,4,2,3,20,Chandigarh,West,5.08,5.36,10.5,8358012
3785,1,1,1,2,20,Delhi,East,8.88,6.93,13.24,23514577
4928,5,6,1,1,29,Mumbai,North,7.61,5.58,4.18,43758580
4537,3,2,1,1,22,Delhi,East,6.45,5.51,3.46,30039258
1547,3,4,1,3,9,Mumbai,South,0.29,4.04,13.62,15017696
4301,3,3,2,2,28,Pune,West,5.41,9.69,12.03,21429906
4769,1,1,2,0,8,Bengaluru,West,4.51,5.44,6.04,28163169
2733,3,2,1,0,28,Mumbai,East,0.85,4.06,12.56,22459858
4769,4,5,2,3,5,Mumbai,South,5.7,0.27,14.72,42343461
4254,2,2,2,2,21,Delhi,North,3.61,5.4,9.22,28682115
4321,4,3,2,2,22,Bengaluru,Central,5.79,3.08,3.78,27811563
500,1,2,2,3,11,Delhi,West,4.44,0.52,13.38,2727122
2919,5,4,2,1,13,Delhi,Central,8.51,0.31,9.69,20862497
4866,5,6,1,1,14,Pune,Central,5.1,2.28,9.59,25534458
4331,4,3,3,2,28,Pune,West,5.48,9.98,8.3,22373693
921,3,3,1,2,23,Mumbai,Central,1.16,6.41,1.62,8889568
1524,5,5,2,3,20,Mumbai,East,9.67,2.71,14.06,14299051
2693,3,4,3,1,15,Delhi,South,4.18,4.46,14.74,18143054
1571,5,6,3,2,2,Pune,Central,1.52,4.37,9.13,10003737
4742,2,1,3,3,16,Mumbai,South,2.76,3.56,7.82,41442885
3751,5,5,3,0,21,Delhi,North,6.77,3.82,6.29,26348606
879,4,3,2,2,26,Bengaluru,North,4.31,8.2,4.38,7053601
3092,5,6,1,3,29,Bengaluru,North,8.0,4.47,5.92,19628060
2986,2,2,1,2,19,Delhi,East,7.52,3.1,3.83,19885872
3539,4,5,3,3,3,Chandigarh,West,5.86,4.93,8.11,17851124
755,5,6,2,2,17,Bengaluru,North,5.01,3.81,6.28,6436069
2274,2,1,2,3,14,Delhi,East,6.85,2.45,7.78,15206948
2443,5,4,1,2,22,Chandigarh,North,5.17,6.88,9.36,11691522
817,2,3,3,3,26,Mumbai,North,9.65,8.7,3.43,7412637
3728,5,6,1,0,9,Chandigarh,Central,7.84,6.33,3.98,18096185
1487,2,2,1,3,16,Chandigarh,West,3.98,6.4,8.14,6940144
2210,4,3,2,0,15,Bengaluru,South,3.43,8.08,12.16,13862823
4696,1,2,3,1,14,Bengaluru,Central,0.63,0.29,11.67,28698623
3579,3,4,2,2,19,Delhi,Central,8.89,6.32,14.67,23696741
3545,5,4,3,2,15,Delhi,South,9.36,3.95,0.52,25152801
4185,2,2,3,3,7,Pune,East,9.58,7.46,2.15,23373447
997,4,4,1,2,4,Chandigarh,Central,2.98,3.45,2.01,6327240
1400,3,3,3,1,10,Bengaluru,West,8.56,5.08,5.44,8907431
2000,1,2,3,1,4,Pune,East,9.28,4.24,11.16,9977908
1514,2,3,1,2,27,Mumbai,Central,1.79,6.51,12.24,12645951
3296,4,3,3,0,11,Mumbai,Central,2.52,0.77,9.36,29810464
2050,4,5,1,3,2,Pune,West,8.2,2.38,1.96,13270872
1104,3,2,2,2,26,Chandigarh,Central,2.54,7.64,13.12,5268081
2137,5,6,2,2,4,Pune,West,1.12,6.01,6.05,11958408
4612,3,4,2,3,30,Mumbai,West,7.67,0.8,14.96,39707985
2139,4,5,3,1,23,Bengaluru,South,6.96,4.82,5.07,14224562
3034,5,4,3,0,16,Bengaluru,East,1.04,2.02,3.0,19959020
1451,3,3,2,2,19,Delhi,North,5.72,7.48,9.57,11012479
4250,5,6,3,0,10,Mumbai,North,5.8,2.57,12.61,38424969
4606,3,2,2,0,10,Delhi,Central,7.37,1.66,12.85,31125039
2733,5,5,3,2,18,Mumbai,South,7.56,4.58,9.58,26495644
2829,1,1,3,3,30,Chandigarh,South,7.01,7.92,6.82,12341335
1062,2,3,2,1,27,Pune,South,7.74,1.88,8.72,5814565
2069,1,1,3,3,0,Bengaluru,North,6.84,6.55,1.07,13503495
4782,2,2,1,3,21,Pune,Central,0.57,6.5,7.86,24990384
1484,4,4,3,3,26,Bengaluru,Central,5.04,1.46,13.96,9399078
3906,3,4,2,0,16,Delhi,North,6.8,9.7,9.9,25590682
3903,5,6,2,3,22,Delhi,East,3.83,6.82,5.78,27854293
3771,1,2,3,1,20,Pune,Central,1.71,8.15,1.22,20263660
2698,4,3,3,1,28,Mumbai,South,0.81,9.52,12.81,23250559
1489,4,4,1,1,21,Bengaluru,East,7.64,0.82,11.56,9812575
2120,1,2,2,0,19,Chandigarh,East,7.79,3.1,10.29,9365565
4793,1,1,1,2,10,Mumbai,West,7.3,5.02,0.49,42431430
4074,5,5,1,1,10,Chandigarh,South,0.55,2.9,14.83,19859604
1599,3,4,1,3,4,Delhi,South,8.51,9.98,8.91,11239250
2833,4,5,1,1,4,Mumbai,Central,2.73,7.85,12.49,25553520
2661,1,1,1,0,12,Mumbai,West,7.76,3.83,6.07,22692994
3845,2,1,1,1,29,Chandigarh,North,6.08,8.59,6.25,17018317
2129,3,3,1,2,19,Mumbai,West,4.03,6.39,14.22,18385024
1056,5,5,3,1,23,Mumbai,South,5.13,7.63,6.0,11830219
2130,1,1,3,2,5,Pune,South,3.39,4.59,2.97,10846952
1887,2,3,1,2,30,Pune,South,5.15,3.12,1.85,9484256
899,3,2,3,0,18,Mumbai,West,4.41,1.94,14.47,8554413
3200,2,2,3,2,11,Delhi,Central,7.08,5.48,5.03,22784460
910,4,5,3,1,18,Delhi,East,4.54,5.08,6.63,7790727
4614,1,2,1,2,28,Mumbai,North,6.06,6.5,8.76,38665906
2770,2,2,1,2,19,Delhi,West,4.14,2.56,4.99,18409842
4138,5,5,1,2,10,Mumbai,West,2.51,4.59,11.92,38025789
1422,3,2,2,1,12,Bengaluru,North,8.79,6.16,12.26,9094747
2707,1,1,1,3,19,Pune,West,6.34,4.2,3.06,13451858
4020,5,4,1,0,28,Chandigarh,South,2.11,9.35,1.75,19471476
3562,2,1,1,2,24,Delhi,North,7.19,5.17,10.1,23326678
533,5,4,2,2,13,Pune,East,7.6,3.44,4.5,3980891
3277,2,3,2,3,14,Delhi,North,2.85,6.74,0.91,21890396
4187,3,3,2,3,17,Chandigarh,West,3.83,2.16,4.44,19353770
1476,3,3,2,0,7,Chandigarh,East,0.66,2.45,14.19,6855687
3029,3,3,1,3,11,Mumbai,East,3.94,1.45,12.28,27721069
3493,2,1,3,3,11,Bengaluru,North,6.55,3.95,5.11,22347450
2449,4,5,2,3,26,Chandigarh,East,2.98,6.76,2.3,13149249
2094,2,2,2,1,17,Delhi,North,9.13,2.98,0.6,14913526
3318,1,1,1,2,16,Mumbai,East,9.08,1.68,5.89,29176671
4218,2,2,2,2,9,Bengaluru,West,5.11,5.12,13.87,25088156
2300,5,4,3,1,17,Pune,East,7.93,5.84,12.97,12046318
3431,3,2,1,0,17,Chandigarh,North,7.19,6.61,3.8,17126394
2444,1,1,1,2,10,Pune,South,8.68,2.79,6.57,12112364
1518,3,2,1,1,8,Bengaluru,East,7.06,0.51,13.38,9356821
3503,4,4,1,0,7,Delhi,South,7.68,4.67,11.1,24351265
1976,2,3,1,3,14,Mumbai,East,5.9,6.48,10.0,18366564
600,3,4,3,0,6,Pune,Central,4.45,3.78,10.8,4094554
1795,3,4,1,1,19,Chandigarh,Central,4.7,9.65,11.11,7911219
1479,4,4,3,1,14,Bengaluru,North,2.12,2.95,12.73,10004227
3699,1,1,2,2,8,Pune,East,7.65,5.85,12.53,18689787
2026,5,5,2,2,15,Chandigarh,East,8.79,7.11,0.58,10652941
3816,3,3,3,1,2,Chandigarh,South,6.71,9.43,14.29,17812178
2553,4,3,2,1,7,Pune,East,2.81,8.36,12.4,12636677
4914,2,3,1,3,14,Delhi,South,2.17,8.91,10.23,32800341
3563,4,5,1,0,6,Pune,Central,5.88,6.68,4.64,18637461
531,3,4,2,0,24,Pune,North,5.07,1.46,0.31,3382166
4356,1,1,3,1,9,Bengaluru,West,2.95,6.66,9.94,25925204
3211,4,3,1,3,13,Mumbai,Central,7.93,4.45,6.61,29803676
659,4,4,3,1,5,Pune,West,0.74,4.54,3.94,4104523
3871,1,1,3,1,17,Pune,South,4.3,3.24,4.92,20286957
662,4,5,3,2,18,Pune,East,6.12,6.25,5.57,4257871
1181,2,3,1,0,21,Mumbai,North,2.55,8.64,9.46,9264643
3735,4,3,2,1,30,Chandigarh,West,2.94,0.76,3.08,17504559
4989,5,4,2,2,29,Pune,South,6.6,9.71,2.8,27420850
556,5,4,2,0,16,Bengaluru,North,3.07,1.1,6.56,4702953
4922,2,2,2,3,8,Chandigarh,West,6.79,3.9,9.54,23054919
1871,1,2,2,3,24,Mumbai,North,5.58,6.27,4.26,16549141
2088,2,1,3,2,10,Chandigarh,North,9.53,4.04,14.37,9431307
1744,2,3,2,2,20,Mumbai,South,6.61,1.99,12.77,14863416
758,5,6,1,1,2,Pune,East,6.05,7.94,0.8,5722863
4135,2,2,1,2,19,Chandigarh,North,0.42,5.68,9.71,18940435
3004,4,3,1,1,20,Bengaluru,East,4.79,7.7,12.71,19635527
2685,5,4,2,0,21,Bengaluru,Central,6.03,7.67,9.21,16715107
4702,2,3,2,3,4,Chandigarh,North,3.09,7.02,6.74,21731816
4642,2,1,3,0,1,Mumbai,Central,9.17,0.69,12.2,39947801
3159,2,3,3,1,4,Mumbai,North,8.55,4.09,8.51,28007376
4882,1,2,1,1,2,Mumbai,East,3.1,9.64,14.76,41121444
3667,3,2,2,3,10,Chandigarh,North,0.65,8.41,13.6,16976795
1612,2,1,3,3,1,Bengaluru,Central,6.72,2.26,5.48,10715688
1514,1,2,2,0,4,Delhi,West,6.71,7.7,8.97,9928781
4282,2,2,2,1,22,Chandigarh,West,2.14,5.96,12.43,19407854
4622,1,1,2,1,20,Pune,West,4.55,2.37,4.67,22894181
3045,2,2,3,3,19,Chandigarh,North,8.66,4.63,7.57,13547044
3676,2,2,2,3,17,Mumbai,West,0.55,0.96,1.4,32352951
1123,4,3,1,2,22,Mumbai,South,2.62,4.42,5.11,12189697
1401,2,2,3,2,27,Delhi,South,1.88,4.82,13.4,9546278
3821,3,2,1,1,8,Pune,South,8.13,7.65,12.34,19806049
1023,3,4,1,0,10,Bengaluru,East,3.5,5.26,12.08,5856284
1435,5,4,3,3,21,Mumbai,West,7.58,5.97,3.65,15001734
3088,1,1,2,3,26,Bengaluru,East,8.43,6.88,11.75,17536097
2884,1,1,3,3,22,Delhi,West,2.26,2.48,12.2,18369022
2657,1,1,2,2,20,Delhi,South,3.7,1.69,12.11,17521700
3810,2,1,3,3,15,Mumbai,East,2.15,3.65,11.48,33089650
2309,4,3,3,1,21,Bengaluru,East,6.61,7.12,10.66,14764708
3914,3,4,1,1,20,Delhi,North,6.58,1.19,12.72,25987556
2642,4,3,2,3,3,Bengaluru,East,0.96,5.9,13.69,16713479
2513,3,2,1,3,2,Bengaluru,Central,5.39,3.68,7.97,16801936
824,3,4,2,0,11,Delhi,East,3.52,7.62,1.18,6188125
1320,5,4,1,1,28,Delhi,South,6.15,9.28,5.88,10027732
2339,4,3,2,1,7,Pune,Central,8.65,4.32,11.04,12253592
4945,1,1,2,3,15,Delhi,West,10.0,6.13,12.84,31401823
4112,1,2,3,3,29,Chandigarh,Central,1.24,4.99,6.75,18095767
2288,1,1,1,1,29,Mumbai,Central,9.18,9.57,6.91,18315628
834,4,3,2,3,18,Bengaluru,West,0.56,8.85,12.75,6649150
3248,3,2,2,0,24,Delhi,Central,0.89,5.15,6.69,21299280
2378,3,2,3,1,29,Delhi,West,7.44,7.62,11.22,15461964
2340,2,3,3,3,19,Bengaluru,South,0.43,8.67,0.57,15440445
3814,2,3,1,1,6,Bengaluru,Central,2.56,7.79,2.03,24014491
1470,3,2,3,2,5,Pune,North,4.55,3.25,12.54,8417511
4340,5,5,1,0,22,Mumbai,West,9.82,5.76,13.35,38211271
677,3,4,3,2,9,Pune,Central,6.45,0.37,4.9,4324875
3495,3,2,2,3,29,Delhi,South,9.06,8.34,6.22,23474204
2053,2,2,2,3,2,Pune,Central,7.22,2.98,2.2,10892535
3659,5,4,2,3,13,Chandigarh,Central,5.13,1.2,3.89,18882867
1836,5,5,2,3,1,Bengaluru,West,6.01,5.03,12.66,12465533
4915,3,2,1,1,29,Delhi,South,0.74,5.2,1.26,32752563
2572,3,3,1,0,26,Bengaluru,South,5.52,8.85,14.59,15339877
3437,5,6,2,0,18,Chandigarh,Central,6.78,7.98,10.52,16481040
2979,4,4,1,2,7,Delhi,Central,1.52,6.09,7.5,20881351
4896,4,3,3,0,13,Mumbai,West,5.87,0.78,11.75,42932069
4924,5,5,2,2,25,Delhi,West,9.14,6.0,3.42,33731479
4098,3,3,3,3,5,Bengaluru,East,7.92,2.16,4.96,26228950
577,3,2,1,0,12,Mumbai,South,5.28,1.75,11.66,5374324
4889,5,4,2,1,10,Delhi,North,1.78,8.4,9.92,33766591
3559,2,1,2,3,17,Delhi,South,7.33,7.82,12.82,22445092
1383,3,3,3,2,13,Chandigarh,South,9.97,0.8,6.6,6558540
2890,5,6,1,1,7,Delhi,North,5.05,0.53,10.12,19934021
4838,3,2,1,0,6,Pune,East,7.32,7.81,10.14,24625257
4264,3,4,1,1,21,Pune,North,4.45,4.86,4.42,22139631
2337,1,1,1,2,14,Pune,South,2.6,1.51,1.81,12187207
3716,5,5,3,1,4,Chandigarh,Central,5.38,3.34,9.94,18517262
766,1,2,2,0,8,Pune,Central,5.03,8.67,0.27,3883429
1793,3,3,3,0,0,Chandigarh,South,9.87,4.75,4.96,7975572
1312,2,2,1,3,24,Delhi,South,9.39,9.05,13.67,8757735
1633,2,3,2,3,30,Bengaluru,South,9.83,7.58,14.76,9992941
2477,3,2,3,0,18,Chandigarh,North,9.78,0.89,8.1,11266669
2432,1,2,1,1,13,Mumbai,Central,5.69,2.04,7.41,20330981
2792,4,3,3,0,9,Chandigarh,West,0.87,2.92,3.97,13164823
3431,5,4,2,1,24,Chandigarh,North,6.53,3.96,2.36,15897036
4181,1,2,3,1,25,Chandigarh,Central,6.58,7.43,5.04,19118274
815,4,4,2,3,26,Bengaluru,North,9.0,7.42,5.23,6418548
2301,1,1,1,1,7,Pune,Central,5.19,2.52,13.85,11292473
852,4,5,1,1,16,Pune,South,2.02,5.63,13.33,4858375
1717,2,1,3,0,7,Mumbai,East,4.16,9.1,7.99,14406862
4329,3,2,1,0,11,Delhi,East,8.41,7.46,14.34,28609264
4852,3,2,3,1,19,Delhi,East,5.46,6.56,3.21,32948575
3414,2,1,3,3,15,Delhi,North,3.34,8.43,5.7,23306120
1214,3,3,2,2,3,Delhi,North,6.84,0.78,5.16,9645279
3005,1,1,2,3,20,Delhi,West,6.09,9.84,4.88,20075451
2596,2,2,3,1,1,Pune,South,9.62,9.88,13.91,13287593
4600,5,4,1,1,0,Bengaluru,East,5.14,5.22,5.56,30127488
2027,4,4,2,1,11,Mumbai,West,6.64,2.04,1.85,20308540
1624,4,4,3,3,30,Mumbai,West,6.72,9.24,2.15,16665671
4856,3,3,1,0,21,Pune,Central,3.05,8.18,3.42,24873331
945,4,4,1,0,18,Delhi,West,8.04,5.38,9.25,7063618
4890,5,6,3,3,13,Delhi,Central,5.66,3.94,5.08,34132638
4714,5,4,3,0,4,Mumbai,West,6.32,3.87,2.17,42997013
898,5,6,3,3,22,Bengaluru,East,8.3,2.71,3.77,8496271
3893,2,3,1,3,24,Bengaluru,Central,6.47,3.05,8.97,24656276
4755,5,5,2,1,19,Pune,West,4.49,0.47,2.66,25488655
2355,5,4,2,1,28,Mumbai,West,1.78,0.8,12.29,21503759
1069,1,2,3,2,0,Pune,North,9.23,5.61,8.78,5717053
2496,1,1,1,1,7,Mumbai,West,7.22,1.2,11.0,20934300
2837,1,2,3,2,29,Pune,Central,3.83,0.24,2.48,13841884
4349,5,4,1,1,12,Pune,South,6.27,9.31,13.29,22218658
4092,1,2,1,3,7,Mumbai,South,0.86,1.76,14.46,34423970
3727,5,6,1,1,5,Pune,West,9.19,8.67,14.92,19229552
3503,4,3,3,2,29,Pune,North,9.59,4.55,7.89,18343110
3601,3,3,3,1,19,Mumbai,East,7.02,2.91,8.63,30547222
1846,5,6,2,3,4,Chandigarh,Central,7.96,8.2,4.78,11073439
4706,2,3,2,0,15,Bengaluru,Central,0.92,3.02,8.63,28004138
1016,1,2,1,2,3,Pune,Central,2.91,1.6,2.09,5557107
2301,3,3,2,3,5,Mumbai,Central,2.56,8.36,12.96,21309045
4090,4,3,1,3,20,Pune,East,5.42,0.31,12.53,20860085
1111,5,4,3,2,21,Delhi,North,5.09,8.63,13.56,8806922
4922,4,3,1,1,19,Chandigarh,East,9.88,6.88,4.71,22811969
578,5,4,2,0,27,Chandigarh,South,2.87,2.24,3.18,2835437
1646,2,1,2,3,17,Delhi,East,9.18,0.77,2.68,10805713
4110,1,2,1,0,6,Chandigarh,North,5.19,9.29,6.0,17871642
1015,4,3,2,2,1,Mumbai,Central,3.38,7.29,12.32,9914457
607,1,1,1,1,15,Mumbai,East,6.69,4.58,14.59,4771850
4000,3,3,3,2,22,Bengaluru,Central,1.65,9.99,10.15,24970135
2690,4,4,2,3,9,Bengaluru,East,1.21,1.34,8.02,17910004
3239,5,5,2,1,16,Delhi,South,5.98,7.83,1.92,23636109
1345,2,3,1,1,12,Chandigarh,West,9.25,7.06,0.64,5616056
1493,2,1,2,2,11,Pune,North,8.83,8.27,1.38,8053060
3911,3,4,2,1,22,Bengaluru,Central,4.31,2.38,0.27,24357830
1017,2,3,1,3,27,Chandigarh,North,8.31,5.02,9.7,3897324
576,5,5,1,3,11,Bengaluru,East,7.28,9.7,5.36,5305251
4499,5,5,3,0,13,Chandigarh,West,2.48,6.82,2.25,21786532
1744,2,3,3,0,5,Chandigarh,Central,6.88,7.05,7.02,8522552
4386,1,1,1,2,4,Mumbai,West,9.91,2.84,11.48,37333312
2368,2,1,3,2,4,Chandigarh,North,8.53,6.49,12.53,10659488
3381,3,3,3,0,15,Bengaluru,South,0.46,3.98,7.74,20918376
1035,5,4,2,1,6,Delhi,South,7.73,8.65,12.34,8900380
4589,5,5,2,0,14,Delhi,East,2.85,4.57,13.17,31297699
1652,3,4,2,3,20,Pune,North,9.09,8.75,10.84,9135117
2633,1,1,3,1,28,Chandigarh,North,9.16,3.67,10.65,11585204
2649,2,3,2,1,22,Chandigarh,North,6.48,4.88,10.19,11506216
4376,1,1,1,2,10,Mumbai,East,7.99,7.01,8.7,37549913
4112,5,5,1,0,28,Mumbai,South,4.32,4.96,13.95,36471279
763,4,3,3,2,30,Delhi,North,4.5,10.0,7.81,6245614
3659,4,5,1,0,6,Delhi,South,9.02,1.97,3.1,24887808
3712,5,6,1,3,10,Pune,South,7.56,0.78,5.23,20258821
3417,2,2,3,2,1,Chandigarh,North,3.88,0.84,11.12,15693027
4517,5,6,2,3,6,Delhi,South,5.61,9.88,11.94,32215080
586,2,3,2,3,9,Mumbai,Central,5.15,0.38,1.88,5691706
4422,1,1,2,1,6,Pune,North,9.8,2.32,6.37,22543278
4865,3,4,2,2,13,Chandigarh,North,2.38,6.11,12.0,22377658
1759,2,1,1,1,13,Chandigarh,South,6.75,8.63,7.91,8403455
704,1,1,1,0,7,Delhi,Central,8.47,1.42,2.03,4834371
1605,4,5,2,3,13,Mumbai,North,5.89,2.86,6.49,16409126
4881,1,2,1,1,26,Chandigarh,Central,2.0,5.93,6.24,21105364
4319,5,5,2,1,10,Mumbai,East,9.23,2.3,12.44,38861956
1034,3,2,2,3,13,Chandigarh,North,9.53,6.77,4.79,6093617
3560,2,2,1,0,14,Chandigarh,South,4.68,8.18,4.81,15582090
3849,4,3,2,0,2,Chandigarh,Central,8.49,2.47,12.26,18351045
1005,5,5,2,2,14,Bengaluru,North,4.85,4.16,14.22,7111603
4463,5,6,2,1,12,Bengaluru,Central,4.21,6.22,2.96,28614260
2016,4,3,3,3,19,Mumbai,Central,9.87,5.34,12.72,19462640
1033,2,3,2,3,15,Chandigarh,West,9.33,7.51,4.1,5736010
2224,2,3,2,0,17,Chandigarh,West,8.77,8.87,1.69,10364077
4481,3,3,1,3,22,Delhi,South,7.34,2.55,7.23,30485442
3499,2,3,2,2,16,Bengaluru,Central,3.44,6.11,12.41,21323231
647,3,3,1,1,14,Delhi,Central,6.85,5.27,9.05,4742770
1422,3,4,2,2,29,Mumbai,North,3.19,5.21,13.21,12929553
3709,2,2,2,1,3,Bengaluru,West,5.8,5.38,8.35,23035243
3422,4,3,1,3,3,Bengaluru,East,1.52,4.25,1.52,23758761
1853,3,2,3,0,30,Bengaluru,West,3.85,1.58,8.12,11085615
3286,1,1,3,2,12,Mumbai,West,4.18,2.48,0.65,28433504
3402,2,1,1,2,17,Chandigarh,North,6.88,6.72,6.51,16149198
4395,2,1,1,3,5,Mumbai,South,2.02,6.89,1.02,38676590
2595,5,4,2,0,4,Pune,East,8.98,9.74,8.77,14219424
1713,4,3,3,3,6,Bengaluru,West,4.43,4.38,2.95,12209636
763,2,3,1,0,4,Pune,North,2.29,7.37,1.91,4598363
3046,2,3,3,2,7,Bengaluru,Central,7.31,2.52,2.24,20001870
4174,2,1,1,1,19,Bengaluru,South,1.81,8.97,4.57,25452460
2669,1,1,2,2,16,Bengaluru,East,2.5,6.76,12.66,15372366
1786,3,3,2,1,28,Bengaluru,West,2.2,4.2,11.75,10670753
3678,3,3,1,0,18,Chandigarh,West,8.15,7.59,13.41,16172837
3427,2,3,1,3,19,Chandigarh,West,9.47,5.02,8.44,15561762
3180,5,4,3,0,9,Pune,South,2.85,4.68,11.32,17612306
2029,2,2,2,2,30,Mumbai,East,8.91,2.12,1.05,18687065
1428,3,2,2,0,25,Delhi,West,4.11,3.16,3.76,10683011
3303,2,2,2,1,17,Delhi,West,2.25,5.5,7.02,22674443
882,4,4,2,2,18,Chandigarh,South,6.08,3.5,0.88,5476775
1703,1,1,2,1,27,Delhi,West,9.86,2.06,9.52,9318024
3825,3,2,3,1,4,Pune,East,4.64,1.43,3.38,20267262
1725,3,4,3,2,7,Mumbai,Central,5.33,3.29,7.37,15472515
1821,3,2,1,0,27,Delhi,West,7.03,8.48,4.44,12796821
3850,4,4,1,1,22,Pune,West,6.28,5.23,1.89,19910095
2524,5,5,1,2,1,Delhi,East,3.66,5.02,1.56,19324592
4168,4,5,3,0,24,Pune,West,8.91,5.38,9.5,21639760
2736,2,2,2,0,6,Delhi,East,7.14,6.47,10.13,18426718
4720,3,4,1,2,14,Pune,West,4.15,8.08,9.63,24643372
4891,2,3,1,1,14,Chandigarh,East,7.55,4.4,10.22,21327034
1509,3,2,1,1,6,Chandigarh,North,2.48,4.74,9.7,7517180
989,1,2,1,3,15,Chandigarh,North,6.24,3.9,8.57,4674561
2214,4,3,1,0,9,Pune,East,6.18,4.35,13.81,11078528
4801,1,2,1,0,12,Delhi,Central,3.4,9.45,9.88,30057871
3726,1,1,1,3,2,Pune,East,2.08,1.75,14.31,18803347
4294,4,4,1,1,19,Chandigarh,North,5.94,7.86,5.77,19319947
734,3,2,3,2,1,Pune,West,3.46,3.66,4.77,4436910
2974,3,2,3,0,18,Chandigarh,North,9.81,9.91,5.47,14170778
3879,2,1,2,0,17,Mumbai,North,1.17,3.48,1.29,33610665
4067,2,3,2,1,3,Bengaluru,East,9.77,9.56,11.94,24444860
4333,2,1,2,2,15,Delhi,North,4.36,3.28,13.75,28223382
2780,1,2,3,1,2,Bengaluru,North,7.45,2.61,13.08,17150019
4392,2,1,1,0,26,Delhi,Central,3.08,8.83,12.6,28774311
4759,5,6,1,3,6,Pune,East,0.9,0.65,0.77,25242620
3704,2,2,2,2,25,Bengaluru,North,3.66,8.53,10.7,22263678
4177,4,4,1,2,16,Delhi,South,8.16,8.45,10.12,28780625
2935,4,3,2,1,24,Chandigarh,West,3.89,1.76,8.88,14024634
767,4,3,2,2,28,Pune,South,9.25,7.63,1.45,3844726
2560,1,1,3,3,13,Pune,West,2.3,3.62,2.78,12651146
4460,1,1,2,3,0,Delhi,South,4.68,1.92,7.08,30227413
3308,4,3,1,2,3,Pune,East,1.47,3.44,4.88,18943057
4766,5,4,2,1,3,Pune,North,5.6,0.81,5.74,25852735
2025,4,4,1,1,15,Mumbai,North,5.33,6.82,1.88,19926085
1111,1,2,1,3,30,Bengaluru,North,2.19,1.86,1.54,6862818
1145,5,4,2,2,25,Chandigarh,North,1.84,2.89,3.74,7323801
1050,4,3,3,1,30,Bengaluru,West,6.76,7.82,10.71,6894050
1389,1,2,2,0,12,Delhi,Central,1.73,0.68,6.3,8717124
2783,1,2,2,3,6,Mumbai,West,5.71,7.01,7.57,23111532
3898,4,4,2,2,15,Mumbai,North,8.6,5.95,11.73,34712839
4257,1,1,2,0,30,Pune,South,1.94,1.65,8.69,21093499
2367,4,3,2,3,4,Bengaluru,North,3.8,8.83,12.05,14824293
980,4,3,1,3,22,Bengaluru,West,2.39,4.78,12.3,6731664
3519,5,6,3,3,2,Bengaluru,West,8.24,6.19,5.72,23146152
3890,5,4,1,1,2,Mumbai,West,4.77,6.54,7.1,35364164
748,5,4,1,3,19,Bengaluru,West,6.65,2.64,9.75,6899746
4213,1,2,3,1,2,Bengaluru,East,7.64,2.25,1.58,25341274
3434,5,5,2,3,27,Delhi,South,8.1,2.91,13.48,23743086
4587,4,4,2,2,25,Delhi,South,8.4,4.29,11.99,30002529
4401,3,4,2,3,17,Bengaluru,South,7.09,9.01,3.52,29138198
2395,3,2,2,0,0,Pune,East,1.25,1.52,12.59,12217063
3279,5,4,1,3,6,Bengaluru,Central,2.06,0.95,8.87,22634969
3413,3,2,1,2,11,Chandigarh,North,5.59,6.18,10.5,16332641
3445,2,1,3,2,6,Pune,East,8.53,8.03,7.66,17568525
3011,2,1,2,0,16,Bengaluru,Central,7.35,6.59,1.05,18573432
3152,2,1,2,2,23,Bengaluru,East,9.57,1.91,8.17,19171770
4191,2,2,3,0,11,Chandigarh,Central,6.69,1.71,7.59,18901187
2924,1,2,3,1,27,Chandigarh,North,6.93,0.79,8.41,13499269
1813,4,5,3,3,19,Bengaluru,West,2.81,0.42,12.54,11478696
2272,3,2,3,0,8,Bengaluru,South,6.9,0.97,8.46,14462365
4405,1,1,3,2,20,Bengaluru,South,9.74,9.37,0.34,26795969
4083,3,4,1,2,16,Delhi,North,8.52,4.54,4.08,27767151
4706,4,5,3,1,26,Pune,East,9.76,7.2,1.39,24556904
3228,3,4,3,2,20,Bengaluru,South,5.16,6.28,13.43,19906599
4101,2,2,3,0,6,Mumbai,Central,1.35,5.68,4.65,35896835
3656,5,5,1,0,27,Chandigarh,Central,4.58,9.14,13.53,16537314
1291,4,5,3,1,7,Mumbai,North,3.46,5.66,0.89,13348530
4452,1,2,3,3,12,Pune,North,2.5,3.83,5.85,22415748
2659,5,4,3,1,22,Chandigarh,North,6.4,4.39,3.9,12890794
4538,1,1,2,1,26,Mumbai,North,6.77,6.52,3.48,38634208
940,1,2,2,2,0,Chandigarh,East,3.73,7.86,11.23,4249294
3716,2,2,3,0,25,Bengaluru,West,7.23,1.6,0.54,23032092
1152,5,6,3,3,12,Pune,North,2.94,6.47,4.88,6648157
4869,5,4,3,3,6,Pune,North,6.7,5.73,13.87,25529039
776,5,4,1,2,11,Bengaluru,West,1.82,5.13,9.85,6606126
4844,5,6,3,2,21,Mumbai,South,8.31,6.83,7.18,44449430
654,5,4,3,1,13,Mumbai,East,5.82,3.49,5.29,7535398
861,1,1,1,1,6,Delhi,East,4.1,3.78,4.4,5485975
4583,4,3,1,0,14,Chandigarh,East,4.08,9.46,12.44,21953955
1995,2,3,3,1,14,Pune,West,8.89,5.97,10.25,10964872
2012,4,4,1,0,22,Bengaluru,East,7.9,0.34,13.7,12926994
623,2,3,3,1,26,Delhi,Central,6.47,4.28,10.24,3777530
2426,4,5,1,2,5,Pune,West,0.23,5.58,6.14,13699640
1700,1,2,2,3,14,Pune,Central,7.23,4.89,6.0,7809330
2106,5,6,1,3,20,Mumbai,West,8.56,7.89,1.06,21041984
4050,4,3,2,0,16,Pune,South,5.09,3.67,14.01,20330716
4769,1,2,3,2,28,Delhi,South,6.82,5.16,2.37,31217603
4231,2,1,3,2,10,Mumbai,Central,5.8,5.68,4.74,36741489
796,3,2,3,1,17,Delhi,Central,4.75,7.61,8.85,5521755
2239,3,2,1,1,6,Chandigarh,South,5.68,6.22,13.97,10344410
2105,4,5,2,0,7,Delhi,South,2.77,6.24,8.84,15036968
4617,1,1,2,3,4,Chandigarh,Central,1.37,5.87,4.99,20686570
1296,5,4,2,1,28,Bengaluru,Central,8.7,3.89,5.42,8898891
3741,2,1,3,0,7,Chandigarh,Central,1.39,7.08,10.07,16913321
4394,5,5,2,0,2,Mumbai,West,2.17,1.0,5.22,40296085
3735,1,1,1,3,23,Delhi,Central,3.78,0.47,14.62,23153075
973,3,4,3,0,0,Chandigarh,Central,5.86,5.43,3.28,5515490
2156,4,5,2,3,5,Pune,East,2.91,8.75,10.39,11927042
728,4,3,1,0,18,Pune,North,3.46,5.51,12.24,3963441
2534,5,4,2,1,25,Mumbai,South,4.59,6.43,0.32,23202406
501,4,5,3,0,16,Chandigarh,South,8.11,0.52,0.92,3022366
1471,1,1,2,1,30,Bengaluru,East,3.1,2.62,6.83,9022498
3387,5,5,1,0,25,Bengaluru,West,4.05,4.98,5.37,21849805
4695,3,4,3,1,22,Bengaluru,Central,8.69,3.34,8.31,29112842
2878,2,2,3,3,1,Chandigarh,North,9.62,3.87,8.23,13473012
2616,4,5,2,1,8,Pune,Central,8.16,2.31,6.82,14783155
3868,1,1,3,2,5,Mumbai,East,3.27,5.38,4.32,33745597
1059,5,4,2,2,8,Mumbai,North,8.62,0.69,6.1,12339362
4762,3,4,1,2,28,Delhi,North,6.8,3.7,12.28,30356152
4631,1,1,3,3,9,Pune,East,3.33,5.0,1.33,23814804
4249,5,6,2,0,23,Bengaluru,Central,2.3,1.04,13.47,26609473
1958,1,1,3,2,16,Delhi,West,4.0,6.48,13.15,12443045
2258,4,5,3,3,2,Mumbai,North,9.8,1.7,13.92,22526218
2035,4,5,2,2,6,Bengaluru,West,5.37,0.39,7.55,14064677
2497,1,1,3,0,24,Pune,West,9.49,9.03,10.58,11075365
2215,2,2,3,1,29,Chandigarh,East,3.37,6.74,5.49,10379740
3917,1,1,1,3,25,Delhi,East,4.11,1.47,1.32,25214461
1119,5,6,3,3,26,Pune,Central,1.52,0.72,1.97,7633633
4272,3,3,2,2,6,Mumbai,North,1.62,6.41,6.19,38833659
4047,3,2,1,0,28,Bengaluru,East,9.33,2.06,5.13,24660114
1526,1,1,2,1,6,Pune,Central,5.5,3.07,10.4,7813853
3789,2,1,2,3,11,Bengaluru,East,3.2,6.82,2.2,23797691
607,1,1,2,1,12,Chandigarh,East,1.09,4.23,5.4,3586377
4100,2,2,1,2,19,Delhi,East,6.33,4.75,9.2,27111364
2956,1,1,2,3,22,Delhi,North,2.04,5.13,11.15,19417575
2503,2,1,2,3,21,Pune,Central,3.3,0.65,9.56,12590139
2519,1,1,2,1,25,Bengaluru,West,0.58,9.5,14.48,14663965
1978,1,1,1,1,0,Bengaluru,Central,0.44,0.63,0.64,11993465
1738,1,1,1,0,28,Chandigarh,North,7.92,5.05,6.55,7398463
2945,4,4,1,1,24,Mumbai,South,5.34,6.91,5.21,26632263
4938,3,2,3,1,29,Delhi,South,1.98,6.18,12.29,32985707
3971,4,5,1,0,14,Pune,Central,8.18,9.93,0.64,20509189
3441,3,3,1,3,17,Delhi,South,8.6,5.38,5.05,23932067
1903,3,3,3,0,0,Delhi,South,9.57,0.35,1.07,12961611
704,2,1,2,3,19,Delhi,West,3.83,5.42,0.51,6756391
4485,3,2,3,3,25,Delhi,Central,6.75,9.86,2.47,30540628
1859,3,2,2,2,19,Bengaluru,Central,4.0,3.0,10.64,11294038
2863,5,4,2,3,3,Mumbai,West,9.09,0.93,0.94,28061107
1943,4,3,2,1,14,Bengaluru,North,6.09,6.55,10.39,12422979
2647,2,1,2,1,4,Mumbai,South,2.48,0.78,9.87,23469064
1710,4,5,1,0,8,Mumbai,North,9.61,1.28,1.2,16836499
4360,1,2,1,1,20,Chandigarh,North,8.82,5.04,2.64,19357253
1787,4,5,2,0,21,Bengaluru,East,1.48,8.63,10.04,11699631
1240,5,4,1,1,22,Chandigarh,North,5.47,9.34,3.73,7030551
4012,3,3,2,2,2,Delhi,West,4.67,4.39,1.28,28086891
1034,2,3,1,3,13,Bengaluru,North,9.08,9.94,6.44,5711420
1036,2,3,1,2,11,Pune,South,7.49,5.7,8.67,6059187
1286,5,4,2,0,11,Mumbai,North,6.97,5.72,2.38,13461352
3794,2,2,1,3,30,Chandigarh,South,2.31,9.36,3.24,17611945
1677,2,3,2,2,13,Delhi,West,8.94,1.9,6.49,11848877
2120,3,3,3,0,16,Bengaluru,West,0.35,4.37,8.94,12761515
2851,5,5,3,2,10,Chandigarh,Central,2.47,4.02,10.49,13806110
1069,2,2,1,3,1,Bengaluru,South,1.68,6.41,10.18,7241788
2750,3,2,3,1,21,Bengaluru,East,2.62,7.26,3.85,16306949
4587,4,5,3,3,12,Mumbai,North,0.72,0.79,11.81,41212728
3606,5,4,2,3,6,Bengaluru,Central,3.44,1.24,7.37,24506388
1917,2,2,2,0,21,Delhi,South,7.14,4.76,2.42,12276029
4236,4,3,3,0,8,Pune,West,5.47,8.61,2.81,22364625
2034,5,4,3,2,4,Bengaluru,North,5.88,6.66,12.87,13668751
880,3,2,2,1,26,Delhi,Central,6.56,4.88,2.48,6980629
971,1,1,2,1,2,Chandigarh,West,8.03,7.65,4.82,4586072
1883,5,5,3,0,14,Chandigarh,South,3.72,3.02,5.41,10727642
4706,3,4,3,2,6,Delhi,North,6.06,1.43,14.68,32077881
4400,4,3,3,1,27,Chandigarh,South,7.9,9.58,13.54,20188182
1094,1,2,3,1,30,Mumbai,South,0.33,9.39,6.79,8786769
2113,5,6,1,3,30,Mumbai,South,0.84,5.03,14.89,19846320
3600,2,1,2,0,19,Chandigarh,Central,3.14,3.19,5.93,16051705
1510,4,3,3,0,28,Pune,Central,7.64,1.62,4.05,8909468
1654,3,3,1,1,18,Chandigarh,East,8.63,4.25,9.26,8565053
1029,1,1,1,1,3,Delhi,North,3.6,3.44,4.19,7422043
3023,5,4,1,2,20,Pune,Central,0.92,5.81,8.72,15946089
2726,4,4,3,1,12,Mumbai,Central,6.58,7.77,9.27,24018201
914,5,4,3,2,14,Delhi,East,8.31,2.89,10.96,7652149
3262,5,4,1,3,15,Delhi,West,0.78,2.73,7.46,23433320
2405,1,2,3,0,6,Delhi,South,2.25,9.01,0.52,15868185
1616,4,5,2,1,25,Mumbai,North,2.99,2.78,7.92,15080978
3194,3,4,1,2,6,Delhi,South,4.16,6.65,5.9,21417078
2443,3,4,2,1,29,Bengaluru,West,2.99,6.51,12.22,14975822
1598,5,6,1,1,28,Chandigarh,East,9.16,6.5,10.18,7683943
638,1,1,2,1,0,Chandigarh,North,1.03,7.94,1.77,3730047
2794,1,1,2,3,30,Mumbai,South,5.98,3.41,13.52,22464103
2148,4,3,1,3,23,Mumbai,West,9.39,8.69,1.31,20384225
1135,4,4,2,2,24,Mumbai,West,1.85,1.47,8.55,11620528
1415,2,3,2,2,22,Pune,South,9.95,3.55,5.3,7777522
3181,2,2,2,3,23,Mumbai,North,4.78,6.74,7.5,28243483
4609,3,3,2,0,10,Mumbai,South,4.53,0.67,4.74,40748971
4127,3,2,3,3,26,Bengaluru,West,0.23,6.52,10.03,25651230
4864,5,4,1,2,1,Delhi,North,0.54,0.5,12.62,34812857
3218,3,3,3,3,3,Bengaluru,East,1.27,0.93,5.74,22081332
520,1,1,3,1,14,Pune,West,2.36,6.23,14.51,2123581
3371,5,5,1,3,8,Mumbai,East,6.28,8.44,11.01,32051833
4222,3,4,1,1,9,Pune,Central,8.06,5.24,14.42,21518955
2276,3,3,1,2,6,Bengaluru,West,8.55,8.44,1.75,14516825
1713,2,3,3,3,7,Mumbai,West,2.01,3.95,5.78,15748693
3338,1,1,1,1,28,Bengaluru,West,4.05,1.05,10.1,19668020
3264,5,4,3,1,8,Delhi,Central,2.78,4.1,5.86,23930040
3734,5,4,1,0,8,Bengaluru,North,2.0,3.25,8.48,23952856
591,3,3,2,0,6,Mumbai,North,1.06,2.78,5.63,6197564
2811,1,1,3,1,18,Delhi,North,7.15,4.29,13.74,16997075
3442,1,1,2,1,20,Bengaluru,East,4.49,3.5,12.1,19034339
665,1,1,3,1,16,Chandigarh,Central,7.11,1.49,6.77,3321383
2187,3,2,3,1,25,Mumbai,Central,8.83,8.76,6.1,20550465
4964,1,1,1,2,26,Mumbai,South,3.11,1.87,7.23,41588522
3761,5,4,1,1,16,Chandigarh,North,7.78,2.58,4.36,18928726
3940,2,2,3,3,10,Delhi,West,2.74,8.31,6.39,26316483
4809,4,3,3,0,14,Chandigarh,East,6.24,5.0,7.0,21987287
1492,3,3,3,1,22,Delhi,South,7.48,1.92,4.27,10543346
859,5,4,1,1,7,Mumbai,Central,4.68,4.02,6.93,10530932
1745,5,5,3,0,13,Mumbai,North,2.57,5.34,0.93,17145598
696,3,4,1,3,18,Chandigarh,South,4.14,10.0,4.39,3886420
889,3,3,1,2,7,Chandigarh,East,2.31,6.36,1.11,6165289
3204,4,4,2,1,0,Mumbai,South,9.97,3.68,5.92,30210648
3490,1,1,3,2,15,Delhi,East,8.56,3.06,7.03,22987299
1320,3,2,2,1,30,Delhi,South,4.78,7.82,2.54,9927439
1700,4,5,3,2,22,Mumbai,East,7.09,8.78,14.17,15837043
1031,4,3,1,0,16,Bengaluru,West,4.19,6.93,4.69,7009217
1396,1,1,2,0,21,Chandigarh,North,8.24,0.45,1.72,5554057
3598,1,2,1,0,2,Chandigarh,Central,2.76,5.27,5.55,16754232
4116,5,4,3,1,21,Pune,South,6.39,1.09,14.58,21641120
4917,3,4,2,1,3,Mumbai,East,9.57,8.04,11.56,42984344
2571,5,6,3,1,23,Pune,East,7.63,6.85,5.08,14351036
3661,3,2,3,0,15,Pune,West,8.2,0.72,8.77,19922641
569,5,5,3,3,11,Mumbai,North,3.24,3.26,11.38,7322569
3125,1,1,2,1,17,Mumbai,East,5.7,2.75,6.14,26329692
3084,4,4,1,1,15,Mumbai,Central,4.5,5.14,2.05,28794738
4253,2,3,2,1,11,Chandigarh,Central,2.81,6.74,13.88,19912930
584,4,5,1,1,20,Bengaluru,West,4.87,4.91,9.34,4797415
1326,3,3,1,0,21,Chandigarh,North,7.77,5.13,3.12,6520134
687,1,2,3,3,11,Chandigarh,North,5.39,6.33,12.71,3046490
3531,3,3,3,3,23,Delhi,Central,8.26,1.99,2.04,24804846
1016,5,4,1,1,25,Bengaluru,Central,0.69,8.52,1.27,7647406
2537,1,2,1,0,25,Mumbai,North,0.67,8.34,12.84,20565494
4530,4,4,3,3,3,Chandigarh,South,8.63,3.62,0.94,21715575
1703,1,1,1,1,22,Chandigarh,North,5.41,9.54,2.49,8076147
2387,2,2,3,0,10,Pune,North,8.25,3.23,13.38,11862632
3320,4,4,3,3,21,Chandigarh,East,5.71,8.55,3.78,16590078
2230,5,4,1,0,26,Delhi,West,1.96,1.02,6.79,16547840
853,5,5,3,2,16,Chandigarh,West,9.68,8.83,6.91,5710573
737,5,5,2,2,15,Chandigarh,Central,9.06,6.29,13.08,4580681
1804,4,3,3,2,23,Delhi,Central,4.56,1.88,6.3,13034481
4075,1,1,1,0,1,Mumbai,North,1.18,2.77,3.84,35194559
4542,1,2,3,3,22,Bengaluru,North,3.37,8.53,10.68,27893887
2477,3,4,1,1,7,Mumbai,South,1.45,5.05,3.83,22699621
2853,4,5,2,2,11,Delhi,East,5.29,6.14,14.56,19634717
2496,5,6,3,1,26,Chandigarh,Central,6.85,5.73,3.61,12456672
2054,1,2,3,3,28,Pune,North,4.74,9.55,2.25,10139253
1935,2,1,2,3,25,Bengaluru,South,2.98,3.02,3.66,12718271
1894,3,3,1,2,18,Pune,South,0.38,6.06,0.67,10396801
3714,4,5,1,3,15,Chandigarh,North,0.29,3.3,10.27,17926832
4632,2,1,2,1,8,Chandigarh,West,1.84,9.18,13.47,20367352
1891,3,2,1,2,21,Mumbai,East,8.53,0.31,1.34,17394052
4045,1,1,1,1,11,Chandigarh,West,2.95,3.07,2.28,18153041
1780,5,5,2,1,8,Delhi,South,0.63,9.93,3.96,14611131
1611,1,1,3,1,1,Chandigarh,South,7.94,3.23,14.24,6881036
2001,1,2,2,2,8,Chandigarh,West,0.98,7.14,6.99,8313147
1928,4,5,2,2,25,Delhi,East,3.07,3.68,7.93,14929235
1344,2,2,1,3,15,Bengaluru,Central,1.59,5.42,9.22,8140969
1058,5,5,1,2,9,Chandigarh,West,5.47,3.49,13.42,6042355
3628,4,3,1,2,29,Mumbai,West,4.32,8.7,7.98,33300432
4007,1,1,1,1,16,Delhi,Central,2.67,9.56,7.47,25738299
4356,3,4,2,3,9,Mumbai,North,1.1,8.96,12.84,38747701
1819,1,2,2,0,26,Mumbai,South,5.98,6.4,13.84,14188989
2044,2,2,3,1,20,Pune,South,8.61,1.03,3.36,10861367
2468,1,1,1,0,11,Chandigarh,Central,0.5,8.52,5.88,10306163
3919,5,6,1,2,16,Chandigarh,Central,6.93,8.2,12.03,18945279
606,2,1,2,0,25,Mumbai,West,4.96,3.33,10.21,4670699
4931,3,2,1,2,29,Chandigarh,West,8.23,9.93,5.36,22623857
4524,3,2,2,3,11,Chandigarh,South,5.02,9.29,1.36,21938543
3695,3,2,2,2,24,Delhi,South,4.94,7.21,8.37,25099608
3677,3,2,2,1,2,Mumbai,North,1.66,5.12,10.98,32455394
2153,1,2,1,0,8,Mumbai,West,6.73,5.87,6.67,17656044
4281,1,1,1,2,2,Mumbai,Central,0.9,8.53,12.47,36499707
3728,1,1,2,3,5,Delhi,Central,3.23,9.91,14.05,24127547
3655,5,4,1,1,12,Chandigarh,South,2.77,3.0,5.42,17160213
4704,4,3,3,2,17,Mumbai,Central,6.24,2.9,6.8,40979258
790,5,4,1,3,23,Bengaluru,North,6.47,1.37,3.6,7031645
4154,4,3,1,2,30,Delhi,West,3.24,3.89,9.25,28337340
3526,5,6,1,1,28,Bengaluru,Central,9.64,0.4,3.15,22571859
3623,4,4,3,0,15,Delhi,West,6.5,8.8,5.07,24703248
4278,2,2,2,3,19,Delhi,East,2.01,8.1,7.09,29035491
2533,2,3,3,1,1,Delhi,South,0.55,6.77,1.06,16912656
1394,4,4,3,1,15,Mumbai,East,7.49,7.66,10.8,13263998
1669,3,3,2,3,6,Chandigarh,Central,1.12,0.32,12.26,7998786
1988,1,2,2,2,27,Chandigarh,Central,4.92,7.6,10.1,9450434
3406,4,4,1,3,0,Pune,South,2.8,8.22,12.2,19817043
3459,3,4,2,3,11,Mumbai,Central,4.97,1.0,0.82,31685065
1641,5,5,1,3,0,Mumbai,North,6.72,4.37,2.03,17817608
520,3,3,3,2,10,Delhi,Central,6.67,6.32,4.93,4975693
4809,3,3,2,3,1,Chandigarh,West,1.68,8.86,2.98,23799016
4161,2,2,2,2,7,Pune,West,7.11,5.97,14.55,22556640
4935,5,6,1,2,25,Delhi,South,6.05,6.59,5.36,34704906
505,2,2,3,1,21,Bengaluru,West,0.94,4.05,1.59,3741884
2805,3,3,3,2,9,Bengaluru,North,3.76,1.83,10.56,17525548
3892,3,4,3,2,16,Delhi,North,8.35,2.66,7.02,26755073
3148,1,1,3,0,2,Bengaluru,East,9.13,6.83,5.13,18953666
1734,5,5,3,3,25,Delhi,West,6.45,9.8,11.35,13138621
1842,5,4,3,1,20,Delhi,East,5.1,7.14,11.52,13734228
2896,4,3,2,1,29,Bengaluru,West,3.83,8.1,1.48,18904257
666,5,5,1,1,8,Pune,West,3.36,7.71,2.08,5163518
2335,5,5,2,1,10,Bengaluru,Central,4.05,9.52,11.47,16436778
3911,4,4,3,1,16,Chandigarh,South,8.24,2.6,10.0,17686379
4442,3,4,3,2,6,Chandigarh,South,6.71,7.35,4.75,21149719
3440,2,2,3,2,4,Pune,West,8.19,5.32,3.56,18311521
2799,1,1,2,0,28,Pune,North,4.37,6.21,1.53,13834304
2143,4,3,2,0,2,Chandigarh,South,0.4,3.38,6.1,11079004
1525,3,2,3,2,1,Chandigarh,West,2.56,2.42,7.48,7954459
675,2,2,2,2,10,Bengaluru,North,4.72,5.52,2.3,5318177
2184,5,4,3,0,10,Chandigarh,North,1.74,8.94,1.96,11536763
1604,5,5,1,1,10,Pune,East,9.05,1.95,12.32,8940481
4199,1,1,3,1,20,Bengaluru,Central,7.9,9.52,6.75,24970981
3254,1,2,3,1,9,Mumbai,West,3.85,6.36,2.79,28530952
4239,5,4,1,0,4,Chandigarh,West,1.64,2.76,14.94,19975559
1246,5,5,1,0,23,Mumbai,North,1.96,2.4,9.05,12711094
3857,2,3,3,1,3,Delhi,East,0.45,7.27,3.87,25705247
2286,5,6,2,2,6,Pune,South,4.21,7.31,1.67,13304150
1865,3,4,3,2,0,Pune,West,6.15,9.32,2.43,10849363
3686,3,3,3,3,9,Chandigarh,North,4.81,5.33,3.28,18161188
1946,3,4,1,3,13,Pune,West,4.61,6.98,0.92,12224015
4878,1,1,1,1,6,Mumbai,West,2.1,5.53,3.43,41521869
2237,4,3,1,0,16,Pune,South,9.05,7.71,7.5,12626082
3170,4,5,3,1,9,Delhi,West,0.76,7.45,7.72,22015132
3980,5,6,1,2,2,Bengaluru,Central,4.28,0.56,11.72,25709918
2265,2,3,2,0,7,Chandigarh,North,4.01,5.93,13.61,10191579
4103,4,4,1,1,12,Pune,West,10.0,5.59,9.37,21581983
1870,2,3,3,2,2,Bengaluru,Central,7.12,3.95,4.94,12197957
4467,4,5,2,0,24,Mumbai,South,8.53,6.18,12.55,38819574
3408,4,4,3,3,8,Mumbai,West,4.68,9.7,0.68,32035435
1145,5,4,3,0,26,Bengaluru,East,2.73,8.24,4.31,7338942
2483,3,3,2,1,28,Pune,North,3.98,2.58,8.71,13409034
2628,3,2,3,0,20,Chandigarh,North,7.91,9.01,4.15,12192902
3565,1,2,2,1,15,Bengaluru,South,5.48,7.01,12.59,20299372
4447,2,1,3,1,15,Bengaluru,East,3.74,7.89,3.75,27405953
4693,2,3,2,0,14,Mumbai,South,7.27,7.68,13.26,40637215
2957,2,1,2,1,26,Chandigarh,North,6.14,1.34,13.4,13322820
4306,5,5,3,1,15,Bengaluru,Central,0.61,7.67,8.68,26848676
4368,1,1,3,3,25,Delhi,South,2.5,3.46,9.47,28561337
1712,4,4,2,0,24,Chandigarh,North,3.69,6.39,13.71,8210513
4645,4,5,2,3,10,Chandigarh,Central,4.76,7.32,10.61,22170360
3471,4,3,3,2,9,Mumbai,Central,2.46,9.7,9.97,31892861
2307,5,4,1,1,2,Bengaluru,East,5.62,2.05,5.36,15674259
4554,2,1,3,2,15,Pune,East,9.93,3.16,10.27,23199243
584,4,3,3,2,11,Bengaluru,North,5.92,9.46,14.84,3865092
2631,3,2,1,0,20,Mumbai,West,3.88,4.13,2.55,24222406
4603,4,4,1,1,2,Mumbai,Central,6.07,3.68,3.19,42876082
2578,2,2,2,2,25,Bengaluru,South,3.86,6.92,9.42,16293466
3392,1,2,3,2,8,Delhi,West,0.83,8.42,2.97,22946314
2189,2,1,1,0,9,Chandigarh,South,3.27,6.61,3.29,9387098
2621,1,1,2,1,25,Mumbai,South,5.74,8.38,3.48,22386749
859,4,5,1,0,1,Mumbai,South,5.04,1.13,3.52,9977516
4400,4,5,1,0,13,Chandigarh,South,3.77,6.56,9.25,20743726
942,3,4,1,3,5,Bengaluru,South,7.58,5.82,10.51,7403288
2753,1,1,3,1,10,Chandigarh,West,6.39,8.81,2.84,12450175
3060,2,3,3,2,27,Chandigarh,East,8.4,8.52,10.63,12600594
4575,2,1,1,1,15,Bengaluru,East,6.27,5.69,3.65,27595551
2407,2,1,2,2,21,Pune,North,6.12,0.33,0.83,13034936
1378,2,3,2,1,23,Pune,Central,7.22,3.18,10.8,7005413
1234,3,2,2,0,11,Mumbai,North,9.39,8.72,3.8,10841138
801,5,5,2,3,22,Pune,West,1.62,3.92,0.34,5656409
1460,4,5,3,0,22,Chandigarh,East,7.43,4.9,1.59,6756165
2358,1,1,3,2,1,Pune,East,2.76,4.28,2.92,13006171
4728,3,2,2,0,6,Delhi,West,4.12,4.02,8.38,31942105
2851,1,1,1,1,24,Mumbai,Central,1.59,3.67,4.95,24572011
2693,4,4,1,3,8,Pune,West,6.1,1.58,14.11,14461205
730,2,2,1,3,4,Mumbai,West,4.79,1.48,13.5,6982749
4864,2,1,2,2,27,Mumbai,South,8.13,7.0,0.7,43297004
3662,4,5,1,3,20,Pune,West,3.46,6.69,11.11,19600751
989,5,5,2,0,30,Pune,East,5.61,9.53,7.71,5160706
922,4,5,3,0,19,Chandigarh,North,2.22,8.41,15.0,4411934
2877,4,5,1,0,3,Bengaluru,West,3.56,7.61,3.59,19626519
3628,3,4,2,2,13,Mumbai,South,0.97,0.7,5.95,32886156
3615,3,3,2,1,26,Delhi,North,0.95,1.19,5.87,23806339
3840,2,3,1,2,27,Pune,West,3.84,4.22,4.9,19352533
4401,5,6,2,1,27,Mumbai,South,1.13,6.84,3.38,39949832
4390,2,1,3,1,28,Pune,East,8.44,3.84,4.67,21859878
2831,3,3,3,1,25,Chandigarh,East,5.99,1.34,11.2,13101247
1395,2,2,1,0,24,Delhi,South,4.81,9.24,4.6,9878102
1908,1,1,3,1,25,Delhi,West,3.3,1.54,5.12,12619242
4100,4,3,3,0,15,Bengaluru,West,2.01,7.64,11.97,24991231
3996,1,1,3,1,17,Bengaluru,Central,5.44,3.14,11.69,23542637
4167,4,4,3,1,5,Pune,East,2.78,5.25,12.8,21838503
1077,3,2,2,2,11,Mumbai,South,8.87,0.62,3.34,11499644
766,5,4,2,1,24,Delhi,Central,9.89,6.1,10.7,6723183
2534,2,2,1,3,0,Mumbai,North,8.07,4.34,1.63,23369781
4442,4,4,2,1,30,Mumbai,East,6.23,9.97,0.71,39649475
1268,5,6,3,1,30,Bengaluru,West,3.61,0.91,12.02,7813676
3102,1,1,2,2,27,Bengaluru,South,5.09,2.37,12.12,19091541
4308,2,2,2,0,27,Mumbai,South,1.84,5.03,0.95,36976886
4392,4,5,2,1,26,Mumbai,East,6.92,9.62,5.68,38665302
1136,1,1,3,1,10,Chandigarh,East,5.09,8.93,7.14,4538840
3043,2,2,1,3,23,Bengaluru,North,4.08,0.59,3.57,18473731
2029,1,1,1,3,1,Chandigarh,South,9.11,4.93,4.91,10478940
2801,4,3,2,0,25,Mumbai,North,2.62,4.51,14.46,24927486
2660,1,2,1,1,6,Delhi,West,6.0,1.59,7.89,16895680
4194,4,4,2,2,12,Pune,East,9.85,9.63,4.22,22037861
3431,5,4,1,1,29,Pune,Central,9.12,6.6,7.23,17753036
2276,3,3,3,0,13,Chandigarh,East,5.89,5.3,5.77,9904223
3044,3,4,2,3,28,Mumbai,North,0.41,8.18,1.87,28771845
3417,4,3,3,2,25,Delhi,West,6.6,8.3,13.36,22621074
3560,1,2,1,3,17,Delhi,West,5.52,6.1,8.02,23328262
4674,3,4,3,1,28,Delhi,South,6.22,9.94,5.61,31799131
743,3,2,2,2,15,Chandigarh,North,2.32,9.71,8.21,3391077
750,4,4,1,2,2,Pune,North,4.72,2.81,0.92,6110912
4490,4,5,1,1,13,Mumbai,West,1.69,2.64,9.85,39826992
2457,3,4,2,3,1,Chandigarh,Central,1.1,1.22,7.95,12242267
4690,4,3,1,0,4,Pune,Central,3.76,5.66,13.93,23562884
2805,1,2,2,2,6,Chandigarh,West,5.12,7.84,2.97,12688187
4606,3,4,2,3,4,Mumbai,East,2.54,5.66,10.7,40623847
4366,2,3,1,1,12,Mumbai,Central,5.72,8.92,1.83,38023741
3761,2,1,2,1,7,Pune,North,9.52,4.52,0.93,18906304
2519,3,2,1,0,28,Delhi,West,6.01,1.05,3.42,17167632
4708,4,3,2,1,3,Delhi,West,7.04,8.88,3.15,32836932
4049,1,1,2,1,26,Delhi,North,4.08,1.48,10.26,25428940
4281,1,1,1,1,17,Pune,South,2.1,4.33,10.57,21760935
3576,2,3,2,3,30,Mumbai,West,4.59,0.37,1.09,31995816
4673,4,4,2,0,19,Delhi,East,4.38,1.95,11.73,31054307
1385,5,6,1,3,18,Bengaluru,South,2.4,0.71,3.07,11117689
2903,5,6,2,1,3,Bengaluru,East,3.9,9.71,12.15,19246376
3165,3,3,2,3,20,Pune,South,2.51,1.63,0.82,17404560
1487,2,1,3,0,7,Mumbai,South,4.05,3.12,9.73,12908468
3091,5,4,2,1,9,Delhi,Central,2.82,3.53,0.47,22148794
2460,5,5,3,1,1,Bengaluru,West,3.53,3.45,13.45,16176995
3755,1,2,1,3,26,Mumbai,West,3.12,8.25,2.19,31589485
1777,4,5,1,3,0,Chandigarh,Central,8.1,9.56,3.98,9859504
2065,3,3,1,1,7,Mumbai,East,4.94,1.24,7.6,19221019
3251,2,2,2,2,2,Pune,Central,4.94,9.27,2.74,17046092
1553,3,4,3,1,10,Pune,West,7.18,4.62,7.94,9080332
2657,1,1,3,3,19,Chandigarh,East,3.44,8.75,13.78,11870509
2567,3,4,2,2,27,Chandigarh,East,7.39,7.94,2.75,12485170
3144,2,3,1,0,27,Chandigarh,West,7.44,9.75,14.85,13199239
892,4,5,3,2,4,Delhi,North,6.66,3.78,7.76,8052358
2760,1,1,1,0,24,Chandigarh,East,8.75,4.76,1.73,12252828
3786,2,2,2,0,26,Mumbai,South,6.12,4.77,13.47,32024558
2460,3,2,2,2,25,Delhi,West,6.33,9.13,0.28,17433625
4315,2,3,1,3,4,Chandigarh,East,3.15,0.88,14.83,20088541
1666,5,6,1,2,24,Pune,West,9.7,7.97,7.31,9442377
670,5,4,2,0,29,Delhi,Central,0.22,9.8,4.67,5029052
2531,4,3,1,0,9,Pune,East,0.96,6.69,13.53,13495730
3987,1,1,2,3,21,Bengaluru,North,9.35,5.37,1.68,24393959
2798,5,6,1,0,11,Pune,South,5.51,4.94,7.33,16067064
1134,5,5,2,0,1,Mumbai,West,4.89,4.2,14.53,11731570
1902,5,4,2,2,19,Delhi,South,1.14,9.65,13.43,13717588
2364,1,1,2,2,5,Pune,North,0.22,5.98,4.51,12286683
558,1,2,2,3,22,Mumbai,Central,9.17,8.34,10.96,4690895
3023,2,2,1,2,30,Chandigarh,North,2.02,9.43,7.03,13326845
4131,2,3,3,3,2,Pune,South,4.15,0.5,6.81,21370213
2645,1,1,3,3,16,Bengaluru,East,4.13,1.79,10.39,15744777
4271,4,3,2,2,3,Mumbai,North,5.34,4.58,10.03,39109570
2497,2,3,1,0,26,Chandigarh,West,9.98,2.94,8.93,11102351
4656,1,2,3,3,10,Mumbai,Central,0.33,8.24,2.84,39277958
2762,3,3,1,2,27,Delhi,North,5.13,5.74,0.88,18353432
4964,4,4,2,3,27,Delhi,East,7.42,8.83,13.38,33922625
1986,4,5,3,1,29,Bengaluru,East,7.04,0.3,12.35,12507794
4869,4,4,2,0,28,Delhi,South,3.91,9.94,10.01,32623787
1219,4,5,3,2,8,Delhi,East,3.86,3.26,3.07,10494846
3547,3,3,2,2,9,Mumbai,Central,6.21,3.66,8.17,31261173
3623,1,1,3,2,18,Chandigarh,East,1.01,7.07,10.68,15487042
3545,4,4,1,3,2,Bengaluru,Central,7.02,2.03,2.54,24500798
1639,3,4,2,2,9,Pune,Central,5.52,4.81,10.54,9494714
3256,3,3,1,1,10,Bengaluru,South,4.34,9.87,4.8,22034886
1408,4,3,2,3,8,Mumbai,Central,1.19,9.64,12.73,14827620
2372,1,1,2,3,2,Chandigarh,South,7.1,0.53,1.91,11635831
3146,3,2,2,3,10,Delhi,North,9.08,4.33,1.9,22491663
3058,1,2,3,2,11,Delhi,North,5.87,4.85,12.92,18566365
3862,3,2,3,3,28,Bengaluru,North,6.48,2.06,11.64,24173587
2249,3,2,2,0,8,Chandigarh,North,8.23,4.28,10.81,11039702
3260,1,1,2,3,2,Delhi,West,4.01,0.98,6.48,22521735
1228,1,2,1,3,26,Delhi,South,8.65,4.19,7.17,7212620
4111,3,3,1,1,5,Bengaluru,North,4.28,0.52,3.97,25097742
1073,4,5,1,3,14,Bengaluru,North,4.79,8.64,3.43,8479625
3201,5,4,2,1,7,Bengaluru,East,3.74,2.75,1.57,21107791
3086,3,4,1,0,18,Chandigarh,Central,7.01,8.14,4.33,14793362
902,4,5,1,2,15,Mumbai,West,2.1,7.04,12.86,9552210
4860,5,6,1,2,30,Mumbai,South,4.23,2.34,7.81,43244287
1298,1,2,1,3,25,Pune,North,7.95,6.84,1.55,7802730
4432,2,3,3,0,20,Chandigarh,North,1.12,1.04,9.94,20335995
650,1,1,1,1,13,Mumbai,East,0.2,3.42,3.43,5578504
3943,1,1,1,3,12,Mumbai,Central,6.2,3.76,1.6,35534342
1226,3,3,2,2,2,Bengaluru,East,0.49,3.1,12.21,7840158
587,2,3,1,2,25,Mumbai,West,0.42,9.67,0.47,5961035
3913,2,1,3,1,17,Bengaluru,Central,5.92,8.92,1.54,24220290
4774,4,5,2,2,1,Bengaluru,South,7.04,0.34,3.63,30710448
3268,4,3,1,1,25,Mumbai,North,4.02,3.82,10.15,30285874
4087,4,3,1,2,22,Chandigarh,East,6.15,7.38,9.97,18926825
4369,1,2,1,2,3,Pune,Central,3.29,0.5,9.27,22003204
2536,1,1,3,1,1,Pune,Central,7.44,1.58,5.34,12908646
4943,4,3,1,3,14,Mumbai,Central,1.89,8.34,9.26,45369618
1626,1,2,3,2,24,Pune,Central,6.1,9.68,3.5,8486241
3630,1,2,3,1,30,Mumbai,Central,3.45,9.52,10.31,30897644
3697,3,3,1,2,24,Mumbai,North,4.8,9.94,11.06,32919711
1283,1,1,1,1,12,Delhi,East,4.62,1.96,3.51,8555578
3960,4,5,1,1,23,Bengaluru,North,6.96,5.81,10.4,24661610
4833,2,3,2,3,7,Pune,South,9.68,2.71,2.3,25253945
2989,3,2,2,1,13,Chandigarh,West,2.84,8.57,2.83,14987912
2473,1,1,3,3,0,Pune,East,0.61,3.09,13.59,11792852
1416,1,2,1,2,9,Delhi,North,3.43,2.06,0.54,9609645
4187,3,3,3,3,5,Pune,South,3.36,9.1,2.97,22078749
4614,3,4,1,3,19,Chandigarh,Central,9.3,6.7,5.37,21987687
575,5,6,1,2,6,Chandigarh,North,2.73,2.48,3.74,5208657
2553,1,2,2,0,10,Bengaluru,East,6.28,6.05,14.81,14987915
1292,3,4,3,3,16,Pune,Central,5.18,2.42,10.55,7357650
616,3,2,1,3,0,Chandigarh,West,4.88,9.78,5.15,3787054
2378,2,1,3,1,1,Delhi,East,8.24,6.4,10.11,16964950
4141,1,1,2,3,20,Pune,South,1.31,6.53,14.76,21227055
3412,2,3,3,0,4,Mumbai,East,9.11,5.47,14.55,29416925
3648,1,1,2,1,19,Chandigarh,South,3.88,9.12,1.9,16911585
2489,5,4,3,3,0,Delhi,Central,3.02,3.25,12.53,19067704
3666,4,4,2,1,15,Mumbai,South,1.47,9.34,4.06,33850408
4737,4,3,3,3,6,Pune,West,9.17,2.52,4.13,24787396
4850,4,4,3,3,18,Pune,West,9.49,3.51,6.8,25681466
4561,3,3,3,2,20,Bengaluru,East,0.65,1.23,6.72,28208668
1831,3,3,3,0,4,Bengaluru,East,4.51,7.2,6.34,11453964
2235,1,1,2,3,9,Delhi,East,0.43,6.79,8.36,14623525
4132,3,2,1,2,5,Pune,Central,3.23,4.41,3.36,21744526
2175,2,2,2,3,7,Bengaluru,North,2.79,1.5,8.41,14053440
1999,1,2,1,1,9,Mumbai,East,2.28,1.46,13.66,17243638
1710,4,4,2,2,18,Delhi,Central,0.25,2.0,3.44,12773704
3934,4,4,2,3,24,Pune,Central,2.56,3.23,0.87,21742409
3534,1,1,1,0,26,Delhi,South,5.56,5.42,0.85,22619923
4341,5,6,2,0,18,Chandigarh,South,6.72,4.35,1.13,21021306
4493,4,5,1,1,22,Chandigarh,East,2.05,8.28,5.45,21196062
2445,4,5,3,1,0,Delhi,South,3.95,7.12,4.92,17246011
3669,5,4,2,3,1,Bengaluru,South,9.73,0.79,12.88,24434278
4934,2,1,3,2,3,Delhi,East,2.2,5.04,6.98,33684642
4583,1,1,1,1,25,Bengaluru,South,3.88,5.36,4.36,27520747
2303,5,4,2,3,14,Pune,South,4.91,8.7,12.7,13040032
2296,3,3,2,0,2,Delhi,East,4.1,9.31,2.36,16546240
765,3,3,1,2,15,Delhi,Central,3.86,5.42,14.66,6186219
4667,3,3,3,3,18,Mumbai,West,8.96,1.5,5.37,40815018
4526,1,1,1,3,24,Delhi,East,7.75,1.86,3.39,30852874
3627,2,1,3,2,6,Pune,North,5.92,6.32,2.63,18366207
3268,3,2,3,0,10,Chandigarh,West,6.38,6.82,7.92,14696282
3849,3,2,3,0,17,Mumbai,South,4.67,5.02,7.26,34155142
2341,3,4,1,1,2,Chandigarh,West,6.0,9.64,1.02,11677929
4788,5,4,3,0,28,Pune,East,8.85,2.91,5.84,24801300
3163,4,3,3,1,22,Chandigarh,South,9.72,9.81,4.01,15488416
4634,4,5,2,1,29,Pune,Central,7.58,0.79,4.97,24177932
3098,4,4,1,3,17,Pune,North,7.85,6.73,6.0,16960031
4924,4,4,2,0,16,Pune,East,4.1,1.68,7.03,25193128
4169,1,1,2,0,9,Mumbai,South,3.1,0.95,9.35,35825121
1904,5,6,2,1,26,Bengaluru,North,8.74,4.08,13.09,12557617
4788,3,3,2,2,20,Mumbai,East,4.23,6.05,9.17,42165157
4205,5,5,2,0,17,Mumbai,South,8.56,3.89,5.31,37555611
3823,5,4,2,2,11,Delhi,Central,5.16,1.8,13.36,25689108
2543,2,1,3,2,16,Mumbai,North,0.69,5.14,3.94,22616601
3631,4,3,1,3,4,Chandigarh,North,1.09,7.02,6.25,18166077
3039,5,5,2,1,25,Mumbai,South,4.4,4.23,14.22,27931521
4648,4,4,2,1,5,Delhi,North,3.86,6.44,10.86,31787524
4514,5,5,3,0,24,Bengaluru,West,2.96,7.79,3.3,29877760
972,4,4,1,3,20,Delhi,East,3.91,4.12,6.43,9371863
3476,1,1,1,1,25,Delhi,North,2.14,3.49,11.98,21505617
1912,5,5,1,0,23,Chandigarh,North,4.33,4.55,4.23,10302046
4926,1,2,2,1,2,Delhi,Central,4.3,8.53,0.2,32132116
3316,4,4,2,0,12,Bengaluru,North,0.49,5.29,14.16,20890594
4331,5,4,2,1,1,Delhi,North,3.61,7.09,0.48,31404094
1354,3,2,3,1,7,Delhi,Central,6.48,8.97,7.89,10784969
4335,4,5,2,1,10,Bengaluru,Central,3.91,2.82,7.32,27564784
2094,1,2,1,0,9,Chandigarh,South,3.95,6.61,3.07,9355652
1430,2,1,3,3,8,Mumbai,West,8.9,0.78,14.59,12571541
2203,4,3,1,3,17,Pune,Central,2.03,6.61,13.25,11633370
2877,3,2,1,2,25,Bengaluru,Central,6.74,8.65,9.85,17622329
1987,2,2,1,1,6,Pune,East,3.32,9.31,11.19,10169125
4945,3,3,1,0,14,Bengaluru,South,1.79,4.59,0.39,30195536
2387,3,4,3,0,5,Bengaluru,Central,2.18,0.95,11.19,14874720
3669,3,3,2,3,20,Chandigarh,East,3.8,1.12,12.34,16730836
2472,5,4,1,2,29,Delhi,North,5.99,3.62,3.98,17578958
2358,4,5,2,1,0,Bengaluru,East,5.99,8.74,7.82,16379791
2514,2,1,1,3,23,Mumbai,West,7.08,9.06,14.59,20498757
2695,5,5,1,1,2,Delhi,North,8.22,9.35,3.6,20022899
2120,2,1,1,0,23,Mumbai,North,0.38,7.29,11.64,18071994
4633,4,5,3,3,4,Mumbai,East,5.87,9.36,13.64,41958601
3868,2,1,3,2,30,Mumbai,Central,2.6,9.24,8.45,31711346
1198,1,1,2,3,8,Chandigarh,Central,4.34,2.12,11.29,6038656
1285,2,3,1,2,23,Delhi,South,4.43,2.2,1.5,8657012
4238,4,3,2,1,20,Delhi,East,3.2,9.33,3.58,29983631
2459,1,2,3,2,11,Delhi,East,1.28,6.35,13.76,16784782
1557,3,3,2,1,11,Chandigarh,West,2.74,3.9,6.75,7316857
3657,4,5,3,3,27,Bengaluru,North,2.11,4.45,7.35,23620051
2586,1,1,3,0,29,Delhi,West,9.37,7.34,4.66,16274213
2274,1,2,3,3,1,Bengaluru,West,3.92,6.18,2.34,14773862
4771,3,4,2,2,16,Chandigarh,West,0.34,3.39,0.72,22068514
1634,2,3,2,1,14,Bengaluru,East,6.76,1.66,7.56,10575637
2876,3,2,3,1,19,Mumbai,Central,2.96,4.23,5.61,25574998
2018,3,2,3,2,24,Pune,Central,9.33,5.77,14.85,10648323
3745,1,2,2,3,16,Mumbai,North,8.81,7.31,7.19,32380657
2059,1,1,3,3,24,Chandigarh,East,4.81,3.74,14.63,8902993
549,5,5,2,2,9,Pune,East,5.67,5.42,0.72,5324357
2287,4,4,1,1,21,Bengaluru,North,4.63,9.95,4.72,14745845
2425,3,2,2,2,12,Delhi,Central,1.26,5.67,1.64,17119510
2127,4,3,1,2,14,Delhi,East,8.75,8.06,4.29,14949015
4269,4,4,1,2,17,Bengaluru,West,5.44,2.19,8.95,26669849
4772,4,3,3,3,16,Delhi,Central,1.03,4.5,4.05,32789925
1701,3,2,3,1,22,Chandigarh,East,3.4,3.37,8.55,8359751
2213,1,1,3,0,10,Mumbai,North,7.86,5.73,3.74,19004839
671,3,2,1,1,14,Delhi,North,1.27,5.52,1.63,6257822
3197,3,4,2,1,25,Chandigarh,East,9.93,5.88,8.58,14538604
1917,1,1,2,2,5,Pune,East,6.98,6.25,4.81,9251202
3287,2,3,2,1,14,Mumbai,West,6.54,1.04,8.2,28584509
3788,5,5,1,3,22,Mumbai,East,1.95,3.78,14.4,34176033
3153,5,4,3,2,21,Mumbai,South,3.08,6.4,1.23,29404675
3101,3,4,1,1,13,Mumbai,East,4.02,7.28,10.13,27013007
1683,2,1,2,1,29,Bengaluru,Central,9.15,5.49,5.36,9779131
4843,4,5,1,1,20,Bengaluru,West,1.99,1.56,4.45,30230201
1558,5,5,1,1,0,Pune,East,3.39,1.62,4.0,10003251
2267,5,4,2,0,3,Bengaluru,East,3.56,7.11,9.93,14562859
3375,1,2,3,1,3,Chandigarh,East,8.49,4.29,13.74,15148625
1990,3,4,1,0,16,Bengaluru,East,3.09,1.29,10.81,11982806
3581,3,2,3,0,30,Bengaluru,West,6.28,0.7,0.27,22469117
3204,5,6,3,1,27,Bengaluru,East,2.75,9.17,10.09,20602268
1429,2,3,2,1,5,Pune,East,5.93,0.64,11.99,7848383
4677,3,2,3,1,1,Mumbai,North,5.43,6.4,13.85,40961223
1025,4,3,3,1,7,Bengaluru,South,6.67,2.08,5.95,7419922
3300,3,4,2,0,3,Bengaluru,Central,0.6,1.56,7.8,20559184
2943,5,5,1,1,21,Delhi,Central,5.62,6.92,10.38,21119954
738,2,3,3,0,16,Mumbai,North,4.35,3.43,12.27,6022404
4580,4,5,2,3,10,Chandigarh,West,9.64,4.7,4.96,21489434
1308,4,5,2,3,26,Chandigarh,North,1.73,9.86,13.62,7087721
894,2,1,1,3,7,Pune,West,5.43,5.47,8.53,4842161
717,4,5,2,0,1,Bengaluru,East,2.13,1.98,1.5,6527732
4423,2,1,3,2,25,Delhi,North,8.52,8.07,1.69,30088682
868,3,4,3,3,22,Mumbai,North,4.49,5.78,0.76,9805113
4553,2,1,2,3,15,Mumbai,North,3.91,5.75,1.37,39623312
3198,4,5,1,1,10,Pune,East,5.53,1.58,4.19,17661474
2009,5,5,3,2,24,Bengaluru,North,0.71,5.87,14.99,13155933
2323,5,4,1,1,16,Chandigarh,East,5.76,6.89,12.93,11656001
4088,2,2,3,1,5,Bengaluru,East,5.31,1.29,11.98,25521270
4358,2,2,1,1,23,Bengaluru,West,6.41,1.04,2.3,26748593
2774,4,4,1,2,17,Delhi,West,1.28,8.6,1.8,19740575
733,2,2,1,3,14,Pune,East,5.55,1.83,4.14,4141146
1261,1,2,3,0,25,Bengaluru,Central,0.48,6.4,1.66,6984214
1970,3,4,3,1,30,Bengaluru,South,4.75,4.51,7.95,12027341
1806,5,5,3,0,8,Bengaluru,North,3.62,9.5,1.36,13592931
695,4,5,1,0,10,Mumbai,East,5.37,3.79,14.46,6737559
941,4,5,1,3,1,Delhi,Central,9.09,4.21,7.81,8349073
3850,4,3,1,3,19,Mumbai,South,6.17,1.36,9.53,35715390
1708,1,1,2,0,17,Chandigarh,South,9.8,4.73,11.05,7263963
1473,2,3,3,0,18,Bengaluru,West,3.34,7.14,14.87,8686165
1641,2,3,2,2,22,Bengaluru,East,1.99,2.59,3.64,10588488
4880,3,3,2,0,24,Mumbai,South,5.37,2.8,10.64,42013842
4078,1,2,2,1,23,Bengaluru,East,0.72,5.14,2.89,24215950
4400,2,2,1,1,8,Delhi,East,1.64,3.7,8.42,28532756
2208,5,6,3,1,25,Chandigarh,West,6.61,2.49,3.56,11001960
2032,5,4,1,2,16,Bengaluru,East,4.28,6.87,9.5,14163872
3600,3,3,2,3,27,Chandigarh,West,7.43,1.0,7.83,16095513
2880,1,1,2,0,7,Bengaluru,North,6.12,0.58,14.6,17147779
1508,4,4,1,0,6,Mumbai,Central,7.73,9.56,13.39,14030457
3260,2,2,3,3,1,Chandigarh,North,7.78,2.73,12.91,15098264
3964,3,2,2,3,15,Chandigarh,East,3.05,7.71,6.26,18807190
3990,3,3,3,3,20,Delhi,East,2.9,0.23,8.64,27569170
1436,5,5,2,3,19,Chandigarh,South,2.45,7.93,2.27,7764999
3455,5,4,2,3,25,Bengaluru,South,5.17,9.07,1.04,22488261
992,1,2,3,2,7,Delhi,East,7.09,6.85,8.31,7125838
2551,3,4,1,1,9,Bengaluru,East,1.69,4.41,10.59,16770317
1215,4,4,2,1,9,Delhi,South,0.32,5.41,8.23,8403686
2913,4,4,2,0,28,Mumbai,East,2.18,6.74,13.03,25421361
2202,2,2,2,3,15,Bengaluru,South,1.36,4.71,10.91,14137351
2694,4,4,2,1,9,Pune,West,5.95,1.41,2.41,13881539
3318,3,3,1,3,11,Chandigarh,West,7.88,2.06,0.74,15787837
1880,1,1,3,2,30,Delhi,Central,3.28,6.45,7.26,12099548
4078,2,1,1,0,22,Bengaluru,East,9.53,5.58,8.12,24778684
4737,1,2,3,3,13,Chandigarh,North,1.46,4.93,2.54,22066815
3220,5,5,3,0,20,Chandigarh,East,9.65,0.2,5.02,15565659
2006,3,4,3,1,29,Mumbai,West,2.57,2.12,8.92,17656473
3286,2,2,3,1,10,Chandigarh,Central,3.62,3.12,6.85,15829880
2511,2,2,1,0,12,Bengaluru,East,3.04,1.56,14.94,14920665
1509,4,4,2,0,10,Mumbai,West,3.26,2.49,6.46,14614090
913,1,1,3,3,18,Pune,South,6.15,5.14,3.41,4903524
3648,5,4,3,0,18,Bengaluru,South,1.83,6.23,14.73,22963128
1623,2,3,2,2,6,Bengaluru,South,7.97,9.99,12.12,9785832
4425,5,4,3,2,0,Bengaluru,West,2.41,7.94,1.79,29473177
4219,2,2,1,3,18,Bengaluru,North,4.98,5.14,4.54,25227023
4945,4,3,3,1,22,Bengaluru,West,4.27,8.25,11.0,31104736
3014,2,3,3,2,8,Chandigarh,Central,4.6,9.95,0.89,14425289
937,3,2,3,1,6,Delhi,North,5.64,7.38,6.47,7326452
3417,5,6,3,0,26,Mumbai,East,4.87,4.58,11.34,30417847
1010,5,4,1,0,6,Delhi,East,6.04,8.1,9.93,8579558
3235,1,1,2,3,25,Delhi,Central,9.68,6.85,14.78,21049921
2389,3,4,3,3,29,Chandigarh,West,3.84,3.31,10.13,11659624
4410,5,4,3,0,3,Mumbai,Central,3.12,9.31,10.99,38926347
4897,4,5,3,1,5,Chandigarh,West,2.88,7.0,13.36,22871464
4398,4,4,1,1,28,Bengaluru,South,9.36,3.62,6.08,27181976
2877,4,3,1,2,26,Chandigarh,Central,5.57,7.87,12.48,13006089
4139,2,2,3,1,1,Bengaluru,South,0.62,7.01,14.18,25615011
1896,5,6,3,1,19,Bengaluru,West,2.55,4.77,4.8,14195091
2768,5,4,3,2,5,Pune,North,2.21,9.86,12.04,15712621
1258,4,5,1,0,0,Bengaluru,West,6.62,6.84,7.47,9274477
2778,3,4,2,1,20,Delhi,Central,7.38,7.34,8.57,18847543
2057,1,1,1,2,20,Delhi,North,3.81,9.19,6.47,13375697
3556,2,1,1,1,30,Delhi,North,8.91,2.95,10.49,23470235
4358,3,2,3,0,21,Bengaluru,North,3.9,4.73,2.63,27675708
1337,2,1,2,3,28,Pune,West,1.9,7.33,7.31,6653353
529,4,3,2,3,21,Pune,North,1.75,1.9,2.0,4235267
2645,4,3,3,1,10,Pune,West,2.77,3.18,5.57,14837117
531,4,3,3,3,12,Delhi,North,6.25,0.64,6.5,5836595
2698,4,3,3,2,12,Pune,South,7.56,3.35,11.4,14583803
3669,4,4,1,1,25,Delhi,East,3.5,8.06,12.25,25065136
4577,3,2,2,2,25,Mumbai,South,6.7,5.83,14.8,38871143
1769,3,4,3,2,7,Mumbai,Central,5.58,3.94,4.46,16736924
3629,5,6,2,0,20,Delhi,North,7.34,2.85,4.85,25568809
1964,2,1,3,0,11,Delhi,Central,0.66,7.1,10.99,12778295
2002,3,3,3,0,18,Bengaluru,North,2.72,0.39,10.12,13045551
1708,3,3,3,2,27,Pune,South,8.57,9.55,5.05,9435401
4186,1,1,2,0,0,Bengaluru,South,8.75,1.25,6.32,24994851
4228,2,3,2,0,3,Mumbai,North,9.48,5.1,5.2,37087191
2190,2,1,2,2,15,Chandigarh,West,6.57,7.55,14.07,10059234
4981,1,1,2,3,15,Bengaluru,West,7.97,0.96,10.55,29438253
2249,4,4,1,2,22,Chandigarh,East,2.93,1.67,1.41,11417463
2694,2,1,2,0,26,Pune,East,5.31,9.24,3.23,13716293
1374,2,2,3,3,20,Chandigarh,West,3.61,5.17,10.59,6064700
4253,2,3,3,0,20,Pune,South,8.99,1.66,10.36,21445271
4231,4,4,1,2,4,Chandigarh,South,4.04,4.42,9.54,19369022
3806,2,2,2,1,0,Pune,Central,4.28,3.56,6.81,19523788
1524,2,3,1,1,23,Bengaluru,Central,5.74,6.43,1.12,9582771
4757,3,2,2,3,3,Mumbai,West,6.22,1.65,2.02,43209835
4142,1,1,1,2,13,Chandigarh,East,8.75,5.99,8.67,18405331
4756,2,3,3,3,3,Chandigarh,West,4.72,6.32,1.26,22718912
4658,3,2,3,0,8,Chandigarh,South,8.52,7.71,3.11,21399591
2350,5,6,1,2,1,Mumbai,Central,9.44,7.0,7.61,23319932
4969,4,5,1,2,30,Delhi,East,1.36,8.92,6.96,33443740
1370,3,3,1,0,8,Pune,East,2.59,7.0,11.09,7115470
3761,5,6,2,1,18,Mumbai,Central,0.33,7.85,13.92,33763103
1981,5,6,1,2,20,Bengaluru,South,3.57,8.99,13.33,13355942
1761,4,5,2,1,1,Bengaluru,South,5.83,4.17,7.48,11616149
1853,5,4,3,2,27,Bengaluru,Central,4.01,5.11,2.77,12274284
3513,2,2,2,2,16,Bengaluru,North,6.5,1.91,12.62,20522586
2765,3,4,3,0,29,Delhi,North,5.08,8.22,3.77,18286750
4988,1,1,3,0,5,Delhi,West,1.51,5.2,3.67,33081871
2600,4,4,1,1,12,Pune,North,2.78,1.6,4.97,14072338
1021,3,4,3,1,24,Mumbai,West,2.8,0.88,11.37,9384486
4077,2,1,3,1,28,Delhi,Central,1.36,3.06,9.92,26100127
3244,3,4,3,3,21,Chandigarh,East,8.14,2.89,10.64,15703591
3102,1,2,3,1,3,Mumbai,South,0.38,0.24,8.35,26100540
4579,5,5,1,3,9,Bengaluru,North,7.24,1.88,6.97,29801717
1981,3,4,3,3,4,Delhi,East,0.94,1.83,8.88,14037797
3843,1,1,1,3,11,Bengaluru,West,2.7,6.06,10.05,22793255
4977,3,3,2,3,16,Bengaluru,South,1.87,8.69,8.37,30354131
3592,2,3,1,0,26,Chandigarh,East,2.21,7.09,7.92,16952995
1919,3,3,3,3,21,Chandigarh,Central,1.04,2.96,11.34,9618944
4225,4,5,1,1,6,Chandigarh,East,0.83,9.54,9.76,19746240
1242,1,2,2,1,17,Chandigarh,South,4.24,6.04,1.09,5467873
1532,3,4,2,1,0,Bengaluru,West,0.76,0.74,0.37,10479310
4476,5,4,1,0,9,Bengaluru,Central,8.52,7.02,9.68,27816667
811,5,4,3,1,1,Bengaluru,East,9.71,8.19,0.72,6631003
3087,4,5,1,3,13,Pune,Central,6.0,3.37,10.8,17078296
4686,4,4,3,1,2,Bengaluru,South,6.78,0.47,14.08,29319361
1909,2,1,3,0,3,Pune,East,4.01,2.74,13.59,10160191
1347,4,3,1,0,24,Delhi,North,0.42,0.79,13.85,8775671
2578,4,5,3,1,17,Chandigarh,East,8.16,1.56,9.87,13267536
4873,5,5,3,2,25,Mumbai,Central,8.83,8.9,6.24,43867024
1058,4,3,1,1,7,Pune,Central,5.73,1.3,3.0,6488960
2187,4,4,3,1,4,Chandigarh,South,6.34,5.03,8.53,11070129
4243,5,6,2,3,26,Chandigarh,North,6.92,2.34,9.89,20361555
3243,2,2,2,1,23,Pune,East,1.49,9.1,11.26,16086269
4349,2,3,3,1,13,Chandigarh,South,8.84,9.92,14.01,19241080
646,5,4,1,1,1,Mumbai,Central,1.35,3.11,4.84,8772199
3683,5,5,2,0,1,Delhi,West,5.0,5.62,7.65,25365936
645,2,2,3,1,27,Delhi,West,6.64,6.05,2.72,4572175
997,5,6,1,1,16,Mumbai,Central,4.11,8.28,12.7,9891382
4766,4,3,1,1,4,Bengaluru,East,3.53,8.08,8.93,29825614
2570,3,2,1,0,11,Mumbai,South,5.86,9.9,10.43,22002724
3939,5,6,3,1,0,Bengaluru,West,4.65,2.06,4.31,25463146
4636,4,5,3,0,29,Pune,South,2.0,3.55,4.35,23766923
3037,5,4,3,1,15,Chandigarh,East,2.31,5.65,13.62,14183186
1163,2,1,3,0,17,Chandigarh,South,1.34,3.79,4.25,5174223
2173,4,5,3,0,15,Pune,Central,3.15,1.86,7.77,11494118
2609,2,3,2,3,19,Mumbai,South,7.68,3.53,1.78,23098434
1581,3,2,1,1,6,Delhi,North,7.65,9.79,11.85,11309078
2718,2,2,1,2,7,Chandigarh,Central,3.42,8.36,13.42,12437537
1926,1,2,3,2,12,Mumbai,North,5.04,1.27,5.66,16966920
1567,5,5,3,0,16,Bengaluru,North,0.56,6.94,14.89,10643964
2026,3,4,1,3,9,Mumbai,West,7.98,8.46,14.44,18765628
3616,5,4,1,0,21,Delhi,West,3.42,6.14,8.31,24505007
1930,1,2,1,3,22,Mumbai,East,8.65,8.2,3.37,16355493
644,3,3,2,0,27,Bengaluru,West,2.78,1.67,5.97,4958786
3839,1,2,3,3,23,Delhi,North,5.44,0.21,11.86,24270596
4696,4,5,3,0,26,Chandigarh,West,3.6,7.64,12.68,21946634
2616,2,1,2,0,9,Delhi,East,3.7,0.55,2.3,18024953
3322,2,3,1,0,4,Delhi,North,0.4,9.31,9.49,21991180
2215,3,4,2,1,19,Bengaluru,West,6.16,5.28,6.81,14682841
4427,4,4,3,1,4,Mumbai,South,4.12,6.01,9.21,39570751
4071,1,1,2,0,25,Delhi,South,5.34,1.82,9.42,25646935
3828,3,4,1,2,14,Mumbai,North,7.08,1.05,11.93,33606450
2323,5,6,1,0,2,Mumbai,West,1.51,5.87,7.51,21673075
2711,4,5,2,1,20,Mumbai,Central,5.46,5.77,8.01,23613033
4702,5,5,2,3,5,Mumbai,East,4.82,3.15,4.06,43473195
971,4,4,2,2,8,Bengaluru,Central,2.74,6.67,1.72,7082890
1607,4,4,2,2,29,Chandigarh,Central,4.2,3.95,2.14,8840959
521,4,5,1,3,26,Pune,East,4.11,0.45,6.14,3465033
656,2,2,2,2,19,Delhi,South,6.89,2.53,0.65,4729061
2914,4,4,3,0,30,Delhi,Central,5.1,9.13,2.07,20354751
4489,3,2,3,2,14,Bengaluru,West,3.67,5.14,13.59,27097424
3795,2,3,2,3,10,Mumbai,East,9.94,7.39,5.95,33516454
3504,1,2,2,3,29,Delhi,West,5.31,5.1,7.55,23282453
4456,5,4,1,2,11,Delhi,Central,9.54,2.72,12.28,31918194
3847,4,3,1,1,16,Chandigarh,Central,0.29,2.04,6.47,17980988
2776,1,2,1,3,26,Pune,Central,4.2,8.1,9.26,13474762
3066,3,4,1,2,19,Delhi,Central,4.45,5.65,2.21,21602503
4094,1,1,2,0,8,Delhi,Central,5.58,5.21,14.17,25909547
3200,3,2,3,2,0,Pune,North,9.47,1.68,11.19,17227620
2698,3,4,1,1,15,Delhi,South,8.77,8.65,5.98,18062980
1927,5,5,2,0,19,Delhi,West,5.2,7.13,10.33,13599910
1794,2,3,3,0,11,Pune,West,0.77,9.02,11.59,8285144
3042,1,1,1,0,30,Pune,West,6.42,0.21,5.04,15571466
3175,5,6,1,1,16,Delhi,East,4.75,9.52,13.11,21979906
643,2,1,3,1,9,Delhi,South,2.64,8.06,7.81,5118004
1248,4,5,3,2,0,Mumbai,East,6.89,1.43,5.44,13065706
2318,1,1,3,2,27,Chandigarh,North,8.7,6.42,10.9,10439654
4942,5,4,3,0,15,Bengaluru,East,0.48,3.28,5.08,32288460
3912,5,6,2,2,5,Pune,South,1.04,3.22,7.2,20790960
2493,2,2,2,0,15,Chandigarh,West,3.07,2.7,11.76,11066999
541,2,3,3,3,11,Delhi,Central,7.39,7.01,5.76,3821520
3182,1,2,1,3,26,Mumbai,West,4.71,6.67,11.68,26551706
4336,3,3,3,0,26,Delhi,South,1.97,0.54,7.43,29122329
3723,5,4,2,2,6,Bengaluru,East,6.68,8.19,5.13,24628305
3911,4,3,2,0,0,Delhi,Central,6.17,0.58,9.26,27372804
1916,4,4,2,1,1,Delhi,Central,9.44,4.29,7.02,13597450
4406,3,2,2,3,12,Delhi,East,7.67,2.35,2.32,30514447
1115,3,3,3,1,30,Delhi,North,6.63,1.33,7.25,7852009
2394,4,3,3,1,30,Bengaluru,Central,2.2,6.2,9.73,15129765
4065,4,4,1,3,19,Mumbai,South,3.5,1.62,9.13,36261654
1401,2,3,2,0,2,Delhi,North,5.0,0.8,1.62,11041220
2629,4,3,2,3,27,Bengaluru,South,1.59,1.95,5.79,17653885
3741,1,1,2,2,15,Bengaluru,North,8.88,2.93,1.96,23694446
4514,3,4,2,3,26,Chandigarh,East,9.62,1.48,14.86,20647240
2447,1,1,1,0,25,Bengaluru,Central,4.42,2.9,9.84,13829697
3956,4,5,2,1,10,Bengaluru,South,6.58,9.62,3.05,25515700
2995,5,5,2,0,27,Mumbai,West,5.0,3.77,3.83,28010332
941,1,1,1,0,24,Mumbai,South,1.85,5.86,3.55,8686511
2373,1,1,1,1,26,Mumbai,South,9.93,3.75,9.87,18518326
4082,2,1,3,2,0,Chandigarh,North,6.22,2.46,7.29,19098575
3851,5,4,2,0,6,Pune,South,3.8,0.79,1.31,20901427
4772,3,2,1,3,14,Pune,West,2.77,7.47,1.28,25802231
736,2,2,2,3,13,Pune,North,0.27,8.75,1.03,4517483
1100,3,3,3,1,9,Bengaluru,East,5.94,7.8,4.74,8182093
1725,4,5,1,1,23,Chandigarh,South,0.83,2.04,13.89,8330023
3568,2,3,3,2,13,Delhi,North,5.17,6.32,12.85,23289740
4766,5,6,1,3,5,Chandigarh,East,2.28,2.5,5.03,22575301
3302,3,4,2,3,13,Chandigarh,South,9.95,1.08,12.21,14614065
2643,1,2,3,0,16,Delhi,West,1.48,2.57,2.54,17450862
1389,2,1,3,0,24,Delhi,South,2.46,5.96,1.36,9523772
3349,4,5,2,0,27,Mumbai,North,8.75,1.01,3.0,29600825
1679,2,3,3,3,20,Bengaluru,North,9.29,5.73,9.6,11162987
2454,5,6,2,1,2,Delhi,Central,6.29,7.63,8.5,17993056
2374,3,3,2,1,14,Bengaluru,South,4.49,7.61,2.63,14795359
704,1,1,3,0,14,Bengaluru,South,3.89,1.73,12.56,3822839
1170,4,4,2,3,24,Pune,East,0.36,0.86,2.59,7319580
3764,1,2,2,1,19,Delhi,West,1.63,9.54,10.46,23920686
3029,3,3,1,0,9,Bengaluru,East,1.08,9.98,11.38,19358152
1405,5,6,1,0,8,Chandigarh,Central,4.38,6.55,4.61,8660774
831,4,3,1,3,21,Bengaluru,West,3.18,6.51,13.56,6101109
1834,3,3,1,3,25,Mumbai,South,2.26,4.16,9.58,16165411
2349,4,5,3,0,11,Delhi,West,2.13,3.93,2.19,16931747
1338,2,2,3,3,4,Delhi,South,0.3,3.3,4.04,10728491
775,5,4,3,0,17,Mumbai,East,2.37,2.37,9.15,8783968
3877,5,5,1,1,29,Mumbai,Central,8.69,0.28,13.31,34843128
4850,4,5,1,1,3,Pune,West,1.52,1.3,12.89,25587615
2113,1,2,1,1,3,Mumbai,West,8.14,7.55,9.57,17388210
1297,2,3,3,2,17,Mumbai,Central,6.77,3.28,8.28,12268105
1867,2,2,1,2,6,Bengaluru,South,1.51,4.66,14.22,11925990
1614,4,4,1,3,5,Mumbai,Central,9.24,4.51,12.59,15473710
4909,4,4,3,1,30,Pune,North,5.4,5.82,8.12,25283818
1129,2,2,3,3,26,Delhi,North,3.96,8.57,12.96,7301447
784,5,5,2,3,9,Bengaluru,North,7.81,9.44,13.74,6508816
3794,1,1,1,1,8,Mumbai,East,5.66,9.55,2.6,32515309
4564,3,2,3,2,12,Delhi,East,7.2,1.02,5.31,32016882
1566,2,1,2,3,23,Chandigarh,South,7.09,5.6,8.43,6241702
1815,1,1,3,2,30,Delhi,West,6.23,6.53,7.57,11527338
3248,3,2,2,0,3,Chandigarh,North,2.54,0.9,2.65,15782589
4969,4,3,2,1,3,Delhi,Central,6.45,4.6,12.46,33643486
1453,3,4,1,1,21,Mumbai,North,5.35,2.75,8.69,12689833
3344,1,1,1,3,20,Bengaluru,North,6.31,5.95,5.2,20620671
4588,5,5,2,2,17,Mumbai,South,9.75,7.68,12.81,42913887
566,2,3,3,1,23,Bengaluru,North,1.26,1.9,12.21,3613151
4771,3,4,2,2,30,Bengaluru,South,1.32,1.61,4.23,30188561
2061,1,1,3,3,21,Bengaluru,North,2.23,9.71,2.19,13024365
1314,3,3,2,2,14,Chandigarh,Central,4.94,5.29,14.0,5660581
4631,3,2,2,0,28,Delhi,South,9.97,2.84,2.29,29717002
3838,5,5,2,0,26,Pune,North,1.23,1.08,0.89,21112187
2330,2,3,2,1,15,Mumbai,West,9.2,4.96,11.9,20777252
1710,3,2,2,2,28,Chandigarh,South,5.74,7.32,11.31,7415736
1393,3,2,1,3,0,Bengaluru,East,8.03,0.51,3.64,11205345
2317,5,4,1,0,28,Chandigarh,South,7.76,7.82,9.08,12810015
3488,3,3,2,0,9,Bengaluru,West,5.8,3.94,10.49,21729855
649,2,2,2,1,25,Delhi,East,7.55,2.92,0.95,5377075
4201,1,2,3,0,1,Mumbai,South,0.78,3.18,4.85,35921611
3853,5,5,1,0,4,Delhi,East,9.77,4.19,5.37,27337863
1074,3,2,3,3,4,Chandigarh,North,9.41,8.92,9.24,5604688
3332,1,1,2,0,13,Mumbai,West,4.6,9.27,0.8,27837589
1374,3,3,2,1,25,Pune,North,1.65,5.29,14.01,7564111
4986,5,4,1,1,2,Delhi,East,2.37,3.83,6.55,34217959
3033,3,3,2,1,21,Bengaluru,South,1.75,2.87,1.69,18359844
2852,1,2,3,0,21,Pune,Central,9.07,0.22,9.09,13794314
4923,5,4,1,2,7,Bengaluru,East,4.07,7.94,12.6,31802514
1385,5,5,2,0,16,Mumbai,North,1.1,7.53,5.77,14030712
2034,3,2,2,2,27,Chandigarh,North,4.98,9.3,4.37,10032095
2621,2,2,3,3,13,Pune,East,4.18,5.43,7.4,13615351
4602,1,1,1,0,22,Mumbai,West,3.24,8.69,5.14,39512166
2621,1,1,1,0,3,Mumbai,North,5.21,4.8,13.53,20942901
826,3,4,3,3,22,Pune,West,3.61,2.04,0.38,5634748
3495,1,1,1,1,9,Delhi,East,7.45,3.67,7.1,22810176
2547,1,1,3,2,24,Mumbai,East,5.05,7.13,7.05,21095802
4278,1,1,2,2,11,Chandigarh,East,8.92,9.21,14.5,18911509
1918,2,3,3,0,23,Chandigarh,North,8.95,7.23,9.58,8393249
2803,5,6,1,1,13,Delhi,North,9.77,3.48,9.52,20144326
4674,3,3,1,3,10,Pune,South,7.73,1.9,5.85,23904287
2555,5,4,1,0,2,Bengaluru,East,3.61,8.16,7.08,18363065
3981,2,3,2,1,2,Pune,North,8.73,2.99,7.63,20947580
2939,5,4,3,0,29,Pune,South,2.02,4.08,2.04,17014792
4686,4,3,2,3,26,Pune,Central,0.95,0.9,4.91,24544543
2102,3,2,1,1,14,Pune,East,4.47,0.98,10.8,9993484
3733,3,2,2,1,2,Bengaluru,South,0.79,7.65,2.08,24676874
1755,4,3,2,1,12,Chandigarh,South,1.93,1.44,14.41,8608883
1113,5,5,1,2,1,Delhi,Central,7.48,3.66,3.07,9626244
723,4,5,1,0,26,Mumbai,Central,6.33,4.88,14.98,6946363
2734,1,2,1,3,25,Bengaluru,Central,5.74,2.34,9.25,16210627
4339,2,1,3,2,24,Bengaluru,South,5.29,5.15,12.29,25398056
4982,4,3,3,0,5,Bengaluru,North,9.57,3.63,9.49,30845385
1100,3,4,2,0,28,Chandigarh,North,5.99,8.13,0.81,5384700
886,2,3,2,0,27,Bengaluru,North,3.71,0.98,9.15,5344765
1453,1,1,3,3,27,Pune,Central,9.92,2.75,4.97,7952822
4944,3,3,1,3,9,Bengaluru,South,3.51,6.21,4.74,30713972
3693,1,1,3,2,17,Delhi,East,7.83,6.39,3.52,23928327
2752,5,5,1,2,28,Mumbai,West,7.35,3.0,8.18,25867412
1546,1,2,2,0,8,Pune,Central,4.51,9.09,12.92,7400506
1949,5,4,1,1,9,Mumbai,West,0.37,5.52,9.45,18826138
2758,3,2,1,0,7,Chandigarh,Central,4.49,4.02,5.88,13007482
828,2,1,3,1,16,Pune,North,8.65,0.32,0.3,4690521
1951,4,5,3,1,3,Mumbai,West,8.64,5.74,5.49,19499702
4454,1,2,2,3,4,Bengaluru,North,7.94,6.55,12.36,25912127
3005,3,4,3,1,22,Delhi,East,8.8,0.34,0.36,20413894
3989,2,2,1,1,9,Mumbai,South,2.45,8.35,11.09,33637861
2910,3,4,3,0,11,Mumbai,North,5.34,0.97,0.21,25655771
4957,4,5,1,2,0,Delhi,Central,7.83,8.63,0.29,34188641
1350,5,4,3,0,5,Delhi,West,9.95,7.36,9.93,10956211
4493,1,1,1,2,13,Chandigarh,East,9.15,0.35,14.67,20075640
677,1,2,1,3,24,Delhi,Central,0.63,0.59,14.16,4026733
3892,4,4,1,0,28,Delhi,South,7.67,4.95,9.64,26706908
4619,1,1,1,0,5,Chandigarh,Central,2.79,3.77,5.99,20961407
3088,3,4,2,0,10,Mumbai,South,3.4,7.86,7.59,27165259
2560,2,3,1,1,25,Pune,Central,6.02,3.46,3.53,13000989
1603,2,1,3,1,7,Chandigarh,South,7.88,2.88,12.69,7545955
4199,3,3,2,1,3,Pune,West,8.71,4.3,14.45,21030507
2844,4,4,3,0,9,Chandigarh,North,0.22,9.34,3.68,14033204
4761,4,4,2,3,22,Mumbai,Central,9.3,9.14,7.79,42313947
1485,2,2,1,0,21,Pune,Central,0.61,4.66,11.24,7103679
914,3,2,3,2,28,Delhi,West,4.43,9.62,14.53,6955535
1855,2,2,2,0,18,Chandigarh,East,5.32,9.6,5.55,7954294
2466,4,3,3,0,4,Pune,West,8.05,2.71,0.26,14717439
3987,4,3,3,2,14,Bengaluru,North,4.85,0.35,1.29,25427981
4518,3,4,1,3,8,Delhi,Central,2.27,0.32,5.51,30957626
2285,5,6,1,0,15,Chandigarh,West,6.69,3.16,1.36,11779944
1262,4,3,2,0,9,Delhi,Central,5.45,9.96,6.77,9683251
2483,3,3,2,1,10,Chandigarh,East,9.41,8.13,4.14,13529096
2115,2,1,1,2,29,Bengaluru,East,2.83,9.48,4.96,12752397
3607,2,3,3,3,2,Chandigarh,Central,9.19,8.44,4.73,17870556
935,5,5,2,3,6,Chandigarh,East,0.23,5.32,5.17,5212864
2901,3,2,1,1,10,Pune,West,4.55,1.86,14.33,13995830
1065,1,1,3,3,27,Delhi,West,2.82,0.68,14.69,6497955
582,4,5,1,1,30,Chandigarh,Central,8.68,8.9,10.35,3052632
1297,4,5,2,0,6,Mumbai,East,7.72,9.62,4.16,13063281
3685,5,5,2,1,27,Pune,West,8.98,5.66,11.05,19002182
2126,3,3,3,0,28,Bengaluru,North,8.16,6.66,14.67,12911227
4747,2,1,3,3,8,Pune,West,4.73,8.51,0.6,25103591
1828,4,5,3,2,20,Delhi,Central,4.05,3.16,5.97,12913631
3768,4,4,2,1,2,Chandigarh,East,5.77,7.85,13.8,17219186
4916,1,1,2,1,29,Pune,Central,3.98,9.82,13.52,23885789
4361,4,4,1,0,24,Mumbai,South,0.54,4.92,13.3,37139578
815,5,5,2,3,12,Chandigarh,South,7.82,2.73,5.82,5471555
1690,2,3,1,2,16,Chandigarh,North,3.61,9.77,14.93,7642565
1122,2,3,1,2,28,Chandigarh,West,2.73,1.67,8.4,5300906
2413,1,1,3,3,1,Pune,South,9.63,2.03,12.69,12736435
743,1,1,2,3,2,Delhi,East,9.45,6.98,5.53,5796870
4674,4,4,3,2,13,Delhi,Central,9.47,4.73,6.39,32399724
3666,3,4,2,3,12,Chandigarh,Central,6.31,7.71,4.58,17314380
3777,2,3,3,0,18,Mumbai,Central,4.65,6.36,9.44,32160407
4292,1,1,1,3,20,Bengaluru,North,8.4,1.71,5.24,26561672
876,1,1,2,2,3,Bengaluru,North,7.51,6.83,13.88,5576543
1252,1,1,2,1,8,Delhi,West,1.59,4.97,12.55,8039104
2256,1,1,3,0,11,Mumbai,North,4.94,4.07,3.86,19362834
1585,2,2,1,3,28,Bengaluru,South,1.61,5.28,11.29,10179749
1509,3,3,2,3,4,Delhi,South,2.3,7.23,4.84,11624549
1706,5,6,1,3,16,Mumbai,East,2.86,6.29,11.15,17111005
3930,4,3,2,2,19,Mumbai,South,1.69,6.71,6.26,36310510
3154,4,4,1,0,23,Pune,North,4.33,5.99,1.78,16922679
2218,5,6,3,1,8,Chandigarh,South,0.76,2.9,9.94,11308971
4320,1,2,2,3,26,Delhi,South,3.93,7.35,5.8,27225494
1174,2,3,2,0,9,Chandigarh,West,5.01,2.54,7.76,5775102
2559,5,5,2,0,25,Pune,North,0.38,3.41,2.42,14947353
3029,3,2,2,1,2,Chandigarh,East,3.77,3.62,2.15,14327245
3476,4,3,1,3,23,Bengaluru,East,4.45,1.93,11.94,21852654
3180,3,3,2,2,27,Chandigarh,East,6.68,9.57,12.99,14826793
500,5,5,2,1,1,Chandigarh,East,7.32,8.51,6.66,3762940
1827,2,3,1,2,19,Chandigarh,Central,2.19,9.86,13.76,7956564
4596,2,1,2,3,7,Pune,Central,3.65,8.94,8.73,23682182
4446,2,2,2,1,17,Chandigarh,West,8.83,7.18,11.83,20682647
2786,5,5,3,3,28,Pune,North,3.15,0.85,2.47,15831242
883,3,2,2,2,7,Chandigarh,Central,0.93,9.05,3.76,5567346
4232,4,3,3,3,3,Mumbai,Central,1.37,3.35,12.49,39133803
2542,2,2,1,0,11,Chandigarh,Central,4.24,3.5,9.9,11218308
2454,1,2,3,2,14,Pune,Central,0.85,2.62,2.75,13177830
2722,3,4,2,0,19,Bengaluru,North,3.43,2.51,14.9,15846885
4178,2,3,1,2,29,Chandigarh,Central,4.3,2.62,9.34,18707662
3977,1,2,2,2,4,Delhi,West,0.77,4.36,14.12,26352402
2299,4,4,1,0,3,Pune,Central,5.27,7.52,8.47,13182738
1501,1,1,3,3,8,Pune,West,4.57,1.54,10.97,7512140
770,4,4,3,2,7,Delhi,Central,1.15,5.8,0.43,7141766
969,3,2,3,3,24,Pune,North,1.75,4.77,4.87,6630495
4112,1,1,3,0,7,Chandigarh,South,2.73,5.03,14.28,18656671
3867,3,3,1,0,5,Pune,North,9.45,9.15,13.32,19732040
1443,4,3,2,1,15,Bengaluru,Central,6.6,1.55,12.4,9848331
2341,5,6,1,3,18,Mumbai,Central,0.92,5.89,14.0,22278729
655,3,3,2,3,23,Delhi,North,6.65,5.54,14.79,5007414
4441,3,4,2,1,29,Mumbai,North,7.93,4.61,1.73,39269337
4750,2,3,3,3,26,Mumbai,South,6.95,5.77,6.63,40557348
2287,5,5,3,2,8,Pune,West,8.58,7.87,12.28,13536882
1400,1,1,2,3,30,Delhi,North,0.27,1.31,13.13,9765962
2301,5,4,1,3,16,Mumbai,West,6.5,4.17,0.68,23549725
3666,4,4,2,0,21,Bengaluru,North,7.11,7.77,8.63,22573828
1926,3,4,2,3,7,Pune,East,2.48,9.36,11.38,9797473
4269,1,1,3,0,19,Bengaluru,Central,3.05,0.23,1.11,25719078
1806,5,5,3,3,14,Chandigarh,East,7.31,2.98,11.08,8738998
2838,5,5,3,3,16,Mumbai,Central,2.85,1.4,0.83,27524039
2782,3,2,3,2,7,Pune,South,1.09,4.75,2.83,14909100
2148,5,6,2,1,7,Pune,West,4.27,1.36,4.35,13082524
2743,1,2,2,3,18,Pune,North,3.5,6.33,3.81,14022474
4436,2,1,3,1,0,Delhi,South,5.03,5.31,12.11,29156458
2881,1,1,1,3,4,Bengaluru,West,7.86,4.51,6.2,17769967
3408,1,1,2,0,10,Mumbai,North,1.52,3.69,4.81,28727351
3452,2,2,2,0,19,Bengaluru,Central,4.04,1.94,2.18,21352079
2059,1,2,3,3,17,Chandigarh,South,3.4,2.01,14.67,9014448
848,1,1,2,3,25,Mumbai,North,7.84,8.34,4.17,7350488
4183,5,6,2,3,11,Pune,North,1.04,9.4,1.39,22056816
1295,3,2,2,3,1,Delhi,East,8.84,4.38,7.88,10380277
3241,2,2,3,2,13,Delhi,North,0.58,8.92,9.95,21956615
3332,3,4,2,2,21,Mumbai,East,8.14,1.07,6.55,28969172
2885,5,5,2,0,3,Delhi,West,2.16,6.07,4.1,20651669
3360,5,5,3,1,13,Delhi,West,3.91,5.07,1.28,25043569
3756,5,6,3,0,16,Pune,East,1.86,2.67,2.95,20079810
1353,4,3,1,2,7,Delhi,Central,4.86,4.72,2.06,10556032
592,5,5,1,0,24,Chandigarh,North,2.0,5.25,9.17,2445482
2845,3,4,1,1,29,Mumbai,West,4.14,5.86,4.19,24848231
1349,4,3,3,2,0,Delhi,South,9.18,9.1,3.89,10984857
2575,3,2,3,0,26,Bengaluru,South,0.24,2.48,6.71,15310118
3211,1,2,3,1,15,Pune,Central,2.72,7.88,3.2,15726255
4936,2,2,2,0,22,Mumbai,South,7.9,6.01,3.92,42305781
1131,2,2,1,2,20,Delhi,East,0.96,1.14,11.82,7717576
3125,4,4,3,3,26,Bengaluru,West,7.31,3.15,4.23,20659675
4951,4,3,1,0,8,Pune,Central,5.76,4.36,14.57,26540240
1150,5,6,1,3,4,Delhi,Central,2.46,7.31,8.93,9933569
1012,4,5,1,3,14,Bengaluru,East,7.15,2.47,8.41,7526798
4602,4,5,3,0,14,Mumbai,Central,5.81,9.69,7.37,40415016
1786,3,2,3,0,27,Bengaluru,East,4.64,1.89,2.98,11214850
4699,3,2,2,1,12,Chandigarh,North,7.75,8.88,11.1,21818296
542,2,1,2,2,23,Delhi,West,6.85,5.21,10.64,4171804
3655,3,2,2,0,18,Chandigarh,Central,3.03,9.99,1.45,17045047
4160,1,1,2,3,28,Mumbai,West,9.5,6.27,3.61,36284037
4076,2,3,1,2,3,Bengaluru,East,2.22,6.83,0.85,25266254
4018,2,1,3,3,29,Delhi,North,6.66,5.95,14.21,26585752
4420,1,1,2,3,30,Pune,East,8.01,3.57,3.6,22094338
1957,4,5,1,3,25,Pune,West,8.87,6.04,6.81,11319269
1906,3,2,1,1,25,Pune,North,2.61,3.79,1.77,10680205
4979,2,1,2,3,1,Chandigarh,West,1.24,6.09,8.43,22579522
3030,4,3,1,1,28,Pune,East,8.04,9.24,5.93,16778797
4265,1,2,1,3,17,Delhi,West,6.13,0.59,12.58,27964108
2474,3,3,1,3,23,Delhi,Central,8.94,3.97,1.41,16964787
912,2,3,3,3,23,Chandigarh,South,4.22,1.39,14.69,4721687
1210,3,3,3,0,11,Delhi,Central,9.11,1.32,8.92,8351478
1109,5,4,3,3,9,Bengaluru,South,6.95,0.74,1.28,9016865
4146,5,6,2,0,14,Chandigarh,West,0.69,0.65,2.97,19668642
503,5,5,3,1,9,Chandigarh,South,9.66,6.67,11.78,3392587
1857,5,6,3,1,19,Pune,West,0.73,6.42,7.33,10179305
527,2,2,1,2,11,Chandigarh,North,2.32,8.64,1.22,2860563
4353,5,4,2,3,14,Delhi,East,3.37,6.43,10.72,30237022
3979,2,2,3,0,9,Bengaluru,North,7.29,9.07,14.47,23889503
1068,1,2,1,2,12,Chandigarh,South,5.79,5.64,11.37,3767002
3144,5,4,3,3,26,Bengaluru,South,7.12,8.75,4.46,20634926
779,3,2,2,3,11,Delhi,South,3.28,8.08,11.45,7048302
1131,1,1,1,2,3,Chandigarh,West,4.38,8.08,5.4,5416054
3861,3,3,2,3,21,Chandigarh,Central,1.9,7.3,7.62,17951662
1982,3,4,1,0,9,Mumbai,East,8.71,5.21,3.32,17677239
633,1,1,1,3,3,Mumbai,North,3.3,7.71,4.98,5604881
789,3,2,3,0,22,Bengaluru,South,4.2,3.68,5.34,5181425
766,3,2,2,0,25,Chandigarh,East,8.24,6.94,14.65,3012199
1202,3,4,1,1,22,Delhi,West,8.43,1.5,11.09,8739719
4659,1,1,2,3,15,Delhi,Central,5.48,1.44,8.14,30510749
3691,1,2,2,3,3,Mumbai,West,6.44,4.68,2.63,32404502
3528,5,4,2,2,25,Bengaluru,South,8.05,3.94,2.67,23399720
1038,3,3,3,3,4,Delhi,South,9.53,7.5,5.33,8945159
3871,5,5,3,2,1,Chandigarh,North,9.29,6.01,12.78,18210450
1663,2,1,3,2,28,Pune,West,4.11,2.12,4.65,8312652
626,1,2,3,0,20,Delhi,Central,8.66,8.49,5.35,3552969
4980,2,1,2,1,8,Mumbai,East,9.53,3.69,6.68,43169222
2425,2,3,3,1,22,Mumbai,East,4.48,0.46,9.12,20727770
4060,2,3,1,3,29,Delhi,West,1.22,6.72,6.92,26147786
1321,2,1,2,3,30,Pune,South,4.08,3.87,11.1,7277974
775,3,4,2,3,9,Delhi,East,7.88,5.07,3.06,6460999
4609,4,4,2,2,0,Mumbai,Central,8.69,7.28,12.54,41534910
3395,3,2,3,1,5,Pune,Central,6.97,3.26,11.09,18709623
1808,4,4,2,1,29,Bengaluru,North,2.86,0.22,14.96,12236942
1867,1,2,3,3,21,Bengaluru,Central,7.64,8.9,4.38,11765678
4967,3,2,2,3,13,Bengaluru,Central,7.69,2.91,5.08,30616514
1199,5,5,2,3,10,Bengaluru,Central,8.04,4.73,10.93,9534463
505,3,2,1,0,4,Chandigarh,West,5.45,3.83,10.2,2331730
1120,4,5,2,2,1,Pune,East,3.07,9.48,6.0,7320299
3082,5,4,3,1,11,Mumbai,Central,8.28,5.17,6.25,28218121
3521,4,5,1,2,6,Bengaluru,South,0.61,6.16,4.91,23209313
2093,3,4,1,1,1,Pune,South,3.01,7.0,11.46,10982900
1444,5,6,1,2,26,Delhi,West,8.51,3.26,6.15,11110392
1146,2,3,3,2,19,Bengaluru,East,6.39,2.96,1.5,7009958
4669,3,3,3,2,22,Chandigarh,Central,4.56,4.92,2.54,22042529
3674,4,3,3,2,29,Bengaluru,North,0.68,1.37,0.61,23963511
2056,2,2,1,3,19,Pune,North,4.77,8.41,8.42,10466229
3048,5,6,2,3,30,Delhi,East,9.38,3.51,12.57,22007264
754,2,1,3,0,30,Bengaluru,North,8.12,3.09,13.98,3934756
4540,1,2,2,3,16,Bengaluru,West,2.64,3.02,5.29,27710080
3229,3,4,2,0,11,Delhi,East,4.91,1.52,11.82,21747189
3200,5,6,2,1,2,Mumbai,West,5.68,2.92,5.67,30791247
4837,3,4,2,3,7,Bengaluru,Central,3.16,5.49,3.88,31036720
3928,2,2,1,1,10,Delhi,East,9.06,0.87,12.87,25265829
2072,5,6,1,2,8,Delhi,South,1.45,9.66,12.03,15873380
1252,5,5,1,2,30,Mumbai,West,0.7,5.59,1.15,13427434
3133,5,4,1,2,17,Delhi,West,2.5,9.63,3.31,23201518
1012,1,1,1,0,24,Delhi,East,2.93,9.74,10.98,5550296
1401,2,1,3,0,24,Chandigarh,East,2.26,7.29,8.3,6155283
3941,4,3,1,2,10,Mumbai,Central,9.87,0.88,8.63,35772525
999,4,3,2,0,4,Chandigarh,West,8.6,8.43,12.22,5788609
3974,3,3,2,1,14,Bengaluru,North,4.59,9.87,8.68,24558031
4867,4,4,1,3,6,Bengaluru,Central,7.7,8.94,5.19,32284837
3989,1,1,3,1,17,Mumbai,Central,5.24,6.9,1.47,34341394
573,4,4,1,1,9,Mumbai,East,0.45,8.35,11.92,6335564
779,2,3,1,1,15,Mumbai,South,1.11,4.84,9.86,6463200
3518,3,3,2,2,27,Delhi,South,8.36,4.61,14.81,23120482
3839,2,3,1,0,21,Pune,East,8.84,2.27,2.58,19319067
2701,1,1,2,2,16,Mumbai,East,5.84,2.89,4.56,23342819
2673,3,4,2,3,26,Mumbai,East,1.9,2.87,1.43,24144396
4621,1,1,3,3,13,Pune,North,7.6,4.91,1.44,22917562
3865,1,1,2,2,27,Bengaluru,Central,1.67,1.59,7.12,23368801
3651,2,1,2,3,5,Delhi,West,0.54,9.62,8.53,24999908
1685,1,2,3,1,22,Chandigarh,Central,0.39,2.55,6.31,7444385
3898,5,6,2,3,12,Delhi,West,8.08,9.45,3.78,27933716
3853,3,3,3,0,7,Delhi,West,7.78,7.95,11.07,25553085
4715,3,3,2,0,13,Bengaluru,East,9.67,2.03,5.48,29585569
4730,5,4,3,1,6,Pune,Central,7.08,5.8,6.97,25307267
4150,2,2,2,0,25,Mumbai,South,8.94,7.42,2.75,35695712
2615,5,5,1,2,11,Bengaluru,East,1.01,3.28,4.62,17900582
1149,1,1,3,3,19,Chandigarh,Central,2.36,7.92,7.52,4677631
2674,2,1,2,2,15,Pune,North,4.75,1.25,0.45,13914271
2495,2,3,1,0,20,Bengaluru,South,5.18,3.46,3.44,15329172
1432,4,3,3,3,11,Pune,West,3.28,3.75,13.77,8960066
3608,5,4,2,1,5,Bengaluru,Central,7.98,1.02,10.62,22914254
4365,1,1,3,2,0,Mumbai,North,3.94,5.89,11.04,37327609
2500,3,2,1,2,17,Delhi,South,8.64,1.7,3.92,16379134
4251,5,4,2,2,9,Bengaluru,West,3.6,4.31,0.29,28051103
3707,2,1,1,0,3,Delhi,West,7.32,9.59,6.23,24204697
3076,3,3,2,2,9,Mumbai,North,0.32,4.73,7.94,28048229
4686,1,2,3,0,15,Delhi,South,6.45,3.77,11.82,30440040
3968,1,1,3,2,3,Mumbai,West,0.92,3.51,6.21,35168178
1022,2,2,1,0,30,Mumbai,West,8.28,6.42,1.1,8975137
4493,3,3,3,0,8,Bengaluru,North,2.96,5.86,11.7,27110407
3678,2,3,2,3,24,Mumbai,East,6.3,8.71,4.71,31476294
3195,5,4,1,0,17,Delhi,North,1.55,0.42,4.61,22378889
2730,2,2,3,3,30,Bengaluru,East,2.82,0.26,14.18,15911616
1853,4,4,1,2,16,Mumbai,Central,0.81,5.77,9.86,17673223
4019,4,4,1,3,2,Mumbai,North,5.27,4.06,6.88,37151430
2834,2,1,3,0,21,Chandigarh,North,4.18,2.13,5.74,13605367
4467,2,3,2,2,25,Delhi,North,8.58,1.89,2.49,28975644
2330,5,5,2,0,22,Delhi,North,4.1,7.43,0.57,16872501
690,4,3,3,1,30,Pune,West,1.6,9.37,13.35,4099061
1200,5,4,1,0,3,Mumbai,South,8.02,4.56,8.55,12897951
1915,1,2,3,2,28,Bengaluru,North,3.46,5.96,3.85,11232297
1286,2,1,3,3,11,Delhi,North,0.76,4.53,11.12,9482383
4575,4,4,1,3,12,Delhi,East,9.86,7.68,2.53,31924158
4287,4,3,2,3,15,Pune,East,9.49,2.31,7.22,23443302
1649,3,2,3,2,20,Mumbai,West,7.38,8.62,10.6,14661438
4584,5,4,3,2,14,Chandigarh,South,4.19,1.65,1.78,23439546
3667,5,6,1,1,5,Bengaluru,Central,3.37,7.23,9.72,24209351
4621,2,2,2,3,2,Bengaluru,South,0.42,5.9,3.63,28895547
1514,3,4,1,3,19,Delhi,South,4.86,3.14,12.51,10591841
4043,4,5,2,2,11,Pune,West,7.87,4.09,2.78,22253477
1532,5,6,3,3,3,Bengaluru,South,3.99,1.91,7.72,12698695
2779,5,5,3,3,28,Delhi,East,5.03,4.31,13.66,19273964
676,4,4,2,0,30,Delhi,East,0.54,7.29,2.08,5334257
1221,5,6,2,0,21,Bengaluru,East,4.94,4.22,10.05,9332532
902,2,2,1,3,18,Pune,East,0.68,0.4,13.98,4531426
4924,1,2,1,1,27,Bengaluru,Central,1.13,8.54,4.48,28480277
1037,2,3,3,0,23,Mumbai,South,3.6,5.32,3.58,8879147
596,3,3,2,2,30,Pune,West,9.59,2.98,14.09,3250217
1453,2,1,3,1,17,Chandigarh,East,2.67,0.4,7.54,6257354
1344,2,2,3,1,6,Mumbai,Central,9.07,7.13,0.75,13064203
1787,3,3,1,1,13,Chandigarh,East,5.99,9.57,4.21,9650871
955,3,2,1,0,3,Pune,West,5.44,3.63,2.81,5683658
2512,1,2,1,2,6,Chandigarh,West,4.58,4.17,2.36,11923633
2114,2,1,2,1,20,Bengaluru,North,7.32,6.65,2.45,12962409
4173,2,2,2,0,12,Delhi,Central,9.59,8.04,8.11,27915976
3617,4,5,3,2,18,Bengaluru,South,9.11,5.0,4.01,23762062
1281,2,1,3,3,5,Chandigarh,North,0.94,8.74,13.31,5834723
4615,4,5,1,1,0,Mumbai,North,7.84,4.87,7.76,41591344
726,4,5,2,0,13,Mumbai,North,9.15,3.69,6.53,8563609
2279,1,1,3,1,15,Pune,East,1.57,7.41,14.4,10621352
4310,5,6,1,3,29,Mumbai,South,7.58,6.68,14.54,38669932
4169,2,3,3,2,16,Bengaluru,South,8.0,7.24,3.54,25069951
4516,5,4,1,2,18,Chandigarh,West,6.56,3.77,1.32,21702748
4123,1,2,2,0,16,Delhi,Central,6.53,7.13,12.37,26546998
4940,4,3,2,1,17,Delhi,South,1.22,0.66,0.87,34082744
1100,5,4,1,0,13,Bengaluru,West,6.6,7.33,7.43,7540401
2719,3,2,1,1,13,Pune,North,9.17,6.19,4.56,14541832
4075,3,3,3,1,0,Mumbai,East,1.0,3.73,2.17,36759161
2465,3,4,3,0,6,Mumbai,North,4.5,6.1,7.6,22156470
3595,1,2,3,0,5,Delhi,West,7.81,7.31,0.78,23320216
4610,5,5,2,3,17,Mumbai,North,0.97,8.39,9.69,41437200
2552,1,2,2,0,0,Mumbai,West,2.76,8.36,5.32,21692972
3926,5,4,2,2,27,Bengaluru,North,2.93,3.03,4.21,25299915
4848,3,4,2,1,12,Pune,Central,5.81,7.71,13.49,24097877
3163,1,2,3,3,16,Chandigarh,East,0.82,4.35,8.08,14353391
3483,2,1,3,2,0,Mumbai,North,6.91,4.84,3.4,30986519
1808,2,2,3,0,4,Mumbai,East,9.76,9.0,14.97,15519486
779,4,4,1,2,15,Chandigarh,East,0.89,9.54,8.68,4915828
4201,3,4,1,2,16,Bengaluru,North,5.1,1.17,1.31,26709682
4385,5,5,2,3,23,Chandigarh,South,2.96,4.33,3.2,22663709
1824,1,1,3,3,7,Chandigarh,East,2.87,4.47,13.95,8693297
4538,1,2,2,3,15,Pune,South,1.94,3.97,3.24,22749585
2323,2,3,3,2,12,Pune,South,7.29,8.3,4.98,11370448
1236,1,2,1,0,13,Pune,South,4.52,0.33,0.33,6248019
3548,4,5,3,0,1,Mumbai,North,6.74,3.97,13.2,31294717
4839,5,6,1,1,28,Chandigarh,East,8.85,7.9,12.35,22677091
2921,2,2,3,0,28,Chandigarh,East,9.7,7.4,4.05,13619499
667,2,2,1,1,17,Mumbai,Central,4.23,3.63,2.04,6623298
2231,5,5,1,0,6,Pune,Central,9.59,8.16,5.39,12908247
1430,2,2,3,2,9,Bengaluru,West,0.45,6.87,3.69,8930102
4917,5,4,1,0,24,Bengaluru,North,9.92,4.27,13.93,30272850
4805,1,1,1,0,2,Chandigarh,South,2.78,0.5,13.36,21097721
2469,4,3,3,1,8,Delhi,West,6.22,9.44,2.16,18076054
3565,3,3,3,2,21,Pune,East,4.63,3.0,5.43,19335895
2420,5,4,1,0,20,Chandigarh,Central,5.8,2.1,3.6,12570615
1399,4,5,1,2,5,Delhi,Central,0.9,4.57,3.76,11641560
4874,1,1,2,2,14,Mumbai,Central,4.24,6.21,9.03,42505299
1950,2,1,1,0,11,Delhi,West,6.15,6.16,14.91,12257846
4882,2,2,1,2,24,Mumbai,West,0.87,4.14,11.01,41799365
603,3,4,1,0,22,Delhi,Central,0.78,3.15,9.32,4502963
629,2,2,3,2,30,Delhi,North,5.08,7.58,4.51,4681999
3395,5,5,1,0,9,Mumbai,North,1.55,6.81,2.94,32218087
4759,3,3,3,3,12,Mumbai,South,6.62,2.84,10.82,42503881
628,5,6,3,0,23,Mumbai,West,5.45,0.34,6.77,7345644
4751,5,4,1,0,10,Delhi,Central,3.89,9.39,7.17,33579522
1678,2,3,1,2,17,Pune,South,1.29,9.36,10.34,8750913
3595,1,2,3,3,0,Chandigarh,Central,9.75,5.08,7.04,16628794
3222,3,2,3,3,16,Bengaluru,Central,1.82,4.83,5.2,20920202
3175,4,4,2,1,22,Bengaluru,North,0.4,7.58,11.97,20023137
3446,4,5,3,0,26,Chandigarh,North,8.41,9.46,3.7,16290687
2382,1,1,3,1,13,Delhi,North,5.41,3.3,11.98,14484599
4381,5,5,1,0,28,Pune,South,3.14,1.44,5.15,21761241
4410,1,2,1,2,12,Pune,South,5.08,8.4,8.17,22478461
4360,4,5,1,1,0,Mumbai,East,1.79,4.85,0.79,39534404
2023,5,4,3,0,16,Pune,South,5.17,5.46,10.2,11680970
4394,4,3,1,1,0,Chandigarh,South,7.42,6.45,4.9,21651534
1081,4,5,3,2,20,Delhi,South,8.28,4.23,8.66,8308925
4676,4,5,3,0,26,Bengaluru,East,7.85,1.62,9.11,29513969
4235,1,1,2,1,5,Delhi,North,2.51,7.73,0.48,28154084
2971,3,3,2,2,4,Delhi,Central,9.87,2.67,10.88,21207813
3886,2,3,3,0,23,Mumbai,West,9.1,1.56,3.71,33915372
3809,1,1,3,0,15,Delhi,Central,1.8,7.39,9.76,24949745
2947,5,4,2,3,17,Delhi,Central,2.0,7.24,9.2,21311222
2395,4,3,1,2,4,Chandigarh,North,7.39,8.83,0.9,12512177
2250,5,6,2,0,13,Bengaluru,East,4.42,3.89,3.3,15423093
2746,2,3,3,3,25,Chandigarh,Central,5.14,9.23,4.53,12170474
2344,4,3,1,0,22,Delhi,Central,5.4,9.76,8.12,17296732
1051,1,2,1,3,17,Pune,West,8.07,8.44,10.42,4568891
3811,2,2,2,3,24,Chandigarh,West,6.56,6.1,12.64,17822240
1487,4,4,3,1,15,Delhi,Central,5.21,9.46,13.32,10708796
4109,2,2,1,3,26,Mumbai,East,7.81,3.15,0.32,35871979
1392,5,6,3,0,26,Pune,West,0.93,4.97,7.58,7768971
1636,4,4,1,2,17,Delhi,East,3.41,6.52,7.54,12550771
1684,4,3,2,2,11,Chandigarh,East,7.87,6.03,13.61,8982816
2566,5,6,1,3,2,Chandigarh,North,0.58,5.14,6.14,12526127
2296,3,4,1,0,16,Bengaluru,West,2.05,0.6,7.03,14494017
3141,1,1,1,0,18,Delhi,East,1.84,6.91,5.17,19144027
1022,3,4,2,2,1,Bengaluru,North,4.94,3.37,7.42,7178834
4540,4,4,1,0,1,Pune,North,4.78,4.14,14.46,24144359
3685,1,1,3,1,1,Pune,North,2.84,6.38,12.79,18063199
1647,5,6,2,2,24,Chandigarh,West,0.49,1.4,1.6,8845339
1926,5,5,2,2,0,Bengaluru,East,5.02,0.81,7.92,13619092
1268,3,4,3,3,29,Pune,South,9.32,1.25,13.07,6771218
1313,4,3,1,1,25,Delhi,North,7.14,5.03,9.32,9349049
2340,1,2,3,0,4,Bengaluru,West,8.55,4.89,0.5,15002035
2828,1,1,3,1,28,Bengaluru,Central,2.94,6.66,12.86,17097271
2598,3,4,2,2,4,Pune,West,7.21,6.57,4.73,13993508
2296,4,3,1,0,16,Delhi,East,2.6,5.22,11.3,15713088
1909,3,4,2,2,8,Delhi,East,1.13,7.63,4.31,13175268
2525,5,5,3,0,0,Delhi,South,9.34,6.25,5.97,18310921
3983,4,5,2,2,23,Bengaluru,North,0.96,3.04,14.43,24524846
3266,4,4,2,2,14,Bengaluru,East,1.49,9.73,4.27,20852662
2354,2,3,2,3,23,Mumbai,Central,5.32,5.85,12.27,20222503
1003,5,6,3,0,15,Bengaluru,East,3.23,7.69,10.41,7168805
2299,4,4,3,3,1,Pune,North,9.76,0.23,4.76,13188343
1958,3,4,1,1,20,Bengaluru,North,6.28,4.21,10.05,12504650
4901,4,4,2,0,26,Delhi,South,9.31,1.13,0.26,32818328
1621,4,3,2,0,12,Bengaluru,Central,0.73,6.4,14.13,10391072
2944,5,4,2,1,4,Chandigarh,East,1.78,7.92,7.85,14584460
1751,4,5,2,2,14,Delhi,South,3.05,2.32,7.37,12757307
2929,2,3,2,2,24,Chandigarh,West,3.81,1.62,13.27,12238942
3082,3,2,2,2,30,Pune,South,0.44,7.34,14.48,15808470
4488,1,1,1,2,20,Pune,East,6.86,2.25,12.34,22066986
3791,4,5,2,2,29,Pune,South,6.8,5.9,0.7,20521882
3535,2,1,3,2,7,Chandigarh,Central,2.21,9.09,8.28,15998467
3238,3,3,2,0,3,Pune,East,4.15,7.0,6.18,18115006
2954,4,3,2,2,4,Chandigarh,West,9.47,8.82,3.66,14865328
2188,4,4,2,3,30,Chandigarh,Central,3.93,8.76,8.28,11002786
2870,1,2,1,3,15,Mumbai,East,8.76,4.94,14.42,23285169
1674,4,5,1,2,23,Chandigarh,Central,7.83,3.72,14.8,8867893
3162,1,1,1,2,1,Pune,North,7.71,0.42,1.87,16732318
2650,4,4,3,2,7,Chandigarh,South,6.18,1.1,3.23,14153797
2589,2,2,3,0,24,Pune,North,6.26,5.1,7.51,12921479
1216,1,1,2,3,19,Bengaluru,West,0.52,0.36,7.8,7792351
1970,4,4,1,2,23,Pune,North,7.32,8.87,0.88,11032699
4401,5,5,1,0,22,Bengaluru,Central,1.8,6.15,4.52,27408353
2067,1,1,2,0,7,Mumbai,South,9.57,2.78,4.56,17367665
4851,5,4,2,2,7,Mumbai,East,3.37,1.58,9.77,44193054
506,4,4,3,3,25,Pune,West,4.27,5.67,2.61,4511023
3048,1,1,1,0,19,Bengaluru,North,9.66,8.31,3.64,18225105
3290,2,2,2,0,27,Bengaluru,North,7.28,1.71,5.63,19794168
4633,4,4,2,2,25,Mumbai,East,2.26,5.72,3.17,41182237
1766,4,5,2,2,2,Pune,South,2.13,5.8,6.82,10996379
1970,3,3,3,3,28,Chandigarh,South,5.49,9.92,14.76,8410888
4769,4,5,1,0,14,Chandigarh,North,6.24,0.52,11.32,23144086
3060,3,4,1,2,27,Bengaluru,East,8.5,7.19,1.34,18865235
4785,3,3,1,0,21,Pune,West,3.39,9.88,13.05,24054744
2894,2,2,2,0,12,Bengaluru,West,1.88,0.91,8.46,18183159
704,4,5,3,0,20,Pune,East,0.54,3.97,9.14,4498307
1011,5,5,3,1,22,Mumbai,North,4.11,4.92,9.14,11099782
2768,4,3,2,2,1,Mumbai,South,0.4,4.61,11.66,25469588
4004,5,6,2,1,29,Mumbai,East,5.83,9.68,13.73,35279586
2639,1,2,1,1,26,Bengaluru,West,7.12,4.02,11.71,15178140
3848,2,3,3,1,27,Delhi,Central,0.33,4.19,4.78,25058393
3640,1,2,2,1,12,Mumbai,East,8.48,8.89,11.11,30565709
1275,5,4,1,3,0,Bengaluru,Central,6.95,4.96,8.04,10198598
2121,2,1,3,3,5,Mumbai,East,3.48,3.45,13.91,19016032
1541,3,2,2,3,5,Chandigarh,South,1.19,0.89,11.56,7908822
2627,4,4,1,0,6,Mumbai,Central,4.91,3.78,5.28,24010003
4839,1,2,3,3,18,Bengaluru,East,0.77,9.32,12.03,28255291
4620,1,1,2,2,1,Chandigarh,West,8.62,3.71,9.98,21266064
3144,1,1,1,0,12,Pune,Central,8.22,8.49,6.12,16048617
3466,5,4,1,0,23,Bengaluru,Central,2.31,7.22,10.68,22839333
2730,4,5,1,2,7,Bengaluru,North,0.4,3.61,2.13,19074740
2321,5,5,3,1,2,Mumbai,Central,2.73,1.64,5.91,23063705
1707,3,3,2,2,7,Delhi,East,1.81,4.09,3.35,13688563
3115,2,3,1,0,21,Chandigarh,South,0.45,5.95,0.4,13475406
650,2,1,3,0,5,Chandigarh,South,0.94,7.54,7.52,2955275
4273,5,5,2,3,2,Pune,Central,8.27,8.68,2.24,24624977
4219,3,4,3,3,17,Mumbai,North,1.95,2.79,1.99,38142817
3452,2,2,2,0,26,Pune,Central,2.6,0.64,9.41,17203296
678,5,6,2,0,10,Bengaluru,South,4.09,0.69,13.44,5399545
4130,2,2,2,1,16,Pune,Central,3.72,5.41,6.55,21116853
4816,3,2,3,3,4,Mumbai,West,5.88,5.04,1.27,43427760
4518,3,3,2,2,21,Chandigarh,East,8.67,5.61,3.85,21464055
1022,1,1,3,3,28,Chandigarh,Central,2.8,4.09,8.26,4103491
3647,2,2,3,3,30,Bengaluru,North,7.55,6.59,13.79,22725502
3275,2,3,2,2,3,Bengaluru,East,9.23,8.22,10.39,20842226
3426,4,5,1,2,24,Pune,Central,9.23,5.65,1.85,18701451
860,2,2,2,2,16,Delhi,South,4.24,3.45,7.84,5896910
3703,1,1,2,0,17,Bengaluru,Central,1.07,0.79,6.4,22202468
2140,5,4,2,2,7,Pune,North,9.65,6.5,4.06,12350981
1592,5,5,3,0,10,Pune,Central,8.31,4.35,12.63,9737793
2364,2,3,1,0,0,Bengaluru,North,3.95,2.97,13.99,14165835
3343,3,4,3,0,4,Delhi,South,8.35,7.11,4.86,23212537
1690,2,1,2,2,28,Pune,South,2.53,0.8,4.21,8776081
3695,2,3,2,3,28,Mumbai,South,3.8,2.45,7.73,31580913
2819,5,4,2,1,13,Delhi,East,3.92,7.85,2.19,19898007
4509,5,5,3,0,24,Chandigarh,North,0.37,9.4,6.18,21100301
3624,5,4,1,1,7,Chandigarh,East,6.21,2.52,9.85,16599194
4219,3,2,3,2,5,Delhi,Central,9.29,2.54,1.94,29454413
4868,2,1,1,1,18,Delhi,West,4.43,2.13,11.06,31599646
1596,1,2,2,3,29,Bengaluru,West,4.7,6.02,9.02,9663429
4674,5,4,3,3,16,Pune,North,8.36,0.61,4.08,25207042
580,5,6,1,3,24,Delhi,Central,9.86,4.25,5.77,6207165
1588,5,6,3,0,6,Bengaluru,North,2.42,1.02,2.52,11663057
3928,2,1,2,1,4,Mumbai,Central,9.69,0.69,1.13,35097321
2184,3,2,3,2,3,Chandigarh,East,0.33,5.19,7.24,10967790
1759,4,3,1,0,9,Chandigarh,West,2.78,5.94,2.4,9224144
4616,2,1,1,3,25,Mumbai,Central,3.65,1.23,4.44,39950070
657,1,1,1,2,30,Mumbai,South,6.2,8.94,9.53,4995150
1564,4,5,3,1,9,Chandigarh,East,1.86,2.89,14.51,7116583
3388,3,2,1,0,18,Bengaluru,West,6.34,4.67,2.34,21165329
1377,1,1,1,2,23,Delhi,North,7.02,2.28,12.81,7789317
3336,2,3,2,2,24,Mumbai,South,3.77,3.6,9.01,29692971
3269,3,3,2,1,13,Bengaluru,South,3.61,9.21,2.82,20957702
4004,2,3,2,3,7,Delhi,West,9.07,4.77,7.19,27297284
1706,2,2,2,0,17,Bengaluru,West,5.75,0.69,2.47,9912250
4596,1,1,3,0,26,Bengaluru,West,4.46,5.32,7.15,26718851
973,2,2,1,2,17,Chandigarh,South,1.93,7.63,8.91,4892877
2046,4,3,2,2,21,Bengaluru,East,5.86,7.18,12.87,13957184
4575,4,5,3,3,24,Pune,North,3.35,7.49,5.85,24679266
1980,3,4,1,0,20,Bengaluru,Central,2.65,4.59,4.79,13497634
3926,1,1,1,1,30,Pune,South,3.98,7.87,6.58,19088349
1006,3,3,3,2,5,Bengaluru,West,3.01,0.48,14.91,7191367
2259,2,2,3,2,15,Mumbai,North,5.13,2.72,14.28,19162495
1049,4,3,2,2,5,Delhi,South,4.93,5.12,2.95,9023319
1793,2,3,2,2,10,Delhi,Central,8.59,2.93,3.22,12381988
2351,1,2,3,2,6,Chandigarh,East,8.2,4.24,5.44,10884687
4416,5,6,2,2,8,Mumbai,South,4.14,2.37,2.21,41759165
3025,3,3,1,1,22,Chandigarh,Central,0.25,6.65,12.88,13532275
2166,4,4,2,0,21,Mumbai,Central,0.85,1.33,13.16,19459744
2573,2,3,2,0,24,Delhi,Central,5.77,7.36,9.85,15400580
1030,4,4,1,1,6,Pune,South,2.13,4.59,7.55,5985830
4888,4,3,3,3,15,Mumbai,West,3.25,4.0,9.38,43924338
1714,4,5,2,0,18,Pune,South,7.09,5.77,7.73,9358102
1373,1,1,3,3,7,Bengaluru,East,1.27,6.69,3.88,7832053
3612,2,2,1,2,6,Bengaluru,South,1.03,8.31,7.43,22053652
4103,5,6,1,0,21,Chandigarh,South,8.93,9.0,7.1,19753792
3695,3,4,1,2,10,Chandigarh,Central,9.86,5.55,9.91,17766654
3622,3,4,3,0,5,Mumbai,West,2.06,3.64,7.9,32540685
2618,3,3,3,1,14,Pune,West,2.07,4.76,13.17,13898965
3987,5,5,2,0,7,Mumbai,Central,3.45,8.25,14.53,35856310
3183,2,1,1,3,6,Delhi,East,0.34,7.81,1.3,21809221
1224,2,2,3,1,0,Pune,North,5.35,3.86,7.22,6332998
1234,1,1,3,2,23,Pune,West,0.61,3.69,1.5,6161386
2361,2,2,1,0,10,Pune,North,3.23,9.09,8.39,11857717
620,5,4,2,3,11,Chandigarh,South,1.39,6.3,11.75,3671436
4794,2,1,1,2,30,Pune,East,8.33,3.93,6.87,24881548
2615,3,3,3,2,8,Bengaluru,Central,1.6,8.23,1.79,18103985
1526,1,1,1,3,7,Delhi,Central,0.21,1.45,7.85,10668942
755,3,3,2,3,11,Chandigarh,North,4.52,3.14,4.82,4127468
1794,2,3,1,2,8,Chandigarh,South,0.85,4.84,5.44,8149883
2438,4,5,3,3,27,Pune,South,9.03,6.89,12.89,13125755
2851,1,1,1,1,20,Bengaluru,Central,3.47,4.51,11.92,16939180
567,5,4,3,0,10,Bengaluru,West,7.5,7.11,3.19,5525142
3558,5,4,3,2,27,Delhi,West,3.91,0.61,12.83,25839808
4488,2,2,2,2,30,Bengaluru,West,9.37,9.18,0.61,27335788
3964,1,1,3,1,26,Mumbai,West,4.34,0.31,0.98,33893484
3501,3,2,1,3,7,Chandigarh,Central,4.27,7.06,14.36,16558013
3457,2,1,1,0,15,Bengaluru,South,9.69,9.72,3.57,21436211
1539,5,6,1,0,16,Delhi,East,9.72,0.59,6.81,11608303
4008,1,1,2,1,0,Pune,Central,7.77,7.15,8.78,19797163
3891,3,4,2,3,15,Chandigarh,East,5.19,4.53,13.72,18274252
4568,4,3,2,0,22,Mumbai,Central,3.1,2.52,13.38,39733006
535,5,4,2,1,21,Pune,West,8.53,1.88,6.68,3868195
903,2,1,2,0,17,Bengaluru,North,5.95,0.36,6.25,6112769
2813,3,2,1,1,15,Pune,South,4.27,5.25,3.64,15049368
3654,2,1,1,1,26,Bengaluru,South,4.32,5.25,12.44,21441236
1142,2,3,3,0,23,Bengaluru,South,7.54,0.67,13.52,6591121
4127,5,6,1,0,24,Chandigarh,Central,7.35,7.0,8.48,19566365
4392,1,2,3,1,1,Mumbai,East,4.39,2.88,13.45,37400252
2269,1,2,3,2,7,Bengaluru,North,1.55,6.54,0.9,13877043
2446,3,2,1,1,7,Mumbai,Central,9.13,9.25,12.85,21648534
591,2,3,2,0,7,Bengaluru,West,4.46,3.42,9.73,4062777
2388,1,1,2,2,20,Bengaluru,East,2.86,0.63,1.5,15006872
3715,4,5,1,1,25,Bengaluru,North,1.04,8.45,8.14,22876555
4152,1,1,2,3,30,Pune,Central,2.37,6.93,13.68,20510057
4868,5,6,2,0,7,Mumbai,Central,3.91,9.04,0.75,44370097
3881,3,2,3,3,25,Pune,West,8.89,5.43,8.9,19641784
1902,1,1,3,2,2,Delhi,East,4.87,6.55,3.16,12883963
3609,5,6,1,2,18,Mumbai,West,6.22,6.95,4.96,33266040
966,4,5,3,2,3,Chandigarh,West,8.5,9.86,9.78,5263234
3650,1,1,1,2,30,Delhi,Central,4.38,2.88,0.32,24183950
1844,3,2,1,3,22,Pune,South,3.98,5.64,1.66,10232303
2433,1,1,2,0,20,Chandigarh,Central,0.72,9.92,6.48,11379601
1899,2,3,3,0,21,Delhi,West,7.77,2.65,1.2,12218536
1205,2,2,2,3,23,Mumbai,North,4.48,5.91,5.44,11663879
3549,1,2,1,0,23,Bengaluru,East,8.77,3.22,7.09,20989102
1844,2,2,1,0,21,Chandigarh,North,5.35,7.55,2.71,8631249
2944,1,1,2,3,14,Mumbai,North,6.56,0.38,2.45,26795143
4428,4,3,3,2,22,Mumbai,East,2.24,6.21,4.42,40407687
606,2,2,1,0,14,Mumbai,Central,6.05,6.99,1.95,4843048
3254,4,5,3,1,26,Bengaluru,South,8.31,7.66,10.43,20497351
3422,1,1,3,1,12,Delhi,West,3.65,6.22,5.19,23027878
2764,5,5,2,3,21,Chandigarh,South,7.76,3.92,10.69,13956857
4092,5,5,3,2,22,Delhi,West,8.65,1.93,6.31,28833294
4442,3,3,3,0,29,Delhi,East,7.39,4.75,9.52,28548362
4620,1,1,3,1,17,Chandigarh,South,5.3,4.03,11.81,20895083
1872,3,3,2,2,15,Chandigarh,East,0.44,4.64,9.85,9713936
4475,1,2,3,2,22,Mumbai,North,3.16,4.77,1.55,37738326
1542,3,3,1,0,19,Pune,West,5.65,7.37,4.52,7357512
4405,1,1,3,3,15,Mumbai,South,5.43,6.33,7.58,36844375
854,2,2,1,3,29,Chandigarh,Central,6.09,9.6,5.75,3628742
4493,3,2,1,3,4,Bengaluru,West,0.49,2.51,13.34,28348439
3361,4,4,1,0,2,Delhi,South,9.48,4.38,5.38,23580183
2040,1,1,1,1,28,Delhi,South,4.02,3.48,11.59,12548433
2220,4,4,2,1,16,Delhi,South,8.98,1.56,4.7,15333845
2102,3,3,3,0,2,Bengaluru,South,6.73,0.43,6.06,13044614
3164,3,2,3,3,1,Pune,South,8.86,6.51,9.09,16600442
4539,1,1,3,3,4,Pune,North,2.85,1.28,1.78,22823217
1292,3,3,1,2,9,Bengaluru,West,1.84,5.06,7.33,8717822
2706,3,3,2,0,0,Mumbai,South,5.79,9.34,2.24,24583307
3756,4,5,3,0,22,Delhi,Central,2.25,2.68,6.89,26355670
4174,5,4,3,2,5,Pune,West,2.24,7.85,0.76,23255893
1732,2,3,3,0,6,Pune,South,5.39,5.5,10.83,8871527
3199,3,3,1,1,22,Mumbai,South,8.51,7.48,0.93,28337621
662,2,2,3,3,10,Bengaluru,North,2.0,5.54,7.27,4333514
4832,5,4,1,2,18,Bengaluru,West,2.12,0.33,2.43,31132742
3356,5,5,3,0,10,Delhi,East,2.29,4.36,0.86,23821017
2928,5,6,3,1,26,Pune,East,3.64,9.54,1.65,15889885
1004,1,1,3,1,28,Delhi,North,8.85,4.14,14.93,5721118
4308,1,2,2,2,2,Delhi,Central,7.14,4.41,7.83,27433611
2773,3,3,2,1,12,Pune,South,4.32,8.38,7.19,14881365
1418,4,5,2,3,12,Pune,East,4.93,3.74,9.24,8342303
1450,4,5,2,3,0,Mumbai,East,5.5,4.12,11.18,14416815
1991,2,2,1,3,8,Delhi,West,4.21,1.05,14.91,13134533
1725,1,1,2,0,19,Delhi,South,9.97,0.71,11.72,10133818
2650,3,4,3,0,7,Pune,West,1.93,3.55,2.7,14046248
2973,4,3,2,2,0,Delhi,Central,8.28,7.63,2.16,21882015
1493,2,1,3,3,21,Bengaluru,Central,7.88,3.27,4.83,9734567
2913,4,4,1,1,0,Pune,East,2.19,1.66,0.27,15836103
4898,2,3,3,1,14,Delhi,South,1.17,8.25,7.68,33327865
1404,5,4,3,2,18,Mumbai,Central,3.69,2.33,3.36,16211662
4343,4,3,2,1,12,Chandigarh,North,2.81,3.2,14.93,20209649
1397,4,5,2,3,12,Chandigarh,North,8.96,0.86,3.3,7022420
3933,3,4,2,0,8,Mumbai,North,8.98,9.44,10.96,34193077
3467,5,5,1,0,19,Pune,East,8.19,7.62,11.64,17285828
2789,3,2,2,1,12,Chandigarh,West,0.68,9.4,5.07,14001427
1955,1,1,1,0,4,Chandigarh,South,0.48,1.67,7.78,8685533
2604,1,1,3,2,22,Mumbai,South,7.36,9.53,13.32,21284614
4544,2,2,1,2,14,Pune,Central,3.36,9.34,6.86,23718435
3888,4,3,2,3,12,Bengaluru,South,7.73,8.54,11.78,24579367
4090,4,5,2,0,15,Mumbai,West,7.9,4.81,6.82,35937547
550,3,3,3,2,23,Bengaluru,North,4.51,7.66,1.13,5017206
2889,4,3,3,1,14,Mumbai,North,7.96,4.02,2.66,25884071
4582,1,2,1,0,6,Bengaluru,West,6.23,0.46,9.83,27158648
831,2,3,2,3,29,Chandigarh,Central,5.92,7.6,9.87,4148639
1498,3,2,1,0,29,Pune,East,2.23,8.72,11.27,8149772
1422,5,4,3,0,8,Chandigarh,West,6.61,9.54,2.65,7583409
3024,3,3,2,0,2,Chandigarh,East,6.52,4.78,12.34,14169231
1210,4,5,3,0,17,Pune,Central,1.13,5.28,9.77,7172913
3918,3,2,2,0,23,Delhi,North,4.47,1.37,14.37,25029641
1053,2,1,1,1,9,Chandigarh,South,4.47,1.83,8.85,4552308
3589,4,5,3,1,17,Pune,Central,0.28,4.65,6.15,19015735
2714,2,1,2,1,13,Bengaluru,South,9.56,2.19,6.99,17154281
1727,2,2,1,0,7,Chandigarh,West,4.11,7.89,8.42,8162639
3927,3,4,2,0,4,Chandigarh,South,2.64,4.3,2.6,18472986
3351,5,5,3,2,29,Delhi,Central,5.03,1.25,14.16,24206897
3743,3,2,2,1,7,Chandigarh,West,7.0,0.22,12.6,16521505
2921,5,5,1,2,5,Delhi,West,1.15,3.2,10.18,20265416
1312,1,1,2,1,2,Pune,Central,4.81,2.09,8.14,6844027
3832,2,1,3,0,18,Delhi,West,4.78,4.86,8.64,25079814
4302,4,5,3,3,2,Pune,South,9.88,7.47,5.14,23131500
4406,2,1,2,0,12,Bengaluru,North,9.9,3.09,0.3,26765463
4135,2,3,2,0,23,Bengaluru,West,4.2,5.23,12.36,24746490
2750,5,5,2,0,27,Pune,South,6.54,5.57,7.29,14923743
1120,5,5,3,3,6,Mumbai,South,9.68,5.5,7.76,12699850
4737,2,1,1,0,30,Pune,West,9.91,0.88,10.51,23031040
2557,3,4,3,0,24,Bengaluru,West,2.78,8.53,4.45,15831452
2062,4,5,3,2,2,Delhi,Central,7.89,0.44,8.91,15588356
710,3,4,2,2,1,Mumbai,West,0.33,9.85,12.28,6956245
3501,5,4,1,1,2,Chandigarh,Central,0.7,9.06,7.85,17147523
4107,2,2,2,2,6,Mumbai,Central,9.98,7.02,14.25,35378432
1988,3,3,3,2,8,Pune,North,4.14,1.08,0.59,11606667
2711,4,5,1,3,13,Chandigarh,West,8.65,3.98,14.76,12714322
1962,5,4,1,3,7,Bengaluru,West,8.71,8.43,4.81,14060295
555,4,5,2,3,5,Bengaluru,South,9.01,1.05,4.05,4883482
643,4,3,1,1,8,Mumbai,East,5.83,4.2,12.77,6382057
2474,2,2,1,2,20,Delhi,North,6.91,1.15,12.36,15136249
1644,1,1,1,2,12,Mumbai,Central,8.96,0.3,9.87,13320036
4662,3,3,3,1,3,Bengaluru,West,9.06,5.98,11.25,29618420
4351,4,3,3,1,20,Chandigarh,South,6.09,7.04,6.6,20499321
2695,4,3,2,0,9,Chandigarh,Central,1.48,4.03,8.92,13404347
2923,5,4,1,2,2,Chandigarh,East,2.37,1.02,6.89,14693645
3064,3,3,3,1,16,Pune,North,9.97,4.14,12.99,16057735
2759,2,1,3,2,18,Pune,North,1.83,5.21,11.8,13497273
3283,3,3,1,0,26,Delhi,South,7.48,0.21,1.49,22548548
2795,4,5,1,3,21,Delhi,South,8.92,4.33,8.51,19278366
1043,1,1,3,2,15,Pune,East,6.77,8.02,8.19,5383172
1978,4,5,3,3,2,Mumbai,Central,5.37,2.96,2.87,19399293
3498,1,1,3,3,24,Delhi,Central,0.24,2.39,10.12,22843776
1258,1,2,1,2,28,Bengaluru,West,4.71,0.55,13.85,6271451
3360,1,1,2,2,10,Delhi,West,1.97,6.22,12.75,20749130
1845,5,5,3,0,13,Bengaluru,West,8.9,5.94,5.86,13053943
1864,1,1,3,3,17,Delhi,East,8.46,8.25,12.58,11675274
3919,2,2,2,1,25,Mumbai,East,3.64,3.11,5.29,33306019
916,2,2,2,3,2,Chandigarh,North,2.14,5.85,4.43,5048412
3307,3,3,1,3,1,Chandigarh,West,5.86,8.69,11.72,15905079
4992,5,4,2,2,3,Pune,South,7.05,6.72,11.49,26966846
4269,5,5,3,0,25,Chandigarh,South,6.19,0.32,1.27,20476662
2254,5,5,1,0,12,Mumbai,North,7.98,6.44,3.8,21032701
1005,3,4,2,1,4,Bengaluru,West,6.45,6.29,12.61,7386349
1964,1,2,2,3,9,Pune,North,6.81,1.32,15.0,9730517
1989,1,1,1,1,4,Chandigarh,East,0.76,6.69,11.51,8431782
1575,5,5,2,1,13,Bengaluru,North,1.63,8.44,4.3,11613737
568,1,1,1,1,22,Chandigarh,South,2.95,2.51,10.28,2325253
2014,4,3,1,0,10,Bengaluru,Central,7.63,2.26,11.92,13255051
1328,3,3,1,2,29,Pune,East,6.89,0.95,6.92,7690228
762,5,6,2,0,15,Delhi,East,5.63,3.58,0.86,6871993
4823,2,2,2,3,22,Pune,West,4.09,1.19,11.91,24515478
3225,5,6,1,3,0,Delhi,West,6.2,3.55,12.38,23363630
879,2,1,2,1,18,Pune,East,7.08,7.0,5.62,4526242
726,2,2,2,3,25,Chandigarh,North,1.05,3.77,12.41,3463084
932,3,4,3,1,26,Mumbai,Central,9.0,1.1,2.79,9252431
2722,5,4,2,1,20,Delhi,East,0.46,0.73,8.99,19555263
1951,5,4,1,1,15,Delhi,East,6.98,2.22,10.79,14419134
3964,5,6,3,3,16,Bengaluru,West,0.73,7.65,3.64,26069527
2653,5,6,2,1,4,Chandigarh,North,1.17,2.9,5.72,13668931
2356,4,3,3,1,23,Bengaluru,Central,9.71,9.69,13.6,14679503
3867,2,1,1,2,12,Pune,East,7.35,7.1,4.34,20120457
2614,2,3,2,1,17,Delhi,West,6.61,4.77,8.97,17798879
752,5,4,1,2,12,Chandigarh,Central,5.03,8.5,4.8,4904298
770,2,1,2,3,3,Mumbai,West,7.66,0.32,14.53,7801225
4123,3,2,1,0,14,Mumbai,East,5.73,1.02,5.61,36178511
2586,1,1,2,2,25,Mumbai,East,2.49,3.47,12.74,20630100
4387,3,2,3,0,18,Delhi,Central,2.61,6.0,6.95,30220311
3906,2,2,3,0,17,Chandigarh,South,4.23,7.04,12.94,17365931
4617,2,1,2,0,13,Mumbai,West,8.74,8.92,4.97,40146779
1888,1,1,1,0,7,Bengaluru,Central,5.25,9.43,9.51,11221886
4262,5,4,2,3,13,Pune,Central,8.72,3.39,6.91,23127563
587,3,2,1,1,30,Chandigarh,West,3.62,3.55,9.72,3070616
3730,3,3,2,3,6,Pune,South,6.33,8.63,7.37,19570258
4391,2,3,1,0,0,Chandigarh,East,8.14,6.45,10.61,20080929
4625,1,1,3,1,12,Bengaluru,North,6.66,1.64,7.16,27391373
1225,1,1,2,1,7,Pune,East,4.09,3.36,6.42,5333424
4297,5,6,2,2,18,Delhi,North,2.47,2.48,10.91,29366137
2864,2,2,2,0,11,Chandigarh,West,6.52,7.76,9.86,13247784
3509,4,3,1,3,7,Delhi,North,8.16,4.1,8.21,24010096
4066,1,1,3,0,21,Chandigarh,East,2.02,7.13,13.11,17795728
4042,1,1,3,0,28,Delhi,North,6.44,4.75,5.62,25512833
3851,5,6,3,2,22,Mumbai,South,6.57,7.0,3.03,34841535
1843,2,1,3,3,22,Mumbai,North,4.71,6.44,13.21,15065153
711,5,6,1,1,19,Chandigarh,West,1.77,4.92,10.54,4532021
2233,1,2,2,0,7,Mumbai,South,6.98,3.73,12.1,18806558
4835,3,2,3,0,5,Pune,North,4.21,6.71,4.32,25395772
3571,1,1,2,0,15,Chandigarh,Central,7.43,6.34,3.9,15427354
748,1,1,2,2,24,Chandigarh,Central,7.35,8.9,6.02,2805849
1000,2,3,1,2,11,Delhi,East,5.23,1.07,8.46,6267645
3631,3,3,1,1,22,Pune,Central,9.53,7.35,2.18,18752691
3721,5,5,1,2,13,Chandigarh,South,6.11,9.33,2.71,17844314
3669,1,1,1,3,28,Chandigarh,West,4.35,3.65,3.51,16641272
1482,3,2,2,2,30,Pune,East,9.23,0.93,14.31,9153456
2468,2,3,3,0,16,Delhi,East,6.06,9.44,8.33,15109913
4172,4,5,1,1,22,Delhi,South,1.39,2.83,5.01,28502915
4076,3,2,1,2,1,Chandigarh,West,3.37,0.52,1.92,19872795
2237,4,4,3,3,12,Delhi,South,7.37,1.8,2.01,16533897
3783,3,3,3,3,9,Bengaluru,North,6.61,9.11,4.46,24677766
2383,5,4,3,2,18,Delhi,East,2.65,7.45,4.75,17023992
1375,4,4,1,2,5,Bengaluru,North,4.75,6.32,13.07,9724188
4924,3,2,2,2,2,Bengaluru,South,8.99,5.94,10.41,30677581
503,3,4,1,3,21,Chandigarh,Central,8.11,9.78,9.48,2697833
624,2,1,2,2,2,Mumbai,Central,0.65,7.8,2.16,7060658
2819,1,1,2,0,28,Mumbai,Central,8.77,5.29,3.01,23537007
859,1,1,3,3,18,Pune,East,1.28,5.6,8.41,3637667
2066,5,6,1,0,6,Bengaluru,Central,1.31,9.33,10.41,13524506
975,2,1,1,1,1,Pune,North,9.7,9.83,6.47,5379413
1202,5,4,3,3,13,Bengaluru,Central,0.7,2.9,5.46,9276982
4094,3,2,3,2,12,Bengaluru,North,3.22,0.28,4.98,26458861
1062,5,6,1,3,29,Chandigarh,South,1.72,7.64,5.55,5906361
2659,3,3,3,1,26,Mumbai,South,1.03,7.56,1.46,23191356
1881,2,2,2,0,5,Mumbai,West,2.82,1.21,12.03,16881944
859,2,1,2,0,3,Chandigarh,East,9.34,2.99,9.92,4896012
896,5,4,2,3,13,Delhi,North,0.76,8.15,4.77,8994630
2532,5,4,3,2,0,Mumbai,South,4.42,2.2,9.86,24593224
3399,4,5,3,2,19,Delhi,West,1.4,7.39,4.1,24005626
2211,1,1,2,1,13,Chandigarh,North,1.62,2.16,4.15,10200838
2847,3,4,1,0,26,Pune,Central,1.68,0.81,11.44,14584853
2857,2,2,2,3,26,Bengaluru,Central,0.61,3.88,8.45,18201159
4347,3,2,3,1,4,Mumbai,South,5.18,3.53,6.3,39501862
1843,5,4,2,2,2,Pune,West,2.21,5.16,13.29,11000992
2465,1,1,3,3,26,Mumbai,East,9.61,9.2,14.71,20543130
1319,5,6,2,0,23,Mumbai,West,6.06,3.34,2.82,13485483
3973,2,1,3,3,8,Bengaluru,West,4.82,1.48,1.0,24964825
1394,4,5,1,2,29,Pune,South,6.52,2.13,2.11,8583064
4553,1,2,2,1,30,Pune,North,7.86,6.88,1.64,22656796
2150,1,1,3,3,1,Delhi,South,9.9,5.73,5.75,14403475
1629,5,4,1,1,6,Mumbai,West,1.21,6.31,6.41,16832133
3801,3,2,1,2,1,Pune,West,1.06,3.94,2.19,21577902
882,3,4,3,0,4,Bengaluru,South,2.63,4.31,13.88,5561059
930,2,1,3,1,15,Chandigarh,East,9.66,2.07,0.44,4312077
1085,3,4,3,3,29,Chandigarh,West,1.34,9.13,7.42,5289383
3381,3,2,3,2,22,Mumbai,South,4.26,7.63,7.17,29552232
2402,5,5,3,1,3,Delhi,North,5.11,9.55,8.75,17370793
3152,5,4,1,2,6,Pune,South,5.91,7.15,3.84,17654067
1401,5,6,2,1,1,Pune,South,0.72,2.53,10.26,8493937
1919,2,1,2,2,0,Pune,South,3.82,1.06,11.1,9995391
4946,5,5,2,2,11,Chandigarh,North,9.75,8.69,11.69,23561566
636,4,5,1,2,14,Pune,West,2.88,3.42,5.4,4649588
1627,4,3,3,2,5,Delhi,North,5.71,2.13,3.8,13215644
1887,2,3,2,1,6,Pune,West,9.99,7.91,12.0,9604381
2566,1,2,2,0,16,Mumbai,North,0.46,3.75,12.07,21798593
1316,3,3,1,0,25,Mumbai,West,2.8,0.96,13.75,10880554
2352,4,4,3,3,6,Pune,Central,5.72,6.48,10.76,12984161
3451,3,2,2,2,17,Chandigarh,West,4.43,0.97,14.34,15979514
4293,1,1,2,2,8,Bengaluru,South,1.17,0.44,2.22,26194300
4266,5,5,3,1,28,Bengaluru,South,7.57,8.48,7.42,26998870
2881,5,6,1,0,11,Pune,East,7.4,9.75,14.01,15405650
3459,4,3,2,0,0,Pune,East,4.11,7.37,2.24,19021980
1019,1,1,2,3,18,Chandigarh,East,6.27,7.31,3.27,4341828
2322,1,2,1,3,29,Pune,East,0.48,9.5,12.94,10561679
4855,2,2,3,3,27,Delhi,Central,5.58,3.54,10.51,31595874
4297,2,1,3,2,12,Chandigarh,North,7.67,9.42,6.39,19782081
3354,3,4,1,2,23,Chandigarh,North,7.35,9.55,12.79,15333319
1337,5,5,2,1,5,Mumbai,South,8.13,2.33,7.22,14595138
884,1,1,2,3,18,Bengaluru,North,6.6,8.54,2.11,6319932
4253,1,2,1,2,23,Delhi,East,1.54,3.92,6.73,27724069
3875,4,3,1,2,11,Bengaluru,East,9.43,9.49,6.39,24449683
1849,5,6,3,3,1,Chandigarh,South,7.99,7.91,1.52,10561038
2783,1,1,1,2,2,Delhi,Central,9.33,3.94,2.6,19258254
1483,1,1,2,2,4,Delhi,North,1.45,0.37,8.8,10007923
3187,5,5,3,0,29,Delhi,West,1.07,7.31,11.49,22529551
3831,2,2,1,2,8,Bengaluru,South,3.87,2.13,14.98,23480954
4554,1,2,3,1,10,Chandigarh,Central,9.83,5.04,1.82,20986535
1432,5,4,3,3,26,Delhi,South,9.94,6.4,7.16,10936092
1693,4,4,2,3,28,Bengaluru,North,1.61,2.68,3.17,10926967
631,4,3,2,3,17,Bengaluru,West,6.51,3.22,10.72,4932890
1654,2,1,1,0,8,Delhi,North,9.85,2.11,7.61,11149091
2663,4,5,1,1,8,Pune,South,4.98,9.0,6.94,13803928
2926,2,3,1,3,21,Bengaluru,North,8.85,6.99,9.43,17783675
3424,5,6,3,2,18,Chandigarh,West,0.98,6.81,3.69,17117229
2633,5,5,3,1,10,Pune,South,4.66,5.32,13.59,14753425
1929,1,1,3,1,23,Mumbai,Central,0.89,4.54,4.69,18158638
4664,1,2,2,2,24,Bengaluru,North,0.3,1.51,11.42,26792248
2784,3,2,1,1,13,Delhi,North,8.58,4.9,5.14,19459188
520,1,1,3,1,28,Mumbai,North,4.45,4.83,14.96,4236048
4919,2,1,2,0,7,Pune,East,1.32,8.68,11.0,25500144
2717,3,3,3,2,15,Chandigarh,North,6.35,4.92,9.97,12358222
3304,4,4,3,1,28,Bengaluru,South,9.34,9.78,5.93,20646623
1329,1,1,1,3,29,Chandigarh,South,4.41,8.31,9.01,5438441
4908,2,3,2,0,5,Bengaluru,Central,0.8,9.53,0.9,30123623
1108,1,1,1,1,2,Bengaluru,East,7.62,7.33,8.65,5943155
1238,5,5,2,1,16,Bengaluru,South,8.37,8.66,2.12,8803316
3118,1,1,3,0,12,Mumbai,North,9.67,7.04,10.66,25459395
4390,2,2,2,2,15,Mumbai,North,1.17,8.82,3.53,37545851
927,1,1,1,3,18,Delhi,East,9.56,7.68,10.95,5399531
2481,5,6,3,2,2,Chandigarh,North,4.72,5.13,4.71,13242874
1479,3,4,3,0,21,Delhi,Central,4.24,7.37,13.28,9357885
2803,2,1,1,3,30,Mumbai,North,2.87,8.68,12.24,23443844
3634,2,1,1,1,22,Chandigarh,West,8.91,2.08,4.28,15345596
1185,1,2,1,3,11,Pune,West,7.53,2.2,14.03,5404687
1671,3,3,2,0,25,Bengaluru,East,8.84,7.76,9.71,10312850
688,1,1,2,3,27,Pune,Central,3.07,9.35,13.63,3233456
1111,4,5,3,3,27,Mumbai,South,0.66,1.4,4.58,11445222
4756,1,2,2,3,25,Mumbai,East,6.21,5.05,10.08,39730758
3905,1,1,3,1,23,Delhi,West,9.14,6.91,10.74,25069276
2658,1,1,2,1,24,Chandigarh,North,1.29,8.34,3.95,10838364
702,3,2,1,3,2,Chandigarh,North,6.47,2.87,2.96,5154171
4242,4,3,3,3,8,Mumbai,West,9.37,3.65,14.8,37684088
2520,3,3,2,0,2,Delhi,North,8.42,8.42,10.95,17012498
2953,3,4,3,1,17,Delhi,South,3.05,3.42,8.3,20024933
4195,4,3,2,1,19,Delhi,East,5.67,8.68,11.76,27497708
1351,4,3,3,3,3,Pune,West,7.94,4.65,2.06,7966197
3576,5,5,3,0,20,Pune,East,1.55,3.72,2.11,19159300
2351,5,4,3,3,24,Pune,East,0.62,6.48,9.31,13047662
4009,5,4,2,3,16,Delhi,Central,8.92,2.52,14.94,27521319
2392,2,3,1,0,26,Chandigarh,West,1.54,2.7,10.19,11082293
4252,5,6,2,2,30,Bengaluru,East,2.57,5.08,6.46,26343105
637,5,4,2,3,8,Delhi,North,7.08,1.77,14.27,6181439
2685,1,1,2,0,7,Bengaluru,North,1.88,0.86,7.6,15732864
4092,1,2,1,2,28,Delhi,South,6.58,6.01,13.19,26624826
2984,3,3,3,3,2,Pune,South,5.01,8.14,4.6,15728426
1819,5,5,3,1,9,Mumbai,South,6.34,6.67,3.01,18430352
1568,5,6,1,2,11,Chandigarh,Central,1.04,4.99,7.73,8912777
949,2,2,2,1,20,Mumbai,Central,6.42,0.3,10.71,8429342
1959,1,2,3,3,11,Pune,North,3.49,9.76,8.44,10287162
2710,3,2,1,2,5,Mumbai,South,3.98,0.31,14.85,24266838
980,5,6,2,1,18,Chandigarh,Central,7.63,7.79,11.99,5471200
1172,3,2,2,0,21,Bengaluru,North,6.97,1.19,9.75,7128894
3176,5,5,2,1,24,Mumbai,South,8.3,6.63,11.44,28652435
1612,1,2,2,1,26,Delhi,South,2.42,7.59,13.85,9065549
1351,1,1,1,1,1,Chandigarh,Central,4.44,4.43,0.73,6817523
3868,5,6,1,0,23,Mumbai,North,5.26,8.64,5.64,35768792
1237,5,5,2,0,11,Bengaluru,East,3.69,1.58,14.38,7745181
4589,2,3,3,0,7,Pune,West,8.88,7.55,1.11,23704683
4045,3,4,1,2,21,Pune,West,1.61,7.29,10.52,20377448
4669,2,1,1,3,5,Mumbai,South,5.2,0.78,13.8,40697861
3596,2,3,1,2,10,Delhi,Central,5.44,6.6,4.36,24984658
4759,2,1,3,1,19,Delhi,East,7.45,1.57,11.71,29734881
1108,3,4,3,3,13,Bengaluru,South,7.44,6.33,11.27,7878657
1113,4,3,1,2,23,Mumbai,South,7.24,6.84,8.58,10667547
1768,2,1,1,0,5,Chandigarh,North,1.71,7.54,8.69,8087372
3710,3,2,2,1,3,Delhi,East,3.5,0.9,5.02,25734850
4860,3,4,1,1,3,Pune,East,0.86,3.85,8.66,24860496
4507,1,1,1,0,27,Mumbai,West,9.88,6.23,6.72,37867516
3186,2,2,2,1,20,Mumbai,North,1.76,6.22,10.26,26782097
3368,3,3,3,3,10,Bengaluru,East,0.71,7.73,13.1,21880883
1043,3,3,1,0,11,Bengaluru,Central,7.36,8.05,12.3,7185181
4705,3,3,2,0,1,Mumbai,North,9.66,8.04,14.32,41108346
1386,3,4,2,1,1,Bengaluru,West,3.12,1.5,4.64,9248815
4798,4,5,1,1,17,Bengaluru,North,9.23,9.69,11.04,29039216
3167,1,1,3,0,10,Pune,West,0.55,7.66,5.1,15246177
2478,1,1,3,1,14,Mumbai,South,7.5,5.82,8.4,20633046
979,5,5,3,3,19,Chandigarh,South,8.13,1.63,13.26,5483977
1157,2,2,1,0,25,Pune,Central,4.71,8.29,1.83,6032782
4466,3,3,1,2,8,Chandigarh,East,7.25,5.86,8.01,20764693
3114,3,4,3,2,25,Mumbai,South,9.58,9.49,6.44,27361301
3258,3,3,3,1,5,Chandigarh,East,0.3,6.23,12.83,15134928
1789,5,4,1,1,22,Delhi,Central,5.55,3.43,1.45,13864715
1226,1,1,2,1,14,Mumbai,North,1.17,9.1,6.98,10189355
3112,2,2,1,1,24,Delhi,North,3.5,2.88,8.56,20123477
724,1,1,2,2,1,Pune,North,5.44,9.61,4.08,4115211
2761,5,6,2,0,0,Mumbai,East,0.48,3.04,2.11,26700395
2184,1,1,3,0,15,Delhi,Central,2.9,5.95,14.02,14235356
3277,4,5,3,0,1,Bengaluru,Central,6.58,2.22,3.4,21376345
3731,2,2,2,3,1,Pune,West,1.39,6.37,5.41,19651834
3779,1,1,1,2,2,Delhi,Central,0.87,2.09,9.2,24573017
1903,5,5,1,0,21,Mumbai,West,7.32,2.84,0.57,18844636
3012,2,2,3,0,16,Pune,Central,8.5,5.63,9.21,15101234
1032,1,1,2,1,28,Pune,West,8.54,4.28,7.95,5066915
3322,4,3,3,3,6,Delhi,Central,4.37,8.54,1.29,23783589
3035,3,4,3,0,1,Bengaluru,Central,8.67,3.45,3.64,19630288
3304,3,3,3,3,7,Bengaluru,North,3.6,5.77,3.16,20902186
3677,1,2,1,2,19,Delhi,East,3.48,8.34,10.17,23057814
749,4,4,3,3,7,Mumbai,North,1.9,7.19,10.74,8777315
1642,3,4,2,0,19,Chandigarh,Central,3.36,4.04,7.42,9460734
2476,5,4,2,3,2,Mumbai,South,1.73,8.83,8.62,24526305
4203,5,4,1,3,5,Chandigarh,East,1.31,6.92,8.1,20274157
4579,5,5,1,1,22,Delhi,South,8.64,8.68,6.22,31607888
2749,5,4,2,3,0,Chandigarh,North,9.69,4.22,1.24,13935035
1799,1,1,2,3,11,Pune,South,1.37,7.05,11.43,8166357
3120,3,4,2,0,2,Bengaluru,East,1.69,9.44,3.35,19795878
963,1,2,3,0,2,Delhi,North,5.17,5.57,13.57,5959755
2961,5,4,1,3,8,Mumbai,Central,8.67,7.82,3.79,29059970
684,2,1,2,2,16,Mumbai,West,9.72,9.78,5.11,6515929
4817,5,4,2,2,7,Mumbai,South,9.36,2.3,14.88,43585218
2808,2,1,1,2,16,Chandigarh,North,1.0,5.83,6.03,14213594
4688,3,4,2,2,9,Mumbai,West,5.78,2.33,14.85,40685686
2206,1,1,1,1,26,Chandigarh,West,0.98,0.39,0.86,10485993
1119,2,2,1,0,27,Bengaluru,South,1.84,9.29,13.71,6704908
4838,3,2,3,3,22,Delhi,South,1.79,3.93,3.73,32995493
2760,3,3,2,1,14,Chandigarh,North,5.48,2.82,10.32,13046053
2473,5,5,1,3,30,Chandigarh,South,3.88,8.33,12.6,12296745
4716,1,1,3,2,4,Bengaluru,East,0.78,2.92,1.61,28857354
1234,3,3,1,1,15,Mumbai,Central,7.97,6.98,10.59,11080433
1435,3,3,2,0,8,Pune,West,9.25,8.91,8.26,7230241
829,5,6,3,1,30,Bengaluru,South,3.92,2.61,14.93,5663273
2314,5,5,2,2,30,Delhi,North,4.22,9.11,5.37,17010528
3051,3,2,1,2,25,Pune,East,5.35,7.77,0.96,16264016
2162,1,1,1,0,0,Pune,North,1.49,2.08,2.07,11818544
4714,3,3,3,2,26,Pune,Central,4.47,6.33,5.81,24298311
907,4,3,2,2,29,Bengaluru,Central,7.27,4.17,4.56,7122191
2506,5,4,1,0,12,Pune,Central,0.78,9.26,12.73,14355563
4715,5,5,1,2,13,Mumbai,Central,0.75,9.66,12.59,42205052
3422,4,5,2,2,12,Chandigarh,North,1.48,7.83,3.16,16678801
4697,3,4,3,3,5,Delhi,Central,3.24,7.61,0.98,33032937
2666,3,3,3,1,0,Chandigarh,South,5.46,0.72,0.37,13167733
2893,1,2,1,0,8,Bengaluru,East,2.9,9.71,1.02,16888435
1851,3,3,2,3,0,Delhi,East,4.29,7.36,3.39,13835224
3779,5,6,1,0,26,Delhi,Central,9.32,4.97,6.19,26174238
812,5,6,3,3,2,Mumbai,Central,6.07,8.79,0.31,10781389
2592,3,4,2,2,22,Mumbai,East,5.54,4.58,5.69,24117614
4464,3,4,3,3,21,Pune,South,9.76,4.24,6.44,23394486
4552,3,3,2,2,17,Delhi,South,7.03,0.54,0.48,30491261
580,4,4,3,0,23,Chandigarh,West,3.15,1.96,5.95,3566932
2472,3,3,3,2,18,Delhi,West,7.12,2.92,2.94,16974535
1047,3,4,2,2,2,Pune,West,4.47,4.67,5.29,7538215
1601,3,4,3,0,11,Bengaluru,Central,4.98,5.51,12.07,10050714
4964,4,4,2,3,30,Pune,North,2.46,1.5,4.65,26223747
2058,2,1,3,2,26,Chandigarh,Central,6.15,6.67,6.89,9703681
3957,5,6,3,2,20,Pune,North,7.29,1.72,6.76,21108079
2656,3,2,3,0,2,Pune,North,4.28,8.69,2.95,13529160
1957,5,4,2,3,26,Bengaluru,Central,2.13,7.98,14.32,13420544
4586,2,3,1,1,21,Chandigarh,Central,9.18,3.44,0.4,20665343
2020,2,3,3,1,29,Mumbai,South,8.1,9.03,7.56,17161797
1285,1,2,2,2,14,Bengaluru,West,1.26,8.93,12.18,7645483
4157,5,5,2,0,10,Delhi,South,8.07,3.24,0.71,29203225
4311,5,5,2,2,3,Bengaluru,East,7.67,0.21,6.7,28604538
4683,2,2,3,1,1,Pune,Central,7.62,9.73,2.47,25392457
3666,4,4,3,0,0,Chandigarh,Central,5.56,2.02,12.37,16805367
4490,3,3,1,2,12,Pune,Central,5.02,6.77,14.71,23947543
1852,4,4,1,0,23,Chandigarh,East,5.07,0.62,2.82,9402166
2504,1,1,1,2,9,Delhi,Central,6.7,3.15,2.08,17080529
4795,5,6,3,1,27,Delhi,South,3.49,5.63,2.12,33688441
4138,1,1,2,2,21,Chandigarh,West,3.11,1.39,0.43,19239887
856,2,3,3,2,10,Mumbai,East,8.19,8.65,10.31,8626498
4903,4,5,3,3,1,Chandigarh,South,3.17,0.91,13.3,23477622
4203,2,3,1,1,11,Bengaluru,West,9.53,9.06,2.66,25578546
572,4,4,3,0,3,Pune,East,3.29,7.34,11.09,3143801
3317,5,6,3,3,22,Chandigarh,South,9.26,0.94,8.35,16829511
4019,1,2,3,3,23,Chandigarh,Central,4.88,0.93,9.52,17350570
1086,2,3,2,2,24,Delhi,South,3.98,7.26,9.43,7631688
3199,5,6,1,1,26,Mumbai,Central,9.83,2.15,8.59,29671155
4902,2,1,1,2,17,Delhi,South,6.44,0.73,13.95,31500145
4238,2,2,1,0,0,Delhi,South,9.99,3.71,14.38,27422259
2589,2,1,3,0,3,Delhi,West,8.33,9.8,2.16,18358357
3145,1,1,1,0,25,Delhi,South,8.73,9.83,13.21,19564548
831,2,2,1,3,29,Bengaluru,East,4.78,3.05,9.63,4615875
2531,4,5,3,1,12,Delhi,North,8.22,3.09,14.08,16560367
3127,2,2,3,2,21,Chandigarh,East,3.35,4.7,5.55,14912424
1733,2,2,3,0,25,Pune,West,1.38,5.3,1.61,8721875
4785,4,5,2,1,8,Delhi,West,1.98,4.16,14.32,31418217
2989,4,4,3,3,13,Chandigarh,Central,4.64,6.37,10.57,14705303
2023,3,2,1,3,26,Pune,South,4.73,9.17,10.86,11748142
4812,5,4,1,3,7,Chandigarh,North,7.31,6.02,8.47,24090361
3730,1,1,1,2,4,Bengaluru,Central,2.55,4.59,0.54,22208335
842,3,2,2,2,15,Bengaluru,Central,2.47,4.44,9.68,5518448
2121,2,2,1,2,5,Delhi,East,0.57,3.3,7.2,15246070
3629,1,2,3,3,16,Chandigarh,East,6.38,2.59,1.72,17155982
2876,4,3,1,0,18,Mumbai,North,6.52,1.99,14.31,25553666
3529,1,1,3,3,30,Bengaluru,East,5.96,7.38,10.72,19874494
1939,1,2,2,1,19,Bengaluru,East,1.26,8.44,9.67,11482467
4678,2,1,1,3,12,Bengaluru,West,9.32,9.91,6.47,28300873
2102,2,3,1,0,9,Pune,North,8.93,6.34,5.09,10750555
4042,4,3,3,0,30,Delhi,North,7.62,5.28,3.84,26821817
3050,2,1,3,3,12,Bengaluru,North,6.39,0.78,6.63,19318850
2396,1,1,3,2,1,Pune,South,8.68,7.29,6.8,12426654
1716,4,5,2,1,18,Pune,North,5.68,3.29,9.35,9726350
894,4,4,2,2,20,Pune,West,5.88,4.72,14.67,5465585
4758,3,2,1,0,19,Delhi,Central,9.28,2.29,12.03,31618878
1511,5,4,1,2,24,Delhi,West,5.27,5.82,11.47,11207948
3045,1,2,3,3,23,Mumbai,North,3.46,2.5,1.97,27118026
2629,2,1,2,1,29,Delhi,West,8.53,0.21,12.81,16449354
2910,3,4,1,3,26,Pune,Central,4.51,5.26,8.79,14834297
4469,3,2,2,3,13,Mumbai,East,2.37,3.05,2.9,39806023
2669,3,4,1,0,9,Delhi,North,0.42,3.83,13.6,17473652
2638,3,2,2,0,1,Chandigarh,South,9.64,2.18,4.49,12836064
4532,5,5,3,1,18,Chandigarh,East,2.74,4.01,12.59,22075139
1777,5,6,2,3,4,Chandigarh,Central,4.63,10.0,12.23,8923944
4454,3,3,1,2,28,Mumbai,Central,4.73,4.33,11.28,38646435
1392,5,5,2,2,25,Delhi,South,6.03,8.3,11.24,10877071
3719,4,4,2,3,8,Delhi,North,0.92,9.26,11.53,25981610
1571,3,4,1,0,9,Bengaluru,Central,4.04,3.43,11.13,8982658
4479,1,2,1,3,25,Mumbai,West,9.87,5.35,8.51,37027172
2590,5,4,1,1,18,Bengaluru,East,2.6,1.26,13.96,17193799
3201,5,5,2,1,27,Pune,Central,9.2,9.52,1.45,17146993
2424,2,2,2,0,7,Bengaluru,West,9.13,2.6,12.53,14939994
3324,4,3,2,2,8,Bengaluru,South,4.38,4.89,11.14,22331598
1594,3,3,3,3,23,Delhi,North,0.42,8.16,14.85,10237122
1431,5,6,2,1,26,Delhi,North,0.98,5.65,7.57,11339384
944,2,3,3,0,6,Pune,North,9.67,4.84,1.69,5235656
2260,2,2,1,2,12,Delhi,West,8.87,5.97,6.64,15156179
4747,5,5,3,2,26,Pune,West,4.05,9.38,9.67,25225448
4112,4,3,2,3,9,Pune,South,4.84,3.96,8.38,22554679
4715,1,1,2,0,21,Delhi,Central,9.44,3.3,9.36,29689625
1927,1,1,1,3,19,Mumbai,West,8.87,0.86,0.65,17124539
4816,5,5,3,1,4,Mumbai,East,3.31,6.13,9.2,43520440
1692,1,1,2,2,1,Bengaluru,North,5.32,5.84,5.86,9913813
3953,2,3,3,0,1,Bengaluru,North,6.73,2.14,3.73,24585280
1313,3,4,2,3,11,Bengaluru,South,4.66,0.81,0.61,9585464
1720,4,5,1,0,23,Pune,Central,4.99,8.24,2.25,9740934
4394,1,1,2,2,26,Mumbai,North,1.09,8.06,12.11,36575450
4288,5,4,3,0,0,Chandigarh,South,1.93,6.24,0.94,20956997
1890,5,5,2,1,17,Pune,East,3.94,1.76,0.75,10668846
4327,2,2,3,2,7,Mumbai,Central,4.71,4.69,0.63,39217837
3679,3,2,2,1,19,Bengaluru,West,2.22,8.63,6.97,22869988
2276,4,3,2,1,2,Bengaluru,East,5.61,2.28,7.34,15437930
546,4,5,2,2,23,Delhi,North,3.92,5.03,0.65,5342912
1736,3,3,1,2,25,Chandigarh,Central,3.35,7.73,7.62,8706800
4425,2,1,1,2,14,Mumbai,South,9.42,6.86,6.96,38905235
4897,2,2,3,1,0,Delhi,North,7.83,4.25,4.92,31766661
1373,1,1,1,1,26,Chandigarh,South,8.65,4.66,7.91,5460425
1466,4,3,2,0,7,Chandigarh,West,1.96,7.97,4.27,8289294
505,5,6,3,1,8,Delhi,North,9.57,9.27,6.71,5910996
1116,1,1,2,2,7,Pune,West,0.79,1.67,4.35,6147115
4527,2,3,1,1,16,Delhi,South,1.19,0.45,11.6,29680449
3734,2,3,3,1,12,Delhi,North,9.99,4.14,10.65,23749663
2120,1,1,1,0,1,Delhi,West,8.01,9.41,9.29,13045682
4744,5,5,1,3,4,Chandigarh,East,5.74,0.24,4.18,23895189
2110,3,4,3,3,21,Chandigarh,Central,2.55,5.66,4.48,10996730
2056,5,4,3,0,22,Mumbai,West,1.09,3.75,0.49,21117945
4502,1,1,2,2,18,Pune,North,2.37,5.41,4.48,22398734
4988,2,1,1,1,26,Chandigarh,North,5.71,1.89,11.55,22668700
4994,1,2,3,1,17,Pune,Central,1.88,2.23,12.25,24811331
4457,4,5,1,1,5,Pune,North,1.23,8.11,9.21,23484561
3646,2,2,2,0,3,Delhi,South,8.22,6.1,14.99,22985036
2904,2,3,3,0,28,Bengaluru,West,6.32,5.7,10.69,17828648
2351,4,3,3,2,7,Chandigarh,North,4.82,5.47,9.44,11910848
3771,5,4,2,0,0,Bengaluru,South,9.37,3.61,5.46,24807402
3542,5,4,2,3,0,Pune,South,4.62,7.2,9.38,20540125
956,1,1,2,1,22,Mumbai,Central,2.25,9.05,13.3,6909280
2142,2,3,3,3,7,Delhi,West,2.54,2.65,4.94,15761002
4138,2,3,3,2,27,Delhi,Central,1.08,8.75,0.8,27765753
587,2,1,2,0,16,Mumbai,East,0.96,1.73,2.78,5346825
2183,5,6,1,0,17,Chandigarh,Central,1.59,1.11,4.62,10981604
693,3,2,1,2,3,Pune,East,8.58,1.84,0.88,4645531
590,4,3,1,3,12,Delhi,North,0.97,6.65,10.14,5699716
4381,1,1,1,1,4,Delhi,North,3.27,4.12,1.03,28434232
4185,3,3,2,2,16,Delhi,South,2.05,0.75,14.24,28164875
2635,2,2,1,3,7,Delhi,West,2.57,6.89,9.12,17719801
1400,5,6,2,1,29,Chandigarh,North,9.66,3.88,0.83,6792590
1149,1,1,2,0,13,Pune,North,3.92,8.93,13.45,5750690
2394,1,1,2,2,8,Bengaluru,North,6.78,0.59,6.8,14489849
4677,3,4,2,1,5,Delhi,Central,4.09,8.13,3.39,31543283
4734,4,3,1,1,30,Pune,South,4.67,8.64,13.34,24398586
1243,3,3,1,2,18,Bengaluru,North,3.63,5.91,5.8,8087752
991,2,1,2,3,10,Chandigarh,West,3.53,0.5,2.84,5602383
1647,4,5,2,2,1,Pune,North,9.22,8.79,14.53,10182457
3965,2,2,1,3,3,Delhi,South,6.71,7.94,1.74,27541050
3833,3,3,2,1,12,Pune,North,4.32,9.19,0.34,19684366
3602,3,2,1,2,9,Bengaluru,North,2.0,2.36,5.85,22988758
4236,1,1,3,0,27,Chandigarh,West,2.2,3.14,3.91,18793743
3749,5,5,2,1,13,Delhi,West,7.36,4.96,11.76,26025528
4375,3,2,1,2,29,Bengaluru,West,3.99,1.96,1.56,27364345
1928,4,4,3,3,2,Pune,South,7.02,1.46,9.47,11598777
3739,3,4,2,1,14,Bengaluru,North,4.55,5.18,10.89,23089025
580,2,3,3,1,14,Delhi,South,4.87,6.83,13.48,3000779
3520,1,1,1,0,8,Pune,Central,0.52,6.04,5.44,17085737
2741,2,1,3,1,22,Delhi,West,7.84,8.49,14.1,17959768
3145,5,5,2,0,5,Chandigarh,South,5.95,5.36,7.72,16122536
3075,1,1,1,0,22,Delhi,South,3.94,7.49,13.05,19698588
3378,4,5,1,1,17,Pune,West,6.5,2.33,14.67,17638664
1239,2,2,2,2,18,Pune,West,4.4,3.21,3.9,7007712
4600,3,2,3,2,18,Delhi,East,1.82,8.95,9.12,30488721
4572,4,4,3,1,11,Chandigarh,Central,8.82,3.07,12.81,20952484
1423,3,3,3,2,11,Bengaluru,South,9.4,7.63,5.38,10405140
4313,1,2,1,2,5,Delhi,Central,1.29,4.95,0.81,28814056
4213,5,5,2,0,15,Bengaluru,North,4.92,3.29,13.54,26024422
4528,5,6,2,2,16,Mumbai,North,4.02,6.96,2.94,42466062
1941,3,2,2,2,24,Bengaluru,West,4.31,6.37,1.57,12758078
2828,1,2,2,0,26,Delhi,Central,7.01,4.5,13.79,17571819
3510,1,2,2,0,21,Delhi,East,8.31,5.56,12.6,22461487
2629,2,1,3,3,28,Chandigarh,Central,3.08,2.07,9.44,13060973
1160,3,4,1,3,0,Chandigarh,Central,9.29,8.03,14.04,5967804
1673,3,2,3,0,16,Mumbai,West,6.34,9.11,4.13,14959504
3711,2,3,1,3,14,Chandigarh,East,4.31,2.05,11.43,16981425
3844,1,1,2,0,25,Pune,North,1.99,6.98,14.85,18898824
2864,2,1,3,3,13,Mumbai,South,4.77,9.65,8.17,25032975
1591,1,2,3,2,14,Chandigarh,West,6.81,4.23,14.59,6700589
908,1,1,2,2,23,Pune,West,7.85,3.6,12.13,3550132
1364,1,1,2,2,1,Delhi,South,2.76,3.87,6.81,9038035
949,4,5,2,3,21,Delhi,Central,9.33,6.25,6.66,7860374
2026,4,5,3,2,28,Bengaluru,North,6.87,9.1,0.67,14180205
3834,3,4,1,2,7,Mumbai,Central,9.02,9.8,14.57,34808875
4103,5,5,3,0,5,Pune,South,6.66,4.08,7.33,22056236
1107,5,6,3,0,4,Mumbai,East,3.81,8.06,2.68,11901915
591,4,3,2,2,22,Mumbai,West,6.64,3.63,6.18,6917687
4250,2,2,3,1,9,Mumbai,East,8.48,8.39,10.0,36642403
1084,5,4,1,2,12,Bengaluru,East,1.69,6.64,6.99,9020285
1387,4,5,3,0,14,Mumbai,South,3.39,5.39,5.52,13017811
4332,2,1,1,3,3,Pune,East,9.55,3.13,5.71,23062394
3359,2,1,3,0,4,Bengaluru,North,8.69,2.98,1.71,21747101
1919,1,1,1,1,28,Chandigarh,East,8.99,4.95,6.2,7762235
4209,2,3,1,3,21,Bengaluru,West,3.9,6.78,12.22,25682238
3872,4,4,2,3,20,Delhi,North,6.85,9.77,12.5,26537787
1526,2,1,3,2,14,Pune,Central,9.11,2.1,4.93,7585043
3416,2,3,2,1,9,Chandigarh,West,8.2,9.94,12.64,16147289
3656,4,3,1,2,19,Mumbai,West,7.78,7.66,14.46,31956705
3657,4,5,2,1,12,Chandigarh,South,3.24,3.24,2.81,17714884
504,5,4,2,1,1,Delhi,Central,6.57,5.1,13.16,4409050
4160,3,3,1,2,3,Delhi,South,9.2,7.2,13.3,27809728
2486,1,2,1,0,4,Mumbai,North,9.56,6.91,4.02,22667984
842,3,2,2,3,26,Chandigarh,North,5.98,1.46,10.91,4165918
1603,4,3,1,3,27,Mumbai,North,8.44,4.23,2.29,16286671
544,4,3,1,3,2,Pune,West,3.03,3.35,1.69,4274238
4980,5,6,3,3,4,Mumbai,South,6.27,1.58,12.35,45763433
3730,2,1,1,2,11,Mumbai,North,0.77,2.59,13.65,31878927
4153,1,1,3,0,16,Pune,West,9.11,7.41,13.35,19699953
3465,1,2,1,2,16,Delhi,North,7.36,8.61,8.27,22541872
4951,1,1,2,0,28,Chandigarh,North,9.65,6.87,11.61,21757959
1314,1,2,2,3,25,Pune,South,6.26,2.18,8.47,6789268
699,2,2,1,2,9,Mumbai,North,3.27,6.15,14.5,6544623
3078,4,4,2,3,27,Pune,North,5.2,6.14,3.16,16675389
3751,4,5,1,0,7,Bengaluru,South,9.92,1.48,11.29,24332857
2920,4,3,3,2,2,Delhi,North,3.67,7.25,9.37,20238829
844,3,3,2,1,21,Bengaluru,East,5.0,6.57,3.15,5463969
3248,4,5,2,0,7,Mumbai,South,4.5,8.14,3.8,29827840
4665,5,5,1,2,1,Mumbai,West,6.26,4.34,14.35,42873117
4912,2,1,2,3,20,Pune,East,6.16,1.73,2.74,25092518
3473,3,2,2,0,5,Pune,West,6.21,5.62,2.48,18109757
4262,1,2,3,1,24,Pune,West,0.78,7.77,12.82,20914410
2352,4,5,2,3,2,Mumbai,North,3.44,9.27,4.2,23003463
1994,1,1,3,1,29,Mumbai,West,7.87,1.0,10.76,16239623
4235,2,1,3,0,11,Bengaluru,West,7.93,4.73,6.15,25380220
4666,1,2,2,2,17,Mumbai,South,5.94,1.67,10.08,38506683
2153,5,5,2,1,11,Pune,East,8.74,4.39,13.98,11808487
4614,1,2,1,2,24,Delhi,Central,0.86,5.35,2.77,29057490
2399,2,1,1,1,23,Pune,West,9.86,7.12,14.42,12088707
1228,4,3,3,3,8,Delhi,South,7.18,9.89,7.54,9619115
2412,1,1,3,2,21,Bengaluru,South,9.78,1.44,5.14,14521498
545,4,4,1,3,27,Bengaluru,Central,5.46,6.33,12.44,4332789
4748,4,5,3,1,2,Mumbai,South,8.12,7.79,13.86,41641905
2730,3,2,2,2,27,Mumbai,East,6.18,5.11,3.75,24354156
1654,1,2,3,1,27,Chandigarh,South,3.77,1.19,7.02,6923231
2784,5,6,3,3,11,Pune,Central,6.56,4.76,13.98,15701602
988,4,4,3,2,2,Mumbai,South,8.89,5.54,11.51,10180874
2016,5,4,2,1,27,Delhi,West,5.75,5.34,1.54,15174475
1392,4,3,3,0,30,Pune,North,2.75,9.87,11.04,7767078
4062,2,3,2,3,4,Delhi,Central,7.42,7.82,4.9,27831095
1075,4,5,1,1,0,Mumbai,North,6.57,4.26,0.43,11079577
2358,4,4,1,1,16,Chandigarh,South,6.51,6.18,5.93,11748581
3521,1,1,1,0,18,Delhi,Central,2.31,9.99,6.2,23188559
4676,2,3,1,3,7,Mumbai,Central,3.94,4.92,2.71,40842168
1745,2,2,3,1,11,Mumbai,South,1.15,5.3,11.39,14633108
4395,5,4,3,3,14,Bengaluru,North,9.72,0.77,2.85,28355388
3124,4,3,1,3,22,Chandigarh,South,4.5,4.84,9.32,15319138
3025,3,3,2,1,19,Bengaluru,West,0.79,9.62,10.46,19197966
4060,2,3,2,2,9,Pune,South,6.65,3.32,3.5,20943544
1591,5,5,1,0,18,Chandigarh,West,2.22,3.13,13.6,8356217
1255,1,1,1,0,28,Delhi,Central,9.27,5.56,8.09,7533961
3492,3,3,1,1,5,Mumbai,West,9.55,0.95,8.89,30719715
733,1,2,1,2,30,Mumbai,East,9.48,9.62,12.24,5668595
764,1,1,1,2,28,Delhi,West,9.43,5.79,11.95,3849540
1081,1,2,3,3,15,Delhi,South,6.51,7.93,8.82,7656211
915,4,5,3,1,19,Mumbai,West,6.13,4.27,6.33,9831103
4670,5,5,3,1,5,Delhi,North,7.2,9.01,2.84,32544503
3391,4,3,3,1,13,Mumbai,West,1.32,8.31,0.81,31764549
1828,2,2,2,3,1,Mumbai,North,3.29,4.87,12.57,16847109
3624,3,2,1,1,30,Bengaluru,Central,6.68,8.81,1.08,23230451
819,5,6,2,2,5,Pune,East,1.03,6.34,3.9,5326916
3219,3,3,1,0,13,Mumbai,West,5.24,8.21,3.78,29078075
1511,1,2,3,1,24,Chandigarh,Central,9.41,8.66,11.34,6242567
4417,2,3,1,3,1,Mumbai,West,9.69,0.42,0.61,39851458
4510,1,1,1,2,27,Pune,South,9.72,8.8,10.22,22254668
2908,3,2,3,0,21,Delhi,West,8.9,1.46,11.13,19190280
1843,5,4,2,3,6,Bengaluru,North,0.8,7.67,1.78,13072583
621,1,1,1,1,4,Bengaluru,North,2.41,5.59,12.06,2835918
4011,1,1,1,3,16,Chandigarh,Central,7.76,1.06,0.28,19425798
2597,3,3,3,0,1,Delhi,Central,2.68,3.11,8.09,18779992
4004,1,1,1,3,18,Mumbai,East,2.43,0.69,11.03,33688563
1770,2,1,1,0,21,Bengaluru,Central,5.2,5.73,0.53,11735146
3967,5,4,1,2,24,Mumbai,South,9.67,6.01,9.02,35831778
4904,5,4,3,2,20,Bengaluru,Central,9.63,0.97,2.72,31520727
697,1,1,2,2,17,Bengaluru,West,5.0,2.21,5.35,4961492
4891,2,1,3,1,10,Bengaluru,Central,5.94,9.24,7.87,29440495
3493,3,3,1,0,29,Chandigarh,South,3.49,1.53,9.65,15146054
1406,2,3,3,0,7,Delhi,North,9.26,4.12,4.75,9455557
3102,2,2,2,1,13,Pune,South,6.48,2.98,13.6,15327371
2312,4,4,3,0,20,Delhi,North,1.78,0.87,14.45,15733297
1476,4,3,1,3,7,Chandigarh,North,5.86,1.24,4.78,8199116
1511,1,2,3,1,10,Pune,South,1.02,4.79,14.08,7090464
4790,2,1,2,3,0,Mumbai,Central,7.78,9.11,3.0,42272410
4885,4,5,3,1,1,Chandigarh,South,7.11,4.33,1.5,24087900
3344,1,2,2,1,29,Bengaluru,South,8.41,4.95,1.44,19327272
4094,1,2,2,0,26,Mumbai,North,7.86,5.77,9.06,34193939
2617,2,1,2,0,8,Delhi,South,7.65,5.02,8.3,17537309
2122,4,3,2,0,14,Delhi,Central,1.12,5.85,10.77,15216244
4403,5,5,1,3,30,Delhi,West,8.26,8.16,6.37,30522734
4200,4,5,1,0,27,Bengaluru,West,9.02,6.57,10.1,25783830
865,5,6,3,3,24,Bengaluru,North,9.63,1.0,10.86,6300010
2940,4,3,2,2,22,Pune,West,9.67,0.24,14.13,14654995
650,5,6,1,1,28,Chandigarh,East,3.67,2.1,10.83,4094100
4401,5,5,3,3,21,Pune,West,8.82,2.67,11.15,23125201
1664,2,3,1,3,18,Delhi,Central,0.82,8.76,13.95,10841541
2027,1,1,2,2,15,Delhi,South,8.4,8.14,1.4,12445794
1838,4,5,3,0,26,Pune,West,0.59,0.49,14.34,9130959
4612,5,4,1,0,11,Delhi,West,6.65,8.05,2.7,31767977
1366,2,3,1,0,14,Delhi,South,0.46,1.24,11.18,8970862
3259,2,2,3,1,17,Delhi,West,0.38,5.69,12.35,20684363
1596,3,4,2,1,7,Delhi,Central,3.38,6.51,3.2,11406505
1197,1,2,3,3,1,Delhi,North,6.05,8.28,2.88,8340138
1292,4,3,3,1,11,Mumbai,East,3.92,8.03,5.96,12767763
3409,1,2,1,1,1,Bengaluru,North,1.02,1.4,4.57,21413238
3267,1,2,1,0,5,Delhi,East,4.13,0.7,3.94,21063131
3294,1,1,1,0,18,Chandigarh,Central,0.82,1.34,12.23,14197988
844,1,2,1,0,23,Mumbai,East,7.5,3.18,3.12,7187045
1275,1,2,2,1,27,Delhi,North,1.83,3.97,11.5,7764388
2700,4,3,2,1,11,Mumbai,North,2.73,3.78,2.21,25255602
783,1,2,1,2,19,Chandigarh,South,5.35,6.82,3.38,3292085
3161,1,1,2,3,29,Bengaluru,North,1.03,6.38,11.16,17737657
2917,3,4,2,2,8,Delhi,East,1.05,7.24,4.12,20031914
4215,2,3,1,0,17,Chandigarh,South,4.33,8.37,1.9,20129109
3090,3,4,2,3,1,Delhi,South,0.72,0.98,10.34,22234033
3901,4,3,2,1,3,Chandigarh,South,3.44,5.72,2.3,18565904
3465,4,3,3,3,7,Mumbai,East,1.11,6.72,9.33,31615539
647,4,5,1,1,18,Pune,South,0.81,1.73,1.72,3114651
3503,2,2,3,0,3,Bengaluru,East,3.46,8.7,14.25,21285682
2611,1,1,2,3,24,Mumbai,East,1.84,0.85,2.32,22766999
4077,3,2,3,1,29,Delhi,North,6.22,0.83,0.38,27418343
3969,2,2,1,1,9,Mumbai,North,4.81,6.51,10.99,34046173
3649,1,1,1,3,14,Delhi,Central,6.58,0.22,0.93,24782875
3720,4,3,1,0,27,Mumbai,South,3.25,8.8,8.6,32452774
1809,5,4,1,2,28,Chandigarh,Central,7.29,1.62,6.67,9056516
4739,5,5,2,1,18,Delhi,West,5.4,1.31,2.51,32898858
3812,2,2,3,1,1,Bengaluru,East,8.72,5.02,4.42,22851432
1961,5,4,3,2,26,Delhi,Central,9.82,2.62,4.98,14912442
1500,4,4,1,0,3,Mumbai,East,5.48,5.98,8.14,15540125
3916,5,6,3,0,2,Bengaluru,Central,1.01,1.33,11.78,24877626
1018,1,2,3,1,14,Chandigarh,South,6.58,1.94,7.61,4801658
3410,4,3,3,3,19,Chandigarh,West,6.58,8.88,2.92,17058079
3512,4,3,3,0,24,Delhi,South,0.55,9.62,10.2,22872055
687,4,5,3,0,23,Chandigarh,West,4.39,9.79,9.58,3959397
2941,3,2,2,3,6,Pune,North,6.54,0.36,14.52,15429946
4825,3,2,1,1,17,Mumbai,Central,6.4,7.32,12.39,42583089
4410,2,2,2,3,25,Pune,East,4.53,2.33,13.41,21467694
1929,1,1,1,2,6,Bengaluru,North,6.92,2.11,2.91,12197081
1289,5,5,2,0,12,Mumbai,South,4.86,8.46,5.65,13895734
921,2,2,3,2,19,Chandigarh,Central,9.64,4.02,7.07,4297593
4723,1,1,2,1,13,Mumbai,West,1.38,5.33,8.96,39829123
3225,5,6,3,2,18,Bengaluru,Central,6.45,2.93,12.25,21198015
2043,3,3,3,1,0,Pune,West,8.24,4.62,14.87,10316581
3727,3,3,1,2,19,Chandigarh,West,7.49,2.43,12.18,17436901
1642,3,3,2,2,11,Mumbai,South,5.73,7.64,7.15,16104191
536,5,5,3,3,7,Delhi,North,5.7,4.15,5.62,5913416
1006,4,4,1,2,1,Delhi,West,3.04,4.21,1.35,8780743
1946,1,1,2,2,9,Bengaluru,East,5.47,6.97,0.98,12083980
1856,5,5,2,0,7,Mumbai,West,6.45,6.5,0.91,18965801
554,1,2,2,1,7,Mumbai,East,2.57,1.17,5.02,4690004
855,3,4,3,2,12,Mumbai,South,1.33,7.04,2.68,9119329
4937,1,1,2,1,22,Chandigarh,North,3.98,4.9,3.6,22821539
1799,5,6,1,2,27,Mumbai,Central,8.85,1.83,2.77,19280400
2311,3,4,1,0,6,Chandigarh,North,1.03,7.16,13.91,9668677
3823,5,5,3,1,7,Pune,Central,5.01,9.57,12.32,19950445
1000,2,3,3,0,26,Bengaluru,East,2.36,7.8,1.77,6327946
4561,1,2,1,1,28,Pune,West,8.82,5.76,7.64,22840713
1773,2,1,2,2,4,Bengaluru,West,9.71,4.6,14.54,11609614
4308,4,3,2,2,1,Mumbai,South,1.62,8.67,13.43,37636465
4068,5,4,3,1,27,Bengaluru,East,1.27,1.17,6.8,26142855
3701,1,2,2,1,16,Pune,South,4.31,6.22,12.21,18182522
3659,2,3,2,0,9,Pune,South,4.4,1.25,6.1,17647922
4240,1,1,3,2,26,Bengaluru,South,3.14,0.29,1.91,26195933
1912,1,2,3,2,9,Mumbai,Central,4.77,5.29,5.03,16160802
603,3,3,2,2,22,Pune,East,3.86,1.01,6.54,3858886
3372,4,4,2,2,4,Chandigarh,South,9.14,2.39,13.35,16472530
668,3,2,1,3,16,Mumbai,West,4.48,1.01,8.4,7079899
4956,3,2,3,1,26,Bengaluru,North,2.96,0.45,7.75,29433121
2415,5,4,1,1,13,Mumbai,East,0.33,9.01,2.2,23206202
2886,4,4,2,1,0,Mumbai,Central,9.95,7.88,11.45,27136722
2028,3,2,1,1,2,Bengaluru,East,9.02,5.89,7.53,13329520
4108,2,3,2,1,18,Bengaluru,North,5.83,1.46,13.8,24826537
955,3,4,1,1,20,Bengaluru,Central,2.42,5.67,11.52,5723581
3909,4,4,3,2,10,Delhi,South,7.96,3.71,6.14,27607069
4181,4,3,1,0,21,Mumbai,North,4.67,7.31,14.42,36213962
3414,2,1,1,3,28,Delhi,South,8.24,9.98,11.66,22128110
1661,3,4,3,2,13,Chandigarh,East,4.62,9.37,10.59,8274247
1430,1,2,2,0,29,Chandigarh,North,2.03,9.25,12.67,5902372
2990,3,3,3,3,24,Chandigarh,South,0.51,4.63,14.16,14366556
2488,2,3,3,3,3,Delhi,Central,9.22,0.39,3.92,17643166
971,2,1,2,1,25,Bengaluru,North,1.08,4.29,0.32,6663057
3926,5,5,2,2,19,Pune,Central,7.68,8.56,8.33,21668989
1833,1,1,2,2,21,Pune,North,2.15,5.45,6.87,8917471
1209,4,4,3,3,25,Bengaluru,South,7.75,9.9,8.75,9146748
1941,5,4,3,1,23,Delhi,East,6.18,5.84,11.47,13909129
770,5,4,2,0,7,Chandigarh,Central,7.63,1.39,2.42,5241938
3330,3,4,2,2,27,Pune,East,7.1,6.14,6.96,16502328
1734,1,1,3,3,16,Bengaluru,Central,9.05,0.84,1.67,10390994
4430,1,1,2,1,17,Pune,North,9.04,0.83,12.18,22269193
524,1,1,1,1,9,Chandigarh,South,6.23,2.77,7.3,2206281
1798,1,2,1,3,4,Chandigarh,East,2.4,3.47,9.45,8153079
4027,3,4,3,0,13,Pune,West,2.8,8.61,9.49,20708364
1473,5,4,1,2,13,Pune,South,7.46,5.42,10.29,8534685
3914,2,3,2,0,23,Pune,West,5.3,1.5,11.15,18775237
4331,5,6,1,2,28,Chandigarh,Central,4.23,8.26,3.4,20998599
3902,1,1,3,2,2,Pune,East,8.33,2.14,3.75,20192797
1242,4,5,3,1,29,Chandigarh,West,8.44,0.29,0.31,6808722
2474,1,2,2,2,24,Delhi,North,5.4,5.44,14.36,15422105
2330,3,2,1,0,27,Chandigarh,South,5.96,7.64,10.16,11348911
2057,2,1,1,3,20,Delhi,South,6.11,8.09,10.22,13883523
2007,5,5,3,0,23,Pune,South,4.49,4.08,9.44,11056942
3351,2,3,3,2,27,Pune,North,4.31,6.15,2.51,17538483
1118,4,3,2,0,13,Delhi,South,3.28,3.75,12.18,7428739
4191,4,4,3,0,19,Bengaluru,West,1.76,2.1,1.73,26629604
3972,4,3,2,3,29,Chandigarh,South,0.87,8.21,8.92,18556019
3408,1,1,1,0,24,Chandigarh,East,7.58,4.83,14.16,14331543
3904,2,2,1,3,6,Mumbai,East,2.6,1.94,7.29,34641921
3572,2,3,2,0,1,Delhi,North,4.88,6.13,1.52,24850962
3100,4,4,1,2,13,Chandigarh,South,0.4,5.64,5.72,16192254
2861,5,5,2,1,24,Delhi,Central,9.95,8.27,5.92,19292479
2788,1,2,3,2,25,Chandigarh,East,4.44,8.87,11.62,12163446
4039,1,2,2,1,19,Delhi,East,8.95,2.49,5.65,26110599
2729,1,2,2,2,29,Chandigarh,West,3.7,6.65,1.32,11870328
1357,3,4,3,2,24,Pune,North,1.35,1.1,7.48,6724060
4903,4,5,3,0,20,Mumbai,Central,6.04,5.29,6.69,43034702
924,5,6,2,2,23,Delhi,West,2.46,0.93,15.0,7195585
1275,2,3,2,2,20,Delhi,West,1.51,3.29,7.06,8880003
1378,3,2,3,3,23,Bengaluru,East,7.73,0.36,4.07,9403494
4089,2,3,2,1,23,Delhi,South,9.81,9.93,6.6,26891920
2327,4,3,1,2,19,Delhi,North,3.62,0.7,6.38,17137227
2742,3,3,1,2,2,Bengaluru,Central,8.6,1.39,3.32,18310449
512,4,4,2,2,18,Delhi,West,9.93,8.95,8.33,4119581
4313,3,2,2,3,22,Mumbai,East,8.2,2.27,11.83,36870901
4403,1,1,3,1,11,Delhi,South,2.06,3.91,1.94,28943160
2908,4,3,2,1,15,Mumbai,East,5.18,3.3,11.8,26279479
4074,1,1,1,2,2,Chandigarh,South,2.68,7.23,5.76,18539101
3901,3,3,2,0,2,Delhi,West,7.61,3.12,9.79,26044932
2440,3,2,2,1,13,Pune,East,1.0,6.41,7.14,12781634
4980,3,3,3,1,16,Bengaluru,East,2.58,4.78,6.81,31143842
3521,3,2,2,3,1,Pune,East,5.06,0.9,8.04,19056033
1246,1,1,3,0,8,Pune,Central,5.16,1.69,14.0,5101943
675,4,4,1,2,2,Pune,North,0.3,3.94,8.61,5353084
4353,5,6,3,0,2,Chandigarh,West,7.07,4.13,11.31,20832087
898,3,4,3,1,25,Pune,East,2.08,2.99,7.82,4955740
2076,3,4,2,2,15,Bengaluru,East,4.51,7.48,14.97,13233861
553,5,6,1,3,27,Mumbai,West,1.15,5.46,9.12,7313437
4102,1,2,1,2,16,Bengaluru,South,8.45,8.57,10.76,24214170
1708,4,3,3,1,3,Bengaluru,South,5.37,6.83,10.21,11477536
1931,4,3,2,2,21,Pune,West,7.87,7.25,4.15,10884720
772,5,5,3,1,26,Bengaluru,South,4.74,4.71,8.39,6126216
826,3,4,2,3,15,Delhi,South,7.93,5.88,10.49,6682523
2581,5,4,1,1,25,Delhi,West,9.46,5.01,8.73,18267246
2322,3,2,1,2,9,Mumbai,West,8.34,0.88,7.41,21005719
863,4,5,2,2,2,Delhi,West,4.99,5.76,2.48,7961831
1757,4,3,2,2,23,Mumbai,Central,8.25,6.88,3.37,17318021
881,5,4,3,3,18,Mumbai,East,2.15,4.64,2.88,10796078
1270,2,2,3,0,1,Delhi,North,8.22,6.22,4.54,9899404
4239,3,3,1,0,20,Mumbai,East,6.32,1.14,11.7,36221407
4257,4,4,1,3,21,Delhi,East,8.5,0.3,4.13,29413322
3940,1,2,2,1,15,Delhi,North,7.23,3.37,7.09,25867531
2291,3,3,3,2,17,Mumbai,North,2.98,6.13,11.97,20523927
3666,1,1,3,0,0,Mumbai,North,6.08,8.97,9.63,31231471
2752,2,1,3,0,30,Pune,West,2.53,9.64,2.27,14269221
3860,1,1,1,2,22,Mumbai,South,6.32,4.1,0.81,33812964
1873,4,5,1,1,3,Pune,Central,6.4,3.45,4.01,11575288
1776,1,2,2,1,24,Pune,East,7.67,1.17,14.74,8269378
4748,5,4,1,3,26,Mumbai,East,7.11,3.54,14.55,42999756
4747,5,5,2,2,20,Bengaluru,North,0.75,3.79,3.25,31724215
4989,3,4,3,2,22,Pune,South,8.09,9.45,4.27,25550763
2617,5,6,3,2,15,Pune,West,7.7,4.85,11.27,14910869
1595,4,5,2,1,16,Bengaluru,Central,7.55,5.39,5.39,12002114
3538,4,5,2,2,28,Delhi,South,2.74,6.24,7.9,23790065
4844,5,4,1,1,9,Mumbai,East,1.38,6.48,13.24,43841727
4026,2,2,2,2,6,Bengaluru,Central,1.54,5.65,11.68,23402030
3249,3,4,2,3,6,Mumbai,West,7.84,4.03,1.44,30074444
3955,4,3,2,2,25,Pune,Central,4.68,8.92,2.38,20976014
4474,4,5,1,3,20,Mumbai,South,2.91,5.57,13.64,39194226
1012,4,4,3,2,25,Chandigarh,West,8.56,3.52,14.44,4849556
4508,1,2,1,2,19,Pune,South,8.92,8.21,2.53,23653959
853,3,2,3,2,3,Bengaluru,East,4.87,9.87,8.35,6019010
1918,4,3,3,1,26,Mumbai,West,4.25,1.72,9.72,17628523
841,5,5,2,3,0,Bengaluru,North,1.66,8.4,5.53,7877112
990,1,2,1,1,0,Chandigarh,Central,3.43,4.72,3.58,4570788
4167,3,4,3,3,13,Delhi,Central,5.23,7.75,8.1,28286140
4252,3,4,2,2,8,Delhi,North,6.93,3.13,2.09,29052049
2160,3,4,3,1,25,Mumbai,South,6.29,5.71,13.91,18365277
4687,5,5,2,0,2,Delhi,West,6.42,7.37,1.63,32295328
802,2,1,2,0,8,Chandigarh,South,6.44,5.97,11.11,3249118
2239,3,4,1,2,21,Mumbai,South,2.55,8.16,2.34,20839850
2568,2,2,1,1,10,Mumbai,East,3.06,6.79,12.14,22707145
3330,3,4,1,1,17,Pune,East,5.58,9.25,12.29,16890124
1866,4,4,3,1,3,Bengaluru,North,6.2,0.65,10.47,12465485
1367,1,1,3,0,29,Chandigarh,North,7.81,4.3,13.44,5365902
756,5,4,1,0,12,Delhi,South,5.45,9.89,11.26,5988325
2537,2,2,1,1,17,Delhi,South,3.8,0.95,8.37,17377897
1671,1,1,1,3,29,Mumbai,Central,9.59,4.04,9.42,13691918
4743,5,6,1,3,17,Pune,Central,0.7,5.86,5.74,24770976
4489,3,4,3,3,5,Pune,South,1.45,8.98,6.35,23930111
3319,5,4,3,0,2,Bengaluru,East,1.8,8.96,12.71,21533777
3424,1,1,1,1,9,Chandigarh,Central,7.55,5.04,8.37,15185448
2639,2,3,3,0,0,Bengaluru,West,1.92,0.73,8.16,15982473
1240,5,5,3,1,29,Mumbai,East,2.18,7.39,0.72,12915020
4683,1,2,1,3,16,Mumbai,East,0.94,0.62,14.24,39152086
2760,3,3,2,0,25,Bengaluru,South,4.47,0.68,12.62,16168053
3702,2,3,2,0,1,Mumbai,Central,8.88,2.52,9.25,32677239
3928,5,5,3,1,18,Delhi,East,4.48,2.56,9.79,27197255
1421,1,1,3,0,26,Pune,South,3.57,9.17,1.87,6847502
1633,1,2,1,1,10,Mumbai,West,8.03,1.32,1.36,13236524
3321,2,3,1,0,1,Pune,South,4.77,3.2,7.14,16681690
2140,2,2,1,3,11,Chandigarh,North,4.1,1.37,3.95,10541796
4753,1,1,2,1,0,Mumbai,South,2.82,7.55,13.37,40630585
4393,1,1,2,1,2,Delhi,Central,7.13,4.25,4.14,29142091
2784,5,5,1,3,20,Bengaluru,Central,1.78,7.66,5.25,18559519
2601,3,2,2,1,12,Bengaluru,North,7.82,0.5,2.46,16837527
940,2,3,2,2,17,Chandigarh,South,2.13,3.76,14.06,3505722
4090,5,4,3,0,12,Pune,North,0.54,5.69,9.2,21938848
3174,1,1,3,0,21,Delhi,East,1.61,7.55,3.11,20250934
4135,5,5,2,3,17,Chandigarh,Central,3.02,7.27,10.19,19631122
2297,4,4,1,0,17,Mumbai,North,7.79,0.81,0.74,22636223
3104,2,3,3,2,12,Mumbai,South,9.94,8.91,10.64,27638108
4478,5,6,3,3,29,Chandigarh,West,8.22,5.07,14.82,20885692
1886,3,2,1,1,0,Mumbai,South,2.62,6.08,8.92,17367417
4359,1,1,1,3,28,Pune,South,7.08,3.15,3.88,22302620
4296,3,2,2,2,1,Bengaluru,North,7.09,7.07,7.35,27559023
2450,1,1,1,0,18,Pune,East,2.8,8.53,1.77,12056719
4474,3,4,3,2,10,Pune,West,1.89,2.93,0.92,23695277
3558,2,3,3,2,5,Bengaluru,Central,9.47,4.07,7.51,21584166
3080,1,2,1,0,20,Delhi,Central,6.3,1.85,8.67,20101823
858,5,4,2,1,22,Mumbai,South,8.77,8.16,10.18,9775920
2861,1,2,2,2,24,Chandigarh,North,6.57,1.09,12.81,12548742
2021,1,2,2,2,17,Pune,Central,6.74,3.28,14.33,9954054
836,3,3,3,3,28,Pune,East,6.78,8.48,2.79,5251582
2492,2,3,1,0,6,Delhi,Central,0.32,8.75,2.21,17065758
2144,1,1,1,1,26,Bengaluru,West,1.56,5.79,8.39,12875050
3794,5,4,1,3,10,Bengaluru,East,9.35,5.28,13.33,26028664
729,4,3,1,0,11,Bengaluru,South,2.39,1.39,12.49,5763169
3832,3,2,1,1,17,Delhi,North,9.54,9.31,13.09,25950786
2955,2,1,3,1,1,Pune,Central,7.95,5.92,14.76,14835760
513,1,1,3,2,22,Chandigarh,South,6.46,1.79,12.27,1545926
4466,4,5,2,3,25,Chandigarh,West,1.19,8.63,11.14,21209285
3488,4,4,2,1,30,Chandigarh,West,9.86,8.0,11.88,15653205
3986,3,4,3,0,1,Delhi,South,1.49,3.46,5.98,27184606
2494,3,3,3,1,27,Mumbai,Central,1.34,2.65,6.49,22836144
1704,2,2,1,0,24,Chandigarh,South,0.5,7.01,1.46,8598339
1964,1,2,3,3,23,Delhi,North,7.34,0.76,0.55,13733146
686,2,1,2,1,28,Chandigarh,East,7.34,6.66,2.54,3494292
681,2,2,2,0,18,Bengaluru,East,3.73,4.72,6.28,3645569
1722,5,4,3,0,0,Pune,Central,4.45,6.71,12.8,9854080
4562,2,2,1,0,22,Chandigarh,Central,0.55,1.31,14.76,19964226
1459,5,4,2,2,29,Pune,South,5.26,8.21,8.72,9254121
2428,4,3,1,3,17,Delhi,East,7.94,1.22,1.55,18460040
2361,2,2,1,0,9,Chandigarh,West,6.89,4.01,1.05,11549807
1859,2,1,1,0,6,Bengaluru,North,1.86,3.0,8.67,11061848
1264,4,4,1,1,25,Chandigarh,South,2.2,8.66,7.05,6232060
3624,4,4,1,0,25,Pune,West,8.98,8.87,9.31,18393005
2661,5,6,2,3,7,Delhi,East,8.75,4.53,2.53,19213487
1375,3,4,1,3,20,Chandigarh,West,8.13,2.45,7.06,6264331
2565,3,4,2,0,16,Chandigarh,South,6.21,5.29,6.36,12390988
1042,2,3,3,0,26,Bengaluru,North,2.83,0.48,0.22,6473073
3539,3,3,2,3,9,Chandigarh,Central,5.36,8.58,13.47,16332270
3949,5,4,1,1,5,Mumbai,South,5.37,1.52,6.55,36214408
2647,3,4,2,1,5,Delhi,East,6.46,6.78,2.8,19066176
1941,4,4,3,3,5,Mumbai,South,0.94,5.28,1.49,20318084
3641,5,4,2,3,26,Delhi,Central,3.98,5.38,7.43,25141652
3928,3,3,3,1,3,Chandigarh,Central,3.31,6.74,0.67,18146558
4305,5,4,3,3,22,Bengaluru,East,8.2,3.05,4.1,27614492
2543,5,4,2,2,30,Chandigarh,South,2.3,5.96,8.12,12484892
3690,5,5,2,3,29,Mumbai,West,5.03,5.34,9.06,33073306
4779,4,5,1,3,23,Chandigarh,East,7.23,8.25,2.54,22992608
4663,3,2,1,0,0,Delhi,West,4.27,1.5,8.18,31706968
3775,3,4,2,1,13,Mumbai,East,8.45,7.33,3.19,33261930
2392,5,4,1,1,6,Chandigarh,East,7.94,0.66,0.45,11500239
2721,4,5,1,1,24,Bengaluru,South,3.32,2.52,1.93,16838095
4304,3,4,2,1,12,Mumbai,East,4.14,2.56,10.29,36010487
1740,5,6,2,3,20,Pune,West,3.74,5.81,14.24,9223003
3213,3,2,1,1,15,Mumbai,Central,2.37,3.46,13.74,27317076
2487,5,6,2,2,24,Pune,North,7.67,9.4,12.07,13880770
1192,2,1,2,0,16,Delhi,East,7.5,0.92,14.18,7643088
800,5,6,1,3,4,Chandigarh,South,5.46,3.62,0.64,5939868
4973,1,1,3,3,10,Pune,West,2.33,1.69,1.98,25498852
4753,5,6,2,1,2,Pune,North,4.9,1.59,7.07,25083427
2513,4,4,1,0,0,Mumbai,West,4.9,6.52,0.86,23857131
1469,1,2,3,2,26,Pune,North,8.16,1.05,5.71,7444125
3284,5,5,2,3,24,Bengaluru,East,1.38,2.55,6.69,22036331
959,3,3,1,3,7,Pune,West,4.93,7.13,14.9,5329572
2294,5,5,1,1,21,Bengaluru,Central,2.0,7.19,13.66,14528396
3165,1,2,2,0,29,Bengaluru,South,1.44,6.9,6.14,18866782
4840,4,5,3,0,15,Bengaluru,Central,7.6,7.34,9.49,31348046
4437,3,3,2,0,25,Pune,East,3.71,2.08,8.04,22222678
672,1,1,3,2,20,Mumbai,South,1.33,0.81,11.12,5831430
2920,1,1,3,2,28,Chandigarh,North,6.98,9.25,2.51,12691390
2418,2,1,1,1,13,Mumbai,North,0.29,4.29,3.39,20920848
1867,5,5,2,3,23,Mumbai,South,5.39,2.44,3.06,18947936
4934,1,1,3,0,30,Delhi,West,0.81,9.22,5.72,31402557
1828,2,2,2,3,19,Pune,East,1.06,9.57,11.95,9564458
4547,4,3,2,1,11,Chandigarh,East,2.03,8.54,9.97,20903048
3163,5,4,2,2,5,Mumbai,South,8.9,3.47,10.54,29384260
1789,5,6,1,1,11,Bengaluru,South,9.93,7.42,4.26,13248204
2159,5,5,3,0,21,Bengaluru,East,2.04,0.65,14.77,13352428
3051,3,4,3,1,10,Delhi,North,6.24,0.93,7.73,20516094
1360,3,2,2,1,1,Chandigarh,South,3.89,2.53,6.68,7846468
1557,3,3,3,1,20,Chandigarh,Central,5.9,9.67,2.94,7085918
4794,2,2,2,1,9,Bengaluru,East,3.3,7.51,0.83,29695675
1197,2,2,3,0,8,Chandigarh,North,9.75,2.55,13.06,4993943
4276,1,1,1,2,29,Pune,North,8.85,2.52,2.23,20517887
2272,4,3,3,3,23,Pune,West,2.49,3.34,11.87,12697971
1721,3,3,2,2,22,Pune,Central,1.78,3.54,12.08,7527216
869,4,4,1,2,17,Delhi,South,4.98,4.21,4.28,7070687
4768,4,4,1,2,8,Pune,North,1.94,7.47,13.79,24301625
2452,1,2,2,2,13,Pune,East,1.8,6.85,13.98,12256364
3719,3,3,2,2,13,Chandigarh,East,7.23,6.21,12.23,17721919
4151,2,1,3,3,11,Chandigarh,North,5.6,0.2,6.26,19410426
2842,5,5,3,0,23,Pune,East,7.54,3.27,13.9,15659062
697,2,3,2,3,16,Chandigarh,North,5.87,4.01,11.07,3378236
1761,5,5,2,0,25,Pune,North,6.4,3.29,1.41,10461725
2261,5,4,3,2,10,Delhi,North,2.94,3.58,8.0,16736535
1603,1,1,2,1,4,Mumbai,South,8.98,9.13,12.46,13580526
3054,5,4,3,0,3,Bengaluru,West,5.12,1.35,13.11,20021333
3654,2,3,2,2,11,Bengaluru,North,8.39,7.24,10.83,22439294
2815,3,3,3,3,6,Mumbai,West,9.5,0.88,8.44,25447774
3234,5,6,1,3,13,Chandigarh,South,6.8,0.74,5.39,16992857
3236,2,1,2,1,9,Delhi,Central,8.79,7.38,2.21,20773441
3451,1,2,1,2,30,Chandigarh,Central,6.74,8.11,3.72,15399606
1189,5,5,2,1,20,Bengaluru,North,4.87,0.36,0.51,8205993
2564,2,1,3,3,22,Chandigarh,West,2.95,4.92,1.58,12075933
1520,3,4,3,1,11,Bengaluru,North,4.05,2.26,5.19,11012013
3685,5,6,1,2,7,Mumbai,West,0.87,5.67,7.74,34261962
2192,3,4,2,2,26,Delhi,West,8.03,1.78,11.18,14624817
2225,2,3,3,1,25,Chandigarh,Central,1.81,6.07,13.79,10031961
3339,3,3,1,2,21,Mumbai,South,9.11,8.29,14.75,28970569
598,3,2,1,1,0,Bengaluru,North,0.66,8.33,0.57,4859902
3249,5,4,1,2,22,Delhi,South,5.53,1.45,5.99,23923579
4814,5,4,3,2,17,Pune,West,3.79,6.4,11.51,25649435
1512,3,4,3,2,9,Bengaluru,West,3.14,8.41,5.63,9707696
4714,3,3,3,2,20,Pune,South,2.16,3.12,12.22,23834847
803,2,2,1,1,0,Mumbai,North,4.64,4.5,5.93,7634772
1549,2,2,3,0,23,Chandigarh,Central,1.26,6.19,10.08,7219821
1027,2,3,3,2,8,Pune,East,9.87,5.91,12.0,5378610
3278,5,4,3,0,24,Pune,South,9.37,2.3,7.08,17676894
4883,2,3,3,0,11,Delhi,South,5.59,6.25,3.68,32607696
2499,1,1,2,0,21,Pune,East,8.75,0.46,9.27,11261685
3986,5,6,2,3,17,Chandigarh,North,4.33,4.29,11.24,20260258
4300,2,2,1,1,18,Pune,West,3.29,5.36,13.97,21332359
3409,5,6,1,1,5,Pune,Central,1.16,3.66,0.9,19677285
3537,4,4,3,2,28,Delhi,Central,3.92,2.34,3.37,24622225
2602,2,1,1,1,5,Mumbai,South,1.73,3.65,1.18,23433867
2817,4,3,2,2,24,Delhi,South,4.87,1.14,10.95,19115331
4586,4,4,3,1,5,Delhi,West,2.68,3.6,0.92,31176184
4374,4,3,3,1,22,Pune,Central,5.57,5.55,4.41,22635496
644,2,1,1,1,12,Chandigarh,South,5.62,4.28,8.65,2709934
1887,4,5,2,1,5,Bengaluru,South,8.36,2.92,12.3,12338354
1269,3,2,1,2,12,Bengaluru,Central,7.66,9.13,1.97,8510151
3052,1,1,3,2,6,Delhi,West,2.55,5.01,13.0,19737502
719,3,2,3,3,5,Bengaluru,South,7.32,4.52,11.73,6177484
932,3,3,2,1,27,Bengaluru,North,5.54,7.05,8.02,6164593
4994,5,6,3,3,8,Mumbai,Central,2.32,4.6,7.96,45567757
1906,5,5,2,2,25,Delhi,East,4.25,6.66,11.64,13465887
3966,3,2,2,0,4,Mumbai,West,6.39,7.36,10.54,34483291
839,5,5,1,2,3,Pune,East,1.24,0.27,3.99,5844276
3279,3,4,2,3,2,Delhi,Central,5.75,7.97,5.58,23091541
1156,1,1,2,3,18,Delhi,West,3.93,3.8,13.08,7098915
4428,2,2,3,1,30,Bengaluru,West,4.81,4.96,5.03,26124792
3893,4,4,3,2,24,Pune,West,7.5,4.59,11.44,20093490
1911,3,3,2,2,15,Bengaluru,West,1.16,5.43,11.21,11502976
3967,1,1,3,1,5,Pune,North,7.02,4.24,1.65,19215559
1818,4,5,1,0,10,Mumbai,West,6.45,5.93,14.35,16955701
610,2,3,1,1,24,Bengaluru,Central,5.22,1.09,6.19,3934262
2807,5,5,2,1,20,Pune,North,2.8,9.24,1.5,14994295
4396,4,5,2,3,5,Delhi,Central,9.1,0.36,1.21,30593145
2895,4,4,1,0,17,Mumbai,West,3.54,9.23,0.59,27362407
4111,4,4,1,1,29,Delhi,East,0.54,9.88,9.97,27613869
1418,4,4,1,3,4,Mumbai,North,3.97,1.7,11.36,14342453
3243,5,6,3,2,11,Pune,Central,7.71,9.01,0.96,17425545
3901,2,3,3,2,9,Mumbai,South,9.95,6.41,0.59,35494547
3399,3,4,3,3,20,Chandigarh,North,3.53,7.19,11.36,15363818
1639,5,4,3,2,7,Chandigarh,East,2.77,1.72,11.57,8804772
4738,3,4,3,1,25,Chandigarh,West,7.87,6.12,10.08,21805563
4463,1,1,3,3,25,Pune,East,4.91,5.98,2.87,23280794
1734,5,6,1,2,11,Pune,Central,0.84,5.85,4.44,10335603
4599,2,1,3,2,10,Pune,West,4.63,6.41,4.03,24224720
3408,4,3,3,2,0,Chandigarh,East,7.71,6.6,14.19,16081068
2989,2,3,1,1,19,Chandigarh,Central,3.23,8.33,8.74,13544652
2702,1,1,3,1,23,Mumbai,North,2.64,1.86,5.95,23223104
4526,1,1,1,3,13,Chandigarh,South,9.07,3.03,2.35,20893186
1527,1,1,2,1,6,Chandigarh,Central,8.71,3.35,11.04,6224824
1603,4,3,3,1,25,Delhi,Central,2.25,7.8,13.39,11475022
3212,5,6,2,2,26,Mumbai,South,6.19,8.53,1.53,29935247
2485,2,2,3,3,5,Mumbai,East,9.25,5.56,7.2,22092325
4840,5,5,1,2,27,Chandigarh,North,0.36,0.33,9.49,23012722
1840,1,1,1,0,16,Bengaluru,North,9.93,2.61,8.44,10493183
2431,2,3,2,2,3,Pune,North,2.27,7.68,8.37,12345476
2203,4,5,1,1,1,Delhi,Central,5.8,3.21,14.45,15178207
1756,2,1,3,2,24,Bengaluru,West,4.34,7.25,6.56,10732543
1801,4,5,3,1,16,Delhi,East,7.37,0.94,13.36,12162168
1796,5,5,3,0,23,Delhi,West,8.42,2.69,12.15,12517870
2151,5,6,2,3,28,Bengaluru,North,4.64,4.13,9.12,14724022
3631,3,3,1,3,29,Chandigarh,North,6.54,5.29,3.76,17072937
1205,3,4,1,0,16,Chandigarh,West,9.09,5.27,6.34,5049962
3193,2,1,1,1,14,Pune,Central,6.63,8.86,1.52,16257475
2875,1,1,2,0,3,Bengaluru,Central,0.49,5.66,3.22,17596467
3920,4,5,1,1,14,Pune,East,2.71,0.21,4.28,21558663
2823,5,5,1,1,5,Pune,North,3.99,3.62,2.05,16881643
4162,3,4,3,1,15,Chandigarh,West,7.9,6.31,7.56,19517807
2191,4,5,2,3,15,Chandigarh,South,0.66,8.55,6.28,11439916
1877,1,2,2,1,11,Chandigarh,South,4.06,8.88,0.32,8877424
4555,5,6,2,0,7,Chandigarh,West,2.95,3.87,10.56,22070407
895,4,5,3,3,27,Bengaluru,West,2.57,8.34,0.39,6827526
3484,2,2,2,0,17,Pune,East,4.18,3.08,6.62,16832580
1990,1,2,2,2,29,Chandigarh,North,6.52,3.98,14.23,8849187
637,5,4,2,1,30,Pune,West,2.0,4.45,11.54,4355075
3544,2,1,1,0,5,Chandigarh,South,7.46,6.53,0.22,16326736
2272,1,1,3,0,17,Chandigarh,North,4.93,8.72,1.26,10417023
4899,4,3,3,3,26,Delhi,West,9.34,0.3,5.63,32926645
896,5,5,3,0,23,Delhi,East,4.4,4.33,7.44,6947637
1599,2,3,2,1,16,Bengaluru,West,8.37,6.93,3.35,9369200
3705,3,3,3,3,29,Bengaluru,West,8.27,1.8,13.44,22554052
2937,1,1,2,1,15,Bengaluru,South,5.64,8.56,7.87,16880911
3781,4,4,1,2,8,Delhi,South,0.65,4.39,14.29,26304352
4233,1,1,2,1,8,Delhi,West,0.33,4.39,5.23,27352821
4678,2,2,2,0,29,Chandigarh,West,1.22,7.36,11.96,20335693
2278,2,3,2,2,6,Mumbai,South,3.87,7.82,3.45,21028136
1483,3,4,2,3,2,Delhi,South,5.41,7.0,7.08,11786874
4868,2,2,1,1,24,Delhi,East,6.51,4.11,14.77,31490942
2288,2,2,3,1,24,Delhi,West,9.39,9.14,0.97,15115833
3215,3,2,1,3,4,Bengaluru,East,0.58,6.5,3.08,19922019
1619,2,3,3,1,22,Pune,East,5.89,3.39,11.72,8503203
4258,1,1,1,3,5,Bengaluru,Central,5.02,3.44,10.56,26478373
1291,4,3,1,0,25,Delhi,North,5.53,2.87,8.24,10118298
1021,2,3,2,2,26,Bengaluru,West,5.16,6.99,3.28,6167928
3631,3,2,2,1,19,Delhi,West,9.99,1.19,9.18,24506954
4696,4,5,2,3,21,Pune,South,7.14,9.67,8.08,24936857
2860,3,3,1,3,22,Pune,North,9.61,4.76,2.58,15291233
4774,5,5,2,2,27,Bengaluru,West,7.16,5.64,4.04,30313471
1737,3,4,1,1,0,Mumbai,South,2.67,0.65,7.02,17104600
2494,4,4,3,0,22,Mumbai,South,6.22,8.69,0.81,24414340
4115,3,2,1,1,20,Mumbai,South,1.51,3.09,6.27,36005118
911,5,6,1,2,29,Delhi,South,6.36,2.66,4.52,8069806
2935,3,2,2,3,2,Delhi,North,6.33,5.78,11.48,20334811
3990,1,1,2,3,23,Pune,Central,2.84,7.2,7.81,20276735
2647,5,5,1,3,20,Delhi,East,1.12,9.51,1.76,19919002
547,3,3,2,1,28,Bengaluru,West,3.22,5.22,11.9,3478877
3259,1,1,1,2,17,Chandigarh,South,4.47,8.61,0.32,15098954
600,4,5,1,0,1,Pune,North,1.73,3.43,8.95,3684329
1621,4,4,2,1,24,Pune,East,2.68,4.46,0.5,9804006
1096,3,2,2,3,10,Chandigarh,West,1.52,2.25,0.71,6368244
711,4,3,2,3,11,Delhi,South,7.11,2.82,4.84,7268760
2897,3,3,1,2,5,Bengaluru,South,8.81,1.77,1.92,18950246
833,3,2,3,3,1,Mumbai,South,4.38,1.15,12.13,10250787
2520,2,2,1,2,20,Bengaluru,North,0.81,4.05,9.3,15629907
3278,5,4,2,2,24,Delhi,North,5.11,0.86,4.66,23072744
1978,5,5,2,1,26,Bengaluru,South,8.7,9.14,11.18,13056084
4205,3,3,2,0,16,Chandigarh,East,4.03,5.31,6.72,20334112
3195,3,3,2,1,14,Bengaluru,West,4.86,3.68,13.54,19827377
3006,3,3,1,3,9,Delhi,South,6.73,4.82,2.68,20964190
4709,5,5,1,1,27,Chandigarh,North,7.07,3.41,2.27,22347319
700,2,1,1,2,8,Chandigarh,Central,1.88,7.76,7.05,4119443
3616,2,1,3,3,14,Delhi,Central,0.59,7.15,2.47,25403538
4693,1,1,3,0,1,Delhi,Central,3.66,1.2,11.44,30868154
4336,5,6,3,1,24,Pune,West,4.29,8.02,10.36,22383757
3174,5,5,3,1,26,Bengaluru,South,3.62,5.2,8.46,20183792
4141,4,4,2,1,25,Chandigarh,North,5.03,7.65,4.06,19869303
4313,4,3,3,2,26,Bengaluru,West,7.3,3.84,1.76,26225309
1363,5,4,3,0,29,Chandigarh,East,0.55,6.72,10.61,7891100
1021,2,3,2,3,6,Pune,West,5.19,1.65,7.23,5977211
3064,4,3,3,3,15,Bengaluru,South,1.76,7.72,1.83,20338834
2070,4,5,1,2,17,Pune,North,7.03,2.55,1.09,11463348
3103,4,3,1,2,4,Pune,South,3.92,4.97,2.77,17416827
4931,3,3,1,2,23,Pune,South,0.34,2.0,10.33,25354641
1333,3,4,1,0,14,Bengaluru,East,7.07,2.46,10.39,7936565
4350,1,1,3,2,1,Delhi,South,4.36,1.23,6.31,28400180
1345,3,3,2,3,11,Pune,East,3.52,9.7,10.25,7898090
4703,4,4,1,3,4,Delhi,West,6.87,4.64,10.44,32645199
4190,3,2,2,0,20,Mumbai,West,0.86,3.87,14.06,36085638
970,4,4,2,3,11,Delhi,East,1.22,3.95,2.15,8268208
3962,1,2,1,3,30,Bengaluru,South,8.8,7.81,7.72,23499625
2728,4,3,3,2,15,Bengaluru,West,6.83,8.46,13.51,16968936
4455,1,2,1,1,6,Delhi,Central,3.64,7.42,5.19,29441390
3895,3,3,2,1,6,Delhi,East,0.46,7.93,5.91,26570384
2590,1,1,3,2,30,Delhi,West,7.66,5.02,4.53,16701793
2351,3,3,3,1,1,Bengaluru,East,9.36,0.59,12.97,15314245
3886,3,4,3,3,9,Mumbai,East,1.77,2.12,9.11,34014985
4510,5,5,1,1,1,Bengaluru,West,1.67,5.6,1.06,30146287
1775,5,5,2,0,30,Bengaluru,Central,6.07,0.78,6.92,12140809
4356,1,1,3,2,23,Chandigarh,South,1.98,2.63,0.63,19225218
4293,5,4,2,0,13,Bengaluru,West,6.6,0.85,4.82,27958592
1380,2,3,2,3,13,Mumbai,North,8.07,9.25,7.56,12834606
1578,3,4,3,2,6,Bengaluru,West,4.57,7.7,13.33,10487817
2738,1,1,3,1,23,Pune,Central,4.98,3.34,2.14,13673393
2966,1,1,1,1,6,Delhi,West,4.12,3.28,2.38,19579829
2546,3,3,2,1,17,Delhi,Central,7.11,6.37,4.25,18233918
4351,2,2,2,1,1,Pune,Central,7.39,2.89,13.82,21768393
4197,2,3,1,0,21,Delhi,North,1.99,8.41,6.94,27305750
786,4,3,2,3,23,Bengaluru,South,5.26,6.31,0.78,5560502
3066,3,2,3,1,11,Chandigarh,South,7.52,0.52,5.95,15001711
1067,4,4,1,0,15,Pune,West,4.53,8.93,0.45,6982553
2012,2,1,3,3,25,Chandigarh,East,3.09,4.79,12.4,8655689
1803,5,4,3,0,27,Pune,Central,3.6,6.98,1.79,10252965
1622,4,4,2,2,18,Mumbai,South,2.33,6.04,9.9,15055783
4729,3,2,3,3,19,Bengaluru,North,1.93,0.56,6.77,29197251
2129,3,2,2,2,27,Chandigarh,West,2.58,5.81,3.55,9565151
1039,2,2,2,3,7,Pune,Central,1.27,5.4,2.51,6700398
2656,1,1,2,2,30,Pune,Central,5.42,5.59,14.77,13499621
2085,2,3,1,0,0,Pune,North,5.36,4.63,1.35,12055225
4113,4,5,3,1,17,Bengaluru,West,5.68,2.56,6.53,26152376
922,3,3,1,3,5,Mumbai,South,0.84,1.78,14.24,9322985
2862,3,3,3,2,19,Mumbai,Central,6.23,4.01,9.19,25382980
1390,4,4,1,1,11,Bengaluru,East,0.86,1.2,4.39,10552898
745,4,3,2,3,7,Bengaluru,East,7.91,3.34,9.37,5502548
2583,2,1,3,2,12,Mumbai,East,8.73,4.07,0.7,22439283
1124,1,2,1,2,0,Bengaluru,North,5.04,5.66,4.61,7742401
1351,1,2,1,2,23,Pune,West,1.48,0.33,7.92,6944458
2547,3,4,1,0,13,Mumbai,East,2.28,7.64,1.48,23738579
4965,1,2,3,0,13,Bengaluru,East,4.1,9.88,13.06,28787038
3100,2,2,3,2,21,Delhi,North,2.86,9.67,1.75,20998408
4155,5,4,1,1,7,Mumbai,North,8.67,8.9,9.55,38176395
1050,4,5,1,0,6,Pune,West,2.9,2.45,7.65,6676142
700,5,6,1,3,0,Mumbai,South,4.81,7.75,4.89,10640439
1454,4,3,2,1,24,Mumbai,West,4.3,4.23,4.6,14262400
3048,4,4,2,2,18,Pune,East,6.77,0.75,10.17,15741179
4586,4,3,1,2,21,Mumbai,West,5.57,5.9,1.24,40699371
1561,4,3,1,2,15,Bengaluru,Central,0.89,5.94,11.42,11009030
1307,1,2,1,3,12,Mumbai,East,2.76,9.09,7.25,12364093
4896,1,2,2,0,17,Delhi,South,7.36,5.55,13.98,30931045
1126,4,4,3,3,9,Mumbai,North,1.54,2.08,10.12,12398103
4599,4,5,1,1,30,Mumbai,South,5.81,2.6,9.88,40647337
3375,4,3,3,0,23,Delhi,East,8.88,0.82,1.2,23207311
2630,2,3,1,0,6,Bengaluru,East,2.5,9.14,4.57,16909214
3857,1,2,1,2,0,Delhi,Central,2.76,0.21,4.46,25993578
4649,3,2,1,3,4,Chandigarh,North,1.45,7.12,3.99,22670357
4363,4,4,1,2,3,Delhi,West,8.26,2.08,1.79,31475180
1548,3,2,3,3,17,Pune,Central,3.7,3.15,14.31,7765485
1241,3,2,3,2,2,Pune,North,5.57,4.87,14.65,6535663
1692,1,1,2,2,23,Pune,South,8.81,0.67,4.7,8560024
3139,1,1,1,2,20,Bengaluru,Central,1.7,9.4,11.98,18878674
2356,1,1,1,1,4,Bengaluru,North,5.12,4.99,8.4,14287049
541,5,4,3,1,1,Pune,West,0.98,7.76,11.32,3749188
3066,1,1,2,2,8,Pune,Central,2.51,9.63,3.73,16111137
4310,3,3,2,3,21,Chandigarh,North,9.94,4.39,7.3,20523918
3608,2,3,2,0,14,Delhi,North,8.75,6.17,13.28,23329534
3160,4,4,1,2,9,Mumbai,East,2.37,2.17,1.7,30647247
988,2,3,3,3,3,Pune,East,3.21,0.38,2.96,5673069
4996,2,3,2,1,23,Pune,Central,8.5,1.88,1.85,25318321
1946,5,6,2,2,19,Delhi,East,0.61,4.39,8.94,14510846
1380,4,5,1,3,28,Pune,West,0.64,1.63,5.14,8272752
1346,4,3,1,3,28,Delhi,South,7.9,5.81,1.11,11111497
4436,4,5,3,2,1,Delhi,South,4.38,7.78,12.35,29666661
2876,3,3,3,1,29,Chandigarh,North,4.08,5.12,0.58,14214178
2593,5,4,2,3,17,Chandigarh,South,8.94,9.03,3.52,13257974
2227,4,3,1,0,14,Pune,Central,6.62,7.3,14.91,12510463
1942,2,2,1,1,20,Bengaluru,South,3.2,3.7,12.73,11893273
1455,2,1,2,0,4,Bengaluru,North,1.69,7.25,12.55,8772238
889,5,5,1,2,8,Pune,West,1.17,7.55,9.12,5555612
3766,1,1,3,0,18,Mumbai,North,3.35,0.27,6.46,30807545
1431,2,1,1,0,1,Mumbai,North,3.84,7.3,6.94,11972415
508,1,1,1,3,12,Bengaluru,North,3.08,1.97,1.55,3885154
2814,1,1,1,1,22,Delhi,North,6.97,7.58,2.28,17726701
636,4,3,2,2,24,Delhi,North,1.99,9.97,14.39,5189278
3063,2,2,2,2,25,Pune,West,1.14,8.88,13.16,14886298
1211,5,6,2,2,22,Mumbai,South,6.46,9.98,13.6,12069123
2578,5,6,1,3,2,Delhi,West,4.55,8.77,8.59,19277991
4936,1,1,2,1,5,Mumbai,South,1.27,1.43,6.5,42339874
2116,3,2,3,3,29,Bengaluru,West,3.83,8.21,11.44,13738229
1869,5,4,1,2,21,Delhi,West,8.91,1.99,7.26,14747839
4293,3,4,2,1,2,Mumbai,West,5.83,7.13,10.54,38588385
2935,5,4,3,3,30,Pune,Central,3.42,8.53,3.89,15539962
3052,4,4,2,2,21,Mumbai,North,3.04,4.38,12.71,27056834
772,2,1,2,2,8,Delhi,Central,0.79,8.05,2.01,5388171
1416,2,3,1,3,29,Chandigarh,South,0.87,7.95,7.21,6406908
2545,4,4,2,1,19,Delhi,North,2.64,9.41,9.7,17369058
2612,4,4,1,3,10,Delhi,Central,9.29,7.36,12.34,18544968
1986,2,1,3,3,13,Chandigarh,West,9.11,6.65,10.3,9503240
2430,2,2,3,3,26,Delhi,North,9.0,1.14,2.48,16880490
2969,3,4,2,3,11,Mumbai,South,8.31,9.9,11.73,26284023
3350,4,4,3,0,23,Chandigarh,Central,2.84,5.43,10.25,16288007
4209,1,1,2,2,24,Pune,West,2.39,3.15,6.14,21332691
2812,2,2,1,2,6,Chandigarh,North,8.4,7.49,1.2,13122651
1976,5,6,1,0,20,Mumbai,Central,2.29,9.21,0.62,19624648
2131,3,4,2,3,21,Bengaluru,West,4.2,3.29,1.79,14168817
1962,3,3,3,2,7,Mumbai,East,2.28,2.16,11.56,17768808
3172,3,3,2,0,9,Delhi,East,9.09,9.65,0.55,21813766
983,2,3,3,2,4,Delhi,Central,4.61,6.86,10.07,7081204
4619,1,1,1,1,20,Pune,Central,3.37,5.94,10.73,21952278
3818,3,2,2,3,1,Mumbai,West,8.24,7.6,0.95,35734788
4269,2,2,3,0,12,Mumbai,South,1.89,6.88,9.6,36409362
1378,1,2,2,2,8,Delhi,North,3.87,2.62,10.58,9959629
1748,3,3,2,0,2,Bengaluru,North,8.87,5.15,8.05,10855828
4979,4,3,2,1,24,Chandigarh,East,5.7,6.55,9.7,23188753
708,3,4,2,1,3,Mumbai,North,3.44,0.43,7.36,8465213
746,2,1,1,3,6,Chandigarh,Central,1.95,3.64,0.45,4280657
2258,1,1,3,3,14,Pune,West,4.78,7.52,3.76,11446402
553,4,5,2,3,5,Chandigarh,Central,1.72,5.88,14.5,3455482
1580,3,2,2,1,1,Delhi,Central,8.2,9.0,14.36,10826964
1874,2,1,1,3,14,Bengaluru,Central,8.63,4.32,14.04,11998994
2713,3,4,1,0,13,Chandigarh,Central,1.21,9.03,4.7,13351735
4428,1,2,3,0,13,Mumbai,West,4.13,7.65,7.97,37105027
3159,4,3,1,1,3,Delhi,West,7.77,3.1,8.07,22442085
4534,5,4,2,3,25,Chandigarh,North,2.58,2.58,11.92,20416806
3475,4,4,2,2,21,Chandigarh,East,2.18,7.16,2.01,16988643
2933,5,4,1,2,12,Mumbai,North,2.68,1.83,3.09,28192554
4779,5,5,2,2,18,Delhi,West,9.3,2.02,4.27,33423922
3252,1,1,3,2,30,Delhi,South,1.92,9.07,10.24,20103237
2520,3,4,2,3,18,Bengaluru,North,5.93,7.29,6.22,16064500
4651,4,4,3,0,26,Delhi,South,9.94,4.52,6.63,30959264
2320,4,3,3,3,11,Chandigarh,North,2.75,3.56,6.5,12128929
3272,4,4,1,3,30,Pune,East,6.65,9.06,9.23,17354843
4294,3,4,1,0,12,Delhi,Central,9.9,7.04,10.42,28455615
3530,4,3,3,3,19,Pune,South,2.0,2.16,2.83,18979275
4919,1,1,3,3,1,Delhi,East,1.75,0.44,5.74,32852932
2612,2,1,1,3,15,Delhi,North,0.57,2.71,13.36,17246007
2136,2,2,1,3,30,Delhi,East,5.89,6.56,1.1,15344608
4884,5,6,2,2,24,Pune,South,2.8,8.51,9.69,25826761
3160,5,6,3,1,27,Mumbai,South,2.89,0.69,8.83,28665266
4979,2,2,2,2,6,Delhi,East,6.29,4.49,7.71,32726680
2539,1,2,1,1,18,Pune,West,3.18,9.29,3.95,12938390
1890,4,4,2,3,16,Bengaluru,East,8.88,5.83,1.8,14244162
1661,2,1,1,1,21,Bengaluru,Central,0.98,8.11,5.71,10089274
4473,1,1,3,3,19,Bengaluru,South,3.8,1.81,12.99,27076503
1367,4,4,3,2,24,Chandigarh,North,4.06,7.06,14.26,7410566
1987,5,6,1,0,26,Pune,West,9.72,7.0,1.34,11391291
4045,5,4,2,2,4,Chandigarh,North,7.96,5.03,10.48,20060703
1747,5,6,3,1,11,Delhi,East,2.96,3.98,6.58,13330109
3921,4,3,2,0,9,Pune,North,0.34,7.93,7.64,20202786
4489,2,3,1,3,26,Delhi,East,5.36,9.12,14.14,29287274
3178,5,6,1,2,10,Delhi,South,5.47,8.47,4.89,23415673
4939,5,5,2,0,4,Chandigarh,North,5.31,4.85,3.83,24427355
4570,3,3,1,2,18,Delhi,North,6.03,1.35,5.04,31494138
1953,3,2,1,1,29,Bengaluru,South,4.35,7.28,5.57,12080449
838,4,4,3,2,2,Mumbai,North,0.83,0.49,13.53,8837575
4844,5,6,1,2,11,Delhi,South,0.9,5.03,2.4,34711406
4168,3,4,3,1,13,Chandigarh,North,1.56,6.23,14.19,18492675
964,3,4,1,1,8,Mumbai,East,3.5,9.56,9.44,8362104
2362,3,4,1,1,29,Chandigarh,Central,7.11,0.27,6.87,10903930
1157,1,1,2,2,6,Bengaluru,North,0.52,5.03,6.83,7156604
3074,5,4,3,2,29,Delhi,East,5.04,9.92,9.62,21672456
2774,4,4,2,0,18,Mumbai,North,6.72,4.67,6.18,25110450
1781,2,3,1,2,3,Bengaluru,Central,6.63,4.8,7.58,11984094
4546,5,4,1,0,11,Mumbai,North,0.32,2.96,6.82,41359966
1874,5,4,2,0,9,Bengaluru,West,5.47,7.81,8.83,11948093
3820,1,2,3,0,12,Bengaluru,Central,2.64,2.68,5.47,22697099
3459,1,1,1,2,17,Delhi,West,5.41,4.48,4.13,23039012
2763,5,6,1,2,25,Chandigarh,South,0.98,7.56,13.18,13553234
4915,5,6,2,2,12,Delhi,Central,6.62,7.15,10.89,34228522
1951,1,1,3,0,24,Pune,North,8.6,8.85,5.47,9398764
4899,5,4,3,2,15,Mumbai,North,1.32,3.5,8.15,43646105
4879,4,4,1,2,28,Pune,Central,9.64,0.47,13.7,24961446
1056,1,2,2,3,19,Chandigarh,North,2.89,4.73,14.31,3349410
2383,4,4,3,2,1,Chandigarh,Central,8.8,5.48,13.83,12733253
707,1,1,3,2,13,Chandigarh,Central,0.86,4.51,9.81,2856082
3165,2,1,1,2,29,Chandigarh,Central,3.71,6.39,2.18,14284631
1567,4,5,3,1,14,Bengaluru,Central,3.17,6.33,9.1,10508308
2097,2,3,1,2,24,Delhi,West,1.3,6.62,5.58,14522193
604,2,3,1,3,12,Mumbai,Central,7.6,5.33,9.82,6327727
2560,4,3,3,0,6,Mumbai,West,4.75,1.23,4.74,24458533
2006,4,5,2,2,20,Pune,West,2.21,8.09,12.51,10554303
4663,5,5,2,3,19,Bengaluru,South,4.71,8.44,8.52,30792017
4987,3,4,1,1,18,Bengaluru,East,2.62,2.35,2.64,31404251
1264,2,2,3,0,8,Pune,North,9.58,5.68,10.02,6806664
2498,4,3,3,3,9,Bengaluru,Central,5.71,4.82,12.39,16388637
796,5,4,2,1,15,Bengaluru,North,5.65,3.57,6.55,5968951
1108,5,4,1,2,9,Chandigarh,East,5.05,7.66,8.43,6776978
1957,5,5,3,0,25,Delhi,North,8.41,2.91,6.84,13783431
723,3,4,2,2,0,Mumbai,East,0.86,3.31,9.18,8698997
2592,3,2,2,2,29,Pune,South,0.33,0.29,8.49,12987826
2227,1,1,1,3,11,Delhi,Central,7.28,9.52,13.48,14679280
2687,1,1,3,3,4,Chandigarh,West,0.27,1.26,5.46,12222420
2493,3,4,2,0,13,Pune,North,5.26,7.18,4.41,13875139
2087,5,4,1,0,17,Pune,Central,3.21,8.69,5.87,12116336
1394,3,3,3,0,24,Mumbai,East,3.8,6.14,6.04,12603174
3294,1,2,2,2,15,Chandigarh,West,8.48,9.27,10.11,14580867
4813,5,6,2,0,22,Bengaluru,West,3.66,9.99,4.42,30116153
3968,1,2,3,2,14,Chandigarh,North,6.64,1.23,7.94,18204702
3259,3,4,2,3,6,Pune,East,5.38,1.15,10.07,16208429
2229,2,2,3,1,24,Chandigarh,West,6.64,3.28,11.63,9966253
3906,4,3,3,1,17,Delhi,South,9.29,7.25,12.21,26778788
3341,3,2,1,1,17,Chandigarh,East,0.54,5.5,12.64,15459347
553,1,1,1,0,25,Mumbai,North,6.83,6.84,0.35,4591851
4506,4,3,3,2,17,Delhi,North,7.89,7.42,11.13,30165898
3371,3,2,1,1,29,Delhi,West,0.31,8.6,10.69,22574597
2636,2,2,2,0,8,Mumbai,West,1.4,4.78,9.89,22887634
732,4,3,3,1,16,Chandigarh,Central,3.73,8.64,14.16,3133922
2801,4,3,3,1,9,Chandigarh,North,7.82,5.68,3.47,13703085
3937,5,4,2,0,11,Delhi,West,0.32,2.43,6.89,27869866
3678,4,5,2,0,22,Delhi,South,8.15,2.09,13.45,24952853
1158,2,2,1,3,15,Mumbai,South,1.86,5.83,9.12,10738104
735,4,5,3,2,9,Chandigarh,East,7.69,4.81,3.35,4923848
2932,3,2,1,3,3,Delhi,East,4.28,8.09,12.9,20716263
3784,5,6,2,0,4,Bengaluru,North,8.48,5.31,14.25,24260085
4235,1,1,2,1,9,Chandigarh,West,3.19,9.44,13.9,19690646
1734,3,2,2,0,24,Delhi,West,8.38,1.28,7.46,11846878
1277,5,4,1,1,24,Chandigarh,South,0.51,3.46,3.2,7419747
2826,2,2,3,2,13,Chandigarh,West,0.52,9.21,13.56,12964072
631,1,1,1,2,23,Mumbai,South,7.19,8.09,1.57,5290737
4144,4,3,3,2,14,Mumbai,Central,7.85,6.63,12.11,37474085
986,3,2,1,2,19,Mumbai,South,5.15,8.21,9.61,9402876
3362,4,3,2,0,17,Pune,West,2.85,9.86,14.06,16924561
3783,4,3,1,3,1,Mumbai,South,3.84,3.58,3.62,35344819
1749,3,2,1,0,5,Bengaluru,Central,6.38,3.31,1.18,12379233
3793,5,5,2,1,23,Delhi,North,5.97,8.06,6.9,26014242
4835,1,2,3,1,0,Pune,East,1.82,1.46,6.65,24284694
1468,4,4,2,0,26,Delhi,Central,9.7,4.79,10.35,10448067
1347,3,4,2,1,0,Chandigarh,West,2.93,6.97,9.84,7046851
774,1,1,3,0,18,Chandigarh,West,5.27,0.2,4.18,3212863
3907,1,2,3,2,0,Mumbai,North,0.98,3.07,14.11,33123682
926,2,2,3,0,13,Mumbai,East,4.74,8.77,7.83,7361036
1939,5,4,3,3,4,Delhi,East,4.88,8.31,11.06,14879800
2206,5,5,3,1,25,Chandigarh,West,9.03,9.23,9.18,11126595
2476,1,2,3,1,5,Bengaluru,South,3.04,0.33,6.7,15071711
4660,4,4,1,3,26,Pune,South,4.71,0.63,9.84,24421545
2786,5,4,1,1,28,Bengaluru,West,0.94,4.53,7.42,17240229
724,5,6,2,3,30,Mumbai,Central,6.8,9.51,13.07,7942615
3155,2,1,3,2,1,Mumbai,Central,5.49,6.45,9.69,27201011
2525,3,4,2,2,24,Chandigarh,Central,0.23,0.63,2.08,11843517
1289,3,2,2,3,4,Mumbai,East,1.29,9.4,13.69,12088765
4814,4,4,2,0,15,Mumbai,Central,6.58,5.29,6.32,43000873
3516,5,6,1,1,30,Bengaluru,Central,8.69,5.25,8.81,22970750
4916,4,5,2,3,21,Delhi,East,6.73,8.93,1.3,34444639
1080,2,3,3,1,29,Bengaluru,North,1.97,7.8,11.29,5777383
1795,3,2,1,0,7,Pune,North,7.73,7.06,1.82,10531343
3765,1,1,3,2,0,Chandigarh,West,6.93,5.25,2.39,17259399
1506,5,4,2,0,0,Bengaluru,South,1.17,5.83,12.25,10301896
3772,1,1,2,2,24,Mumbai,West,3.24,8.34,0.72,32116041
998,1,1,1,0,5,Delhi,West,1.22,4.12,6.55,6537792
1188,4,4,1,3,1,Bengaluru,South,6.76,7.32,14.4,8851534
841,3,4,3,0,0,Delhi,North,9.37,4.03,4.84,6876557
2210,2,2,2,2,11,Delhi,North,8.18,7.93,8.59,14546866
4286,5,5,3,1,17,Chandigarh,North,7.3,4.27,10.63,19904588
4020,4,4,1,3,22,Bengaluru,Central,1.33,2.36,8.77,25125812
4774,4,3,3,2,19,Delhi,Central,3.92,7.77,7.36,31908030
3679,4,3,1,1,15,Chandigarh,West,9.79,4.94,6.48,17680203
1295,4,3,1,0,14,Bengaluru,West,9.82,1.45,7.36,8797482
4600,3,4,2,2,25,Mumbai,South,8.0,2.12,10.23,40014870
3099,4,5,2,2,0,Delhi,South,9.05,2.38,1.86,22658675
4644,1,1,1,2,3,Delhi,North,8.71,5.77,7.56,30325075
4876,1,1,3,3,20,Mumbai,Central,2.95,8.63,2.51,42154529
3889,4,3,2,2,15,Chandigarh,Central,8.07,9.67,8.66,19173259
3787,1,1,1,2,27,Delhi,West,6.35,5.42,5.99,24736117
2162,2,1,1,0,28,Chandigarh,East,1.38,9.69,2.88,9829587
952,2,3,1,1,11,Chandigarh,Central,2.17,1.32,3.68,4556422
939,4,4,1,0,17,Chandigarh,South,4.28,2.72,13.34,4896995
528,1,1,1,0,13,Mumbai,East,6.3,3.38,9.3,3749623
3174,2,2,3,1,5,Pune,Central,4.91,7.25,8.33,15874474
3614,1,1,1,1,23,Chandigarh,East,2.96,2.88,7.48,16473180
4616,2,1,1,2,10,Mumbai,West,2.7,8.53,12.61,39910308
3684,1,2,3,3,29,Mumbai,Central,8.04,8.71,12.64,30361755
2984,2,3,3,2,19,Delhi,East,2.82,0.67,1.24,20125745
825,4,5,2,3,7,Chandigarh,West,5.73,0.26,13.44,4700375
3704,2,3,2,3,18,Bengaluru,East,7.36,3.51,14.06,23435978
3012,3,3,3,1,8,Chandigarh,East,2.37,1.0,14.33,14226064
2794,3,4,2,3,10,Pune,West,6.19,1.94,9.57,14389365
4907,5,6,3,2,22,Bengaluru,South,6.98,9.34,13.07,31270493
658,4,3,2,0,19,Mumbai,Central,3.05,5.2,2.2,7227895
630,5,6,2,1,21,Delhi,South,6.55,1.15,14.97,5527356
892,5,4,2,0,3,Mumbai,North,1.61,5.61,1.62,10549446
2852,3,2,2,0,5,Chandigarh,East,6.79,4.02,5.55,14559344
1830,2,2,2,3,6,Delhi,East,3.56,8.57,11.91,13015147
4770,1,1,3,3,20,Pune,South,3.33,5.37,0.87,24060750
3845,2,3,3,1,17,Chandigarh,Central,8.66,4.06,4.8,17361929
4134,3,2,1,3,5,Pune,West,3.51,2.61,1.25,22444437
4709,2,2,3,3,18,Mumbai,East,8.49,3.33,12.44,39140037
501,5,6,1,3,24,Pune,West,3.6,2.58,9.33,4176819
1040,4,3,3,2,10,Bengaluru,East,1.11,5.27,0.27,8587082
875,4,3,2,2,11,Pune,North,3.2,8.42,4.51,5626898
4242,4,3,1,3,19,Chandigarh,Central,6.07,8.77,2.89,19913625
1853,1,1,3,2,0,Mumbai,South,5.19,5.26,5.8,16109496
2825,2,2,1,3,6,Mumbai,East,6.99,1.09,12.69,24641420
4422,1,2,2,2,14,Chandigarh,North,6.26,8.24,11.48,19550452
4089,3,3,1,3,26,Bengaluru,West,6.48,3.74,6.6,25652190
3157,4,3,3,3,29,Pune,West,1.61,2.9,2.86,18038798
805,1,1,3,0,22,Pune,South,9.61,6.2,13.44,2895560
981,2,1,1,3,0,Bengaluru,West,8.04,9.24,8.6,6116051
2017,1,1,1,0,19,Chandigarh,West,1.37,7.61,6.02,9042894
4030,4,3,2,2,3,Mumbai,South,9.09,8.03,2.15,37782395
644,1,2,1,3,19,Mumbai,South,3.36,3.34,7.82,6179607
1429,4,5,1,2,21,Delhi,East,0.62,5.13,11.08,11167627
2626,1,2,3,3,7,Bengaluru,South,3.71,6.71,3.04,17499455
3359,1,1,1,0,24,Chandigarh,East,6.47,8.94,14.9,13434970
4822,4,5,2,1,19,Pune,West,5.23,5.34,14.76,26035209
1656,4,4,3,3,10,Delhi,North,0.54,9.34,0.58,12392374
3275,2,3,3,1,28,Bengaluru,South,6.28,2.21,5.15,19867581
524,5,4,2,2,24,Delhi,West,5.84,9.09,12.59,4377044
1956,5,5,2,0,12,Pune,East,1.24,3.61,4.76,10605447
2517,3,2,2,3,29,Bengaluru,East,5.01,1.24,8.72,15287580
4334,4,4,3,2,23,Mumbai,South,4.63,2.68,7.06,39531485
4447,1,1,2,1,27,Mumbai,West,2.18,5.69,3.17,37482849
4900,4,5,2,3,2,Chandigarh,East,8.97,4.93,8.55,23103409
1243,2,3,3,1,11,Mumbai,South,3.16,7.33,3.37,11904907
3131,2,2,3,2,18,Mumbai,South,1.98,4.91,13.23,27260526
2164,1,1,3,3,7,Bengaluru,South,8.74,2.35,6.7,13517932
2579,1,1,2,1,14,Pune,Central,7.15,9.29,7.05,12840044
757,2,1,3,1,29,Pune,East,0.54,6.64,3.96,4202230
4375,1,2,1,1,7,Pune,North,1.25,6.39,6.74,22024971
1279,4,4,1,3,10,Bengaluru,East,7.31,2.95,13.78,8544569
2255,4,4,2,0,3,Pune,Central,7.76,4.46,9.83,12363343
1396,1,2,1,1,14,Delhi,West,3.45,1.47,11.03,8869598
742,3,3,2,3,14,Pune,North,5.31,7.68,13.65,4069536
869,4,5,1,0,4,Chandigarh,Central,6.05,0.89,10.11,5160122
2329,5,6,2,1,11,Mumbai,East,5.52,7.83,12.58,20561121
4015,3,3,3,2,28,Chandigarh,East,1.53,8.84,14.63,18106292
4898,5,4,1,3,6,Mumbai,South,3.64,2.81,3.83,46044298
1016,1,1,2,3,12,Delhi,Central,6.68,6.29,12.81,6812011
724,3,2,3,1,0,Bengaluru,West,9.1,4.67,1.36,7617583
4429,2,3,3,2,29,Bengaluru,North,0.85,2.06,8.28,26554446
4442,2,3,2,1,26,Pune,North,4.24,7.14,4.03,23044615
4123,1,2,2,1,21,Bengaluru,East,1.16,4.47,9.83,24165998
3564,1,1,2,2,10,Bengaluru,Central,5.48,9.76,0.87,20916164
3976,4,5,1,3,7,Bengaluru,South,4.54,5.59,5.07,26014321
2742,3,2,1,2,25,Mumbai,South,0.67,3.61,6.04,25127763
1328,4,4,3,2,8,Chandigarh,Central,4.27,8.15,13.44,7197994
3928,3,3,1,1,22,Delhi,South,0.49,0.93,1.8,26491811
4690,1,1,3,0,25,Pune,West,5.08,7.62,4.53,22362366
2872,2,3,3,1,6,Pune,North,8.12,9.92,5.82,14842726
2690,2,1,3,1,2,Bengaluru,South,6.01,5.1,1.12,17072139
2719,2,2,2,3,17,Mumbai,West,2.69,0.9,9.33,23462756
963,3,2,1,1,13,Pune,East,0.78,8.09,0.43,5368298
2295,3,4,1,0,26,Mumbai,East,4.21,6.29,14.28,19789204
1224,1,2,2,2,22,Chandigarh,West,5.34,9.84,9.91,5441309
2196,3,3,1,0,15,Mumbai,Central,3.99,9.03,0.69,19414099
4581,1,2,1,0,20,Mumbai,East,0.88,1.98,2.44,39364003
4000,5,5,2,2,18,Mumbai,West,7.27,0.62,5.11,36626194
4635,1,2,3,1,22,Chandigarh,South,8.44,6.74,4.53,20741764
663,2,1,1,0,4,Chandigarh,North,3.12,2.78,5.18,3141388
907,4,3,3,2,22,Mumbai,South,8.66,0.72,13.7,8912789
4364,4,4,1,2,9,Pune,Central,4.73,2.14,5.47,23609525
2228,5,4,3,0,25,Chandigarh,North,4.68,8.53,1.76,11470367
4024,3,2,1,1,17,Mumbai,Central,8.6,4.48,5.25,36555594
1505,2,2,2,1,19,Delhi,North,7.5,7.91,13.08,9379567
3033,2,2,2,1,24,Bengaluru,East,7.63,9.84,5.8,18907346
901,1,1,1,1,6,Bengaluru,South,4.75,7.64,1.31,4700539
1838,2,2,1,1,0,Chandigarh,South,6.79,5.35,5.02,8771257
3364,2,3,3,1,5,Pune,West,5.18,7.28,6.96,17816107
2328,5,4,1,1,30,Bengaluru,West,1.48,4.48,10.25,16307268
4231,1,1,1,3,9,Mumbai,East,6.16,3.57,5.28,36230756
1852,4,3,1,1,24,Bengaluru,East,3.58,6.08,13.86,12310166
2069,2,2,2,3,2,Pune,Central,7.55,3.59,7.09,12129890
714,3,4,1,3,18,Delhi,North,5.9,2.12,0.48,6073481
3032,5,4,1,1,21,Chandigarh,South,4.11,2.91,9.86,14668079
1713,2,2,1,0,18,Bengaluru,North,4.22,7.8,7.52,9992998
3756,1,1,1,1,25,Pune,West,1.79,4.85,12.74,18019589
3948,1,1,3,1,20,Delhi,North,4.49,6.01,13.32,24735445
1451,5,6,1,3,9,Mumbai,West,7.64,6.33,5.23,15779842
2283,2,2,2,3,12,Mumbai,Central,0.81,4.05,1.65,20902712
3282,1,1,3,3,0,Mumbai,Central,5.93,2.45,3.27,29050988
4854,2,1,3,0,0,Pune,South,6.86,4.42,14.6,24587848
1897,5,5,2,1,0,Pune,West,1.4,8.42,3.44,11707971
3337,5,6,3,3,28,Chandigarh,South,7.78,8.86,12.94,14958880
2444,5,4,1,3,25,Bengaluru,West,4.16,6.27,3.25,16142676
2782,3,4,2,2,27,Delhi,West,4.62,2.57,8.57,18666002
1687,5,5,2,2,6,Mumbai,East,9.54,0.35,2.5,17442555
2576,3,3,2,2,21,Mumbai,East,2.62,3.15,3.75,23799812
3725,5,5,3,0,24,Delhi,South,0.84,2.54,2.83,25653469
4997,4,5,1,3,28,Bengaluru,South,5.63,1.11,8.8,32233789
3032,5,6,1,0,15,Delhi,East,3.67,7.01,4.4,21643343
3560,2,3,2,3,27,Mumbai,Central,5.57,9.97,12.4,31682833
4616,5,6,3,0,20,Delhi,South,2.53,7.87,2.04,32298847
1990,3,3,1,3,1,Delhi,East,8.08,3.18,10.82,14481583
2551,4,3,3,2,9,Chandigarh,East,5.87,8.9,10.53,12127384
1796,2,3,3,1,8,Pune,Central,8.63,2.16,10.32,9203839
4363,3,2,1,1,5,Pune,South,5.01,9.88,8.44,22160303
2914,1,1,1,0,25,Bengaluru,North,9.18,7.48,8.82,16227484
1811,4,3,2,1,18,Pune,South,7.09,5.05,0.5,10009750
3527,5,6,2,3,25,Delhi,South,6.83,1.86,11.1,24660936
4042,2,2,1,2,5,Mumbai,South,3.15,0.33,10.5,34498336
2994,1,1,1,1,2,Bengaluru,East,4.24,4.21,9.56,18138465
2846,3,2,3,1,18,Chandigarh,South,5.82,6.46,11.87,12765671
4823,2,2,2,0,10,Chandigarh,North,1.21,4.66,3.36,22754832
2942,3,3,2,2,19,Pune,Central,0.61,6.0,1.98,15884002
4287,5,6,2,3,26,Chandigarh,South,3.71,3.12,6.36,20015333
3129,3,2,1,2,27,Mumbai,West,4.09,9.04,7.06,27377016
1210,1,1,2,1,9,Mumbai,East,5.34,1.27,12.7,9536521
2168,5,5,2,3,20,Pune,South,2.45,5.79,14.08,12171687
1697,5,6,1,2,8,Pune,North,9.84,2.08,14.99,9977892
4942,2,2,2,3,15,Pune,West,0.73,3.71,9.71,24970859
892,2,1,3,1,1,Pune,North,9.27,9.29,0.32,6691178
3018,3,4,1,2,23,Pune,North,3.08,1.14,3.28,16062880
992,1,1,1,1,7,Bengaluru,South,8.16,6.74,2.2,6445976
4450,2,2,2,3,25,Mumbai,South,1.4,5.99,4.79,38942558
694,3,4,1,2,30,Chandigarh,East,4.08,4.59,11.07,2797185
2896,5,5,1,3,15,Chandigarh,West,0.85,2.18,6.53,14471327
4391,5,5,1,0,0,Chandigarh,North,8.27,5.42,9.93,20222439
2597,4,4,2,2,19,Bengaluru,West,5.6,6.74,1.44,17232500
915,1,1,3,2,30,Pune,South,7.49,2.63,8.23,4669869
1431,2,1,1,3,4,Mumbai,Central,1.13,2.14,5.32,13871673
3745,1,1,2,3,2,Mumbai,South,6.73,9.74,0.98,33384478
1004,2,3,2,2,18,Bengaluru,North,7.51,2.24,0.4,6320007
1100,2,1,3,0,29,Bengaluru,North,8.87,4.89,0.31,7087708
4284,5,5,1,1,29,Delhi,Central,6.1,3.58,12.72,29677407
4398,4,5,1,1,7,Bengaluru,West,7.78,8.46,7.43,27406737
4223,3,2,2,2,12,Chandigarh,North,6.1,0.61,13.86,19518674
3227,1,1,3,3,17,Pune,South,8.07,7.62,14.9,15470701
3300,2,1,3,0,27,Mumbai,Central,8.06,7.59,3.21,28048560
1714,3,2,1,0,10,Bengaluru,South,3.64,8.89,10.49,10303366
1924,2,1,1,2,17,Chandigarh,West,6.21,4.15,11.59,8651128
4702,4,4,3,3,2,Chandigarh,South,7.06,3.84,1.17,22813099
1311,1,1,3,3,13,Pune,West,2.95,6.63,4.39,7299771
1184,3,4,3,3,16,Bengaluru,North,7.44,9.02,9.92,8477086
4877,3,4,1,0,13,Pune,Central,6.34,9.71,3.92,25128474
2857,1,1,3,3,22,Mumbai,South,4.45,4.67,2.33,23828791
4884,3,4,3,0,20,Pune,South,6.24,3.58,7.22,24740176
1478,3,4,3,0,12,Delhi,West,7.64,8.93,4.9,11510240
4133,1,2,2,1,25,Delhi,Central,6.8,2.66,11.66,25560829
1053,2,1,2,2,7,Delhi,North,6.33,5.24,1.22,7627057
3333,4,5,2,0,26,Mumbai,South,2.95,4.57,0.43,30204385
3159,5,6,2,1,4,Bengaluru,South,3.88,5.42,12.56,20893132
3057,4,4,1,3,16,Chandigarh,North,8.15,9.11,1.31,14743863
991,1,1,3,1,6,Bengaluru,South,2.45,1.2,5.77,6776323
3124,4,4,2,2,26,Pune,South,7.87,6.74,3.27,16594426
4478,4,4,2,2,12,Pune,East,1.41,3.76,6.55,23767870
1899,4,3,3,0,11,Mumbai,East,6.94,4.96,12.57,17104980
3492,2,2,2,3,11,Chandigarh,Central,1.42,5.94,9.26,16492122
2564,1,2,2,2,22,Mumbai,West,4.11,10.0,4.06,21121905
2067,1,1,2,2,14,Mumbai,North,7.66,6.69,6.81,17546786
863,2,2,1,0,30,Chandigarh,Central,7.94,6.41,0.69,5107673
1942,1,1,2,1,18,Mumbai,East,2.06,4.13,13.0,15022756
4941,3,3,3,1,10,Pune,North,3.19,3.03,4.76,26104059
900,3,2,1,2,15,Pune,East,8.12,2.2,8.99,5602582
1587,4,5,1,3,6,Pune,South,9.03,0.53,7.05,9085586
4963,1,1,1,0,24,Bengaluru,North,5.62,1.01,14.27,28672433
1135,2,3,1,1,27,Chandigarh,East,6.79,4.19,14.59,5225543
2608,2,1,2,3,17,Pune,East,5.88,3.16,13.32,13396949
2203,1,1,3,0,23,Mumbai,West,4.77,7.57,8.65,18215866
2005,1,1,3,0,17,Mumbai,East,7.07,7.31,10.96,16885281
1086,2,3,3,1,7,Pune,Central,1.49,0.24,0.43,6527315
3065,1,1,3,1,3,Chandigarh,East,4.59,6.14,3.05,14403068
4726,3,4,1,0,2,Bengaluru,North,9.83,5.33,8.46,29945416
4159,2,3,1,2,21,Pune,West,9.24,5.16,14.1,20427422
2424,1,1,1,1,9,Delhi,East,1.67,9.34,11.7,15734801
3742,4,5,2,0,11,Chandigarh,East,1.43,6.59,10.14,17804451
4561,1,1,3,0,30,Pune,North,6.98,1.7,7.56,22156739
4884,2,1,3,1,5,Delhi,Central,7.44,4.28,10.93,33013998
577,4,4,3,3,21,Delhi,West,9.38,2.29,5.49,5284836
3152,4,4,3,1,4,Bengaluru,Central,2.05,4.62,3.22,20180179
1099,2,2,3,0,7,Mumbai,North,7.89,8.54,12.69,9711143
2519,1,1,3,2,4,Delhi,East,0.72,1.02,1.03,16324795
1311,2,2,2,1,3,Bengaluru,South,0.29,4.3,5.39,8420241
948,5,4,3,3,17,Delhi,South,1.51,8.42,10.52,7331795
2821,1,1,1,2,10,Mumbai,South,7.79,6.31,4.53,23842667
3787,1,1,1,0,13,Pune,East,0.37,2.7,2.98,18765879
582,2,2,3,0,13,Delhi,East,3.36,1.58,14.12,3456897
4434,2,2,3,3,5,Pune,North,5.69,6.1,5.41,23590813
2304,5,4,2,1,13,Delhi,South,8.94,3.58,5.5,17393510
1578,5,6,2,1,19,Bengaluru,North,0.3,1.22,11.87,10628618
671,5,5,1,3,23,Delhi,East,0.35,7.27,14.24,5961967
2286,2,2,3,2,0,Delhi,East,3.22,9.83,9.78,16245852
856,3,4,2,2,4,Delhi,West,6.25,8.42,7.59,7162831
1026,5,4,1,2,12,Bengaluru,East,6.95,1.24,1.88,8181515
4307,2,2,1,0,23,Pune,Central,6.47,1.31,10.5,21465204
875,2,2,3,0,21,Delhi,North,6.42,2.09,11.34,5166089
1660,2,2,1,3,13,Chandigarh,West,0.37,4.58,0.41,8344091
2531,2,1,1,3,15,Pune,North,9.26,6.92,11.78,13467368
2216,4,4,1,3,26,Bengaluru,Central,8.14,3.6,9.27,14667374
866,2,1,3,0,20,Bengaluru,North,9.02,7.99,14.44,4699314
2303,3,2,3,2,25,Delhi,North,2.21,8.97,8.65,14847458
1395,4,5,2,3,8,Pune,West,7.81,4.28,2.91,9521854
2786,5,5,2,2,14,Mumbai,North,5.56,5.75,8.15,26115678
3993,5,5,2,2,24,Chandigarh,South,4.07,7.95,1.6,20060893
1033,2,3,1,2,22,Pune,South,7.87,2.55,5.25,5201733
2110,3,3,1,0,9,Delhi,Central,9.3,3.14,1.98,14259886
716,5,4,1,3,30,Pune,North,2.87,4.32,6.34,4658449
4335,4,5,1,3,8,Mumbai,West,6.26,8.99,13.72,39641612
901,4,3,3,3,24,Delhi,North,0.9,0.8,13.03,6870904
3587,3,4,1,1,13,Bengaluru,North,2.91,7.14,14.45,21978031
4544,3,4,1,2,18,Mumbai,Central,4.87,7.86,0.28,40878349
4814,1,1,3,0,14,Chandigarh,West,5.77,7.5,0.68,20903267
3062,4,5,2,3,16,Mumbai,East,5.11,6.28,2.43,29377102
553,3,2,3,2,0,Mumbai,West,2.56,4.96,11.05,4864016
4864,4,5,1,1,1,Pune,North,4.87,6.06,7.73,25102373
917,5,4,3,3,29,Chandigarh,North,8.49,5.64,12.55,5959385
1517,3,2,3,0,23,Bengaluru,East,1.76,5.7,4.02,10073360
3067,4,3,2,1,19,Pune,North,1.86,2.98,4.54,17044779
4283,1,1,2,3,16,Chandigarh,West,9.38,5.01,11.77,18524857
1793,2,1,1,2,28,Chandigarh,West,6.48,9.11,6.19,8113739
2403,4,4,3,3,22,Bengaluru,Central,8.14,1.79,3.48,15445803
4465,1,1,3,0,21,Chandigarh,West,7.13,3.93,6.8,19831222
3644,5,4,2,0,11,Bengaluru,North,8.82,4.12,6.34,24346833
2927,1,2,1,1,6,Chandigarh,South,8.58,1.78,8.89,12831026
3334,4,5,3,2,21,Pune,East,0.64,4.32,6.7,18195020
2420,4,5,1,1,6,Pune,West,9.69,4.56,8.65,13186215
785,5,5,1,2,15,Chandigarh,Central,2.66,3.46,8.63,4728241
4543,3,3,3,3,22,Delhi,Central,9.66,1.35,2.17,30388754
537,4,3,1,3,18,Delhi,North,2.84,9.26,0.66,5348870
4853,1,2,1,3,16,Pune,West,5.99,8.45,6.07,24442679
4502,3,4,3,1,24,Pune,West,1.62,1.85,1.03,23115515
1236,2,3,1,0,11,Delhi,East,3.01,6.11,3.84,8036644
2551,1,2,3,0,1,Pune,South,2.38,8.29,13.92,12567696
2394,5,6,1,1,17,Chandigarh,West,6.9,5.69,10.24,11935817
977,5,6,1,1,20,Mumbai,Central,9.95,5.45,5.07,11280451
1900,4,3,3,0,1,Bengaluru,Central,3.42,4.14,4.24,13694914
2457,1,1,1,3,10,Bengaluru,East,9.12,1.33,13.64,14138772
1719,3,3,2,0,1,Pune,South,4.06,1.53,12.58,9275365
4347,5,5,1,2,3,Delhi,South,8.09,5.9,8.28,30779950
4691,1,1,2,2,26,Bengaluru,East,9.77,8.66,3.86,27949055
791,2,1,1,2,9,Mumbai,East,2.07,8.89,12.49,6473396
1709,3,2,1,1,23,Chandigarh,South,6.88,8.81,7.46,8950944
585,1,1,2,3,29,Bengaluru,Central,8.39,6.97,14.84,2639399
3806,4,3,2,2,15,Delhi,West,0.62,0.49,6.25,26653346
4169,1,2,3,3,5,Pune,South,7.35,3.56,4.35,21773164
2501,2,3,2,3,14,Chandigarh,West,2.31,9.95,11.59,12397216
3317,4,4,1,2,17,Chandigarh,East,4.1,4.04,12.16,16001003
3324,1,1,1,2,6,Chandigarh,South,8.03,0.44,12.43,15521852
2807,4,3,1,1,26,Mumbai,North,7.97,5.4,2.71,25162478
3109,1,2,2,3,19,Pune,North,2.81,9.96,9.38,16214591
3980,1,1,3,1,19,Mumbai,Central,3.0,6.95,1.29,34671408
4472,2,2,3,1,17,Bengaluru,Central,3.12,8.11,11.65,26583221
4909,3,2,2,0,14,Bengaluru,East,6.71,1.85,13.55,30242377
1669,4,5,2,1,5,Pune,Central,7.42,2.83,1.25,9837934
1139,2,2,3,3,28,Delhi,East,2.42,6.63,11.45,7983078
917,4,4,3,1,10,Bengaluru,South,5.08,1.24,1.87,7764954
1443,4,4,3,1,12,Chandigarh,North,4.86,8.62,11.05,7378143
1915,2,2,1,2,22,Bengaluru,North,0.5,8.02,4.66,12321677
4355,1,2,2,0,0,Chandigarh,South,6.82,5.57,4.24,19472693
2055,4,3,1,0,2,Mumbai,North,7.84,4.99,2.99,19452028
3897,5,4,2,0,2,Chandigarh,South,3.11,8.55,11.11,19626710
1801,3,4,3,0,9,Pune,West,0.84,6.35,7.48,9281077
1108,2,3,1,0,0,Bengaluru,South,9.19,9.38,12.34,7607128
717,3,3,1,3,16,Mumbai,West,6.14,3.9,10.88,8157910
814,2,2,3,2,30,Pune,East,9.55,5.28,14.8,3846942
979,5,6,2,1,25,Mumbai,East,4.29,6.6,6.05,10860735
4959,5,6,2,3,17,Chandigarh,North,7.77,7.18,10.76,24230341
4269,3,2,2,2,23,Delhi,West,3.87,8.58,7.04,28426486
2548,5,5,2,3,5,Mumbai,East,7.51,5.27,11.02,24427708
4431,5,5,3,1,29,Mumbai,South,5.66,8.22,6.03,39988036
1745,5,5,2,2,8,Pune,Central,1.99,2.13,2.22,10635322
4973,1,1,2,1,8,Delhi,North,1.22,9.78,11.33,32210212
2227,2,3,2,2,9,Bengaluru,North,3.18,4.93,3.05,14078074
3945,1,1,2,3,2,Mumbai,West,4.76,1.1,1.58,34507674
3267,4,3,2,1,18,Mumbai,West,1.32,1.42,9.66,29144726
2310,2,1,3,0,6,Delhi,West,9.1,0.4,3.55,15536408
3939,4,5,1,1,29,Pune,East,9.25,5.43,7.96,20503780
4801,4,4,2,2,28,Mumbai,Central,4.63,5.34,3.37,41736670
4279,1,1,1,2,2,Bengaluru,North,7.96,6.13,8.01,26975295
3850,1,2,1,1,2,Mumbai,East,4.51,0.22,11.03,32632595
4147,5,6,2,2,6,Pune,East,7.22,7.62,2.25,23330510
2202,5,6,1,1,6,Chandigarh,East,3.7,2.08,1.19,10900290
2721,3,3,1,2,5,Pune,East,0.55,6.11,8.91,15271219
2961,3,4,3,0,29,Mumbai,West,3.98,9.28,2.46,25594505
4631,3,2,3,2,1,Chandigarh,North,9.01,3.14,7.36,20918752
978,1,2,2,0,27,Chandigarh,West,9.44,5.03,3.22,4830149
3184,1,1,3,1,26,Delhi,North,6.86,8.43,14.68,20240643
771,3,2,1,3,3,Mumbai,Central,9.84,9.07,3.12,9252593
3180,4,5,2,3,3,Chandigarh,North,0.59,2.72,14.03,15718776
796,1,1,3,0,20,Mumbai,South,5.28,3.98,11.87,5167888
1266,3,2,1,0,6,Delhi,West,5.76,7.84,5.17,10301904
3407,3,3,3,2,5,Pune,East,3.73,5.03,8.1,17578973
3490,1,2,3,1,18,Delhi,North,6.41,7.43,10.47,21667453
1571,3,3,1,2,0,Bengaluru,East,7.86,8.5,4.12,10357013
4759,3,3,3,0,25,Delhi,West,2.74,8.95,2.39,31854261
4239,2,1,3,3,24,Chandigarh,West,0.26,8.26,3.67,19958796
2035,1,1,3,3,21,Bengaluru,North,8.89,4.91,13.72,12673562
3866,4,3,3,3,24,Pune,Central,7.88,9.17,14.77,20404619
4559,4,3,1,3,13,Delhi,East,5.62,5.64,7.28,31249517
3645,1,1,3,3,23,Pune,South,9.7,9.65,4.63,18640630
4201,5,6,3,1,27,Delhi,East,7.39,3.02,6.01,29481716
1500,5,5,3,2,25,Mumbai,East,5.81,1.78,9.2,15953405
2407,5,4,1,1,20,Bengaluru,West,4.05,2.36,6.77,15869401
1279,4,5,1,0,9,Delhi,South,4.65,5.56,2.1,10228066
1562,1,1,2,1,14,Chandigarh,South,6.08,6.22,12.82,6498042
3491,1,1,3,3,3,Pune,North,3.91,8.86,0.7,19092758
2917,1,1,2,0,18,Delhi,East,1.76,9.32,6.59,18754646
3904,2,1,3,2,23,Delhi,Central,7.72,4.95,6.19,25605342
560,3,2,3,1,3,Chandigarh,East,8.22,1.99,11.37,3580009
2438,3,3,1,3,6,Delhi,Central,0.61,9.12,13.88,17353602
4100,4,3,3,1,8,Delhi,North,6.73,8.23,8.87,28085545
3817,1,1,2,0,6,Delhi,North,6.92,6.53,9.07,24297502
1248,5,6,1,0,24,Pune,West,9.01,1.89,6.17,7004266
4549,1,1,1,1,15,Mumbai,North,7.15,6.06,0.84,38283859
4816,4,3,1,1,30,Delhi,Central,6.38,7.34,12.35,31221802
4126,5,5,2,3,20,Mumbai,South,6.19,5.41,9.5,37808817
2339,2,2,2,1,12,Mumbai,East,8.18,2.19,10.77,20681704
2946,5,5,3,0,0,Pune,South,0.49,7.79,12.73,15448274
3100,3,2,2,1,8,Mumbai,East,4.91,1.29,3.97,28096597
2130,3,3,2,1,2,Bengaluru,East,5.35,1.29,14.56,13601751
3764,2,1,2,0,10,Bengaluru,East,4.94,7.78,3.61,22831177
1944,2,1,2,1,12,Delhi,Central,7.91,4.46,5.09,12813264
643,2,3,1,3,23,Chandigarh,South,2.15,0.89,2.05,2881067
3330,5,4,3,3,18,Mumbai,South,8.02,9.44,9.16,31352822
534,3,4,3,3,12,Chandigarh,North,9.71,5.61,14.47,2698131
3529,2,3,3,0,11,Chandigarh,West,4.7,5.96,3.01,17262387
2620,2,2,1,2,29,Bengaluru,West,5.7,3.06,2.76,16167426
2902,3,4,1,1,0,Chandigarh,East,3.95,9.67,11.93,13365500
1810,2,3,3,1,15,Delhi,West,0.62,7.58,14.13,12014993
1970,5,5,2,2,10,Delhi,South,6.14,2.28,8.39,15101248
623,1,1,1,2,25,Pune,North,4.84,6.53,4.0,3373901
2215,4,4,3,1,16,Mumbai,South,3.48,6.7,8.97,20548906
3061,1,2,3,3,2,Delhi,East,4.26,3.84,0.27,20848854
3684,2,3,1,1,24,Bengaluru,South,6.21,1.55,7.87,21990225
4152,5,5,2,0,11,Chandigarh,Central,3.4,8.44,2.42,20646474
1143,1,1,1,3,18,Pune,West,1.85,6.7,10.99,6300366
4751,4,5,3,1,0,Delhi,East,6.94,2.47,2.72,33448872
1887,5,5,1,2,8,Chandigarh,South,0.78,4.86,7.3,10129102
2873,4,4,2,1,12,Mumbai,West,2.97,5.7,0.43,26703335
3329,1,1,2,0,8,Bengaluru,South,5.74,7.57,11.9,19481282
3383,5,6,1,2,5,Delhi,Central,9.35,8.74,10.21,24287189
3660,5,6,3,1,19,Delhi,Central,6.59,2.78,3.64,26080365
572,5,6,2,1,15,Pune,East,7.03,2.45,5.12,4353607
1526,4,5,3,0,21,Bengaluru,East,1.86,4.92,7.58,9203610
1233,5,4,1,1,19,Mumbai,South,2.5,4.41,3.66,13058163
4552,5,5,3,1,28,Delhi,South,4.01,5.83,7.78,31048629
2416,4,5,3,1,18,Delhi,South,3.17,1.07,10.84,16306953
893,5,5,2,3,29,Pune,North,5.62,7.42,5.07,6167475
4615,1,2,2,2,25,Pune,South,9.77,2.33,1.19,23240068
4233,2,1,1,3,23,Delhi,West,2.42,4.63,13.4,27567246
889,5,4,1,2,15,Mumbai,North,4.81,3.54,8.88,10279872
4207,5,5,1,3,25,Delhi,East,9.44,6.87,2.95,29667014
2418,2,1,1,1,7,Pune,West,1.13,0.35,12.61,12155539
3322,1,1,1,3,2,Delhi,West,2.08,3.35,2.74,22425813
3386,3,4,3,1,26,Mumbai,West,8.8,5.45,7.28,30339214
4185,5,4,2,3,5,Pune,West,9.28,8.93,5.08,23093566
4618,4,4,1,0,11,Pune,Central,7.8,5.34,9.15,24069033
4974,5,4,1,1,4,Delhi,East,8.33,5.78,13.3,34453369
1377,5,5,1,2,24,Bengaluru,East,6.98,7.3,0.63,10497334
1131,5,6,1,1,6,Chandigarh,South,7.49,6.28,1.98,6779931
2930,5,4,1,1,27,Mumbai,Central,8.32,6.07,5.52,26154196
1620,2,3,3,1,17,Pune,Central,4.95,1.58,1.16,8546423
4940,2,3,2,1,9,Mumbai,Central,3.02,8.26,6.53,42629643
1339,4,3,2,0,12,Chandigarh,Central,5.34,7.8,11.1,7045648
1391,3,2,2,0,2,Bengaluru,East,8.77,2.27,12.41,7895129
1364,4,5,3,2,28,Delhi,North,8.68,4.76,0.64,10159633
846,4,3,3,0,28,Mumbai,East,8.38,8.36,11.81,8047715
1469,4,5,1,0,18,Pune,East,3.56,3.15,4.41,8882760
2859,1,2,2,1,14,Chandigarh,East,2.18,7.52,5.57,13524962
1646,5,4,3,0,27,Mumbai,Central,1.84,3.99,11.89,15423040
3443,3,4,3,0,11,Chandigarh,West,2.1,4.69,14.8,15490413
1632,3,3,2,3,16,Pune,Central,8.44,6.77,2.34,8864700
896,1,1,1,3,4,Bengaluru,West,5.57,3.7,6.52,5311584
1151,2,1,3,0,19,Pune,East,6.0,9.95,13.27,5871010
1018,5,4,3,0,1,Mumbai,North,9.54,3.95,9.49,11641689
1461,1,1,3,0,18,Pune,East,7.9,2.16,8.49,7377461
2932,3,3,3,3,25,Bengaluru,Central,8.5,2.89,6.51,18571399
2579,5,5,1,1,26,Delhi,West,9.17,3.93,9.04,18451122
4627,5,6,1,3,1,Mumbai,East,0.44,6.12,6.58,43454626
4188,3,3,2,1,26,Bengaluru,East,3.51,1.35,0.4,26303547
1360,5,4,3,0,21,Delhi,East,0.8,1.23,3.79,10673729
2776,4,4,1,3,25,Delhi,East,1.63,2.92,2.15,20005572
650,4,3,2,3,30,Pune,East,5.18,4.86,14.07,3506537
3750,3,2,1,1,2,Chandigarh,West,1.11,8.25,2.71,19059628
2299,2,3,1,2,26,Delhi,East,2.76,5.31,7.1,15359336
4496,5,6,2,0,11,Delhi,South,1.29,5.16,9.14,30617252
1020,4,3,2,2,5,Chandigarh,East,4.47,3.02,11.84,6052377
1436,5,5,1,1,19,Mumbai,North,4.85,7.66,6.78,15534601
2343,1,1,1,3,23,Delhi,North,5.91,7.13,8.8,15420964
1129,4,5,3,0,11,Chandigarh,South,1.77,6.97,14.43,6121992
1039,1,1,1,1,2,Bengaluru,East,9.09,7.9,1.54,6950085
4815,3,4,2,1,6,Bengaluru,South,4.23,1.22,0.97,31141973
1607,4,3,1,3,0,Bengaluru,Central,0.87,6.72,6.12,13008394
2886,5,5,2,1,30,Bengaluru,East,8.0,8.52,12.32,18273031
552,3,3,2,2,2,Mumbai,Central,7.38,5.28,0.91,7000546
632,3,3,1,2,18,Chandigarh,South,2.8,0.96,10.87,3384165
1939,3,4,1,1,4,Mumbai,West,4.73,9.76,0.73,19227428
2116,2,3,1,0,26,Delhi,East,3.37,3.85,7.83,12978998
2409,1,1,1,0,13,Delhi,East,9.01,2.21,10.15,14776874
929,4,3,2,1,2,Chandigarh,North,9.78,6.86,14.56,5499048
3662,1,2,2,1,23,Delhi,East,4.99,7.96,13.11,22775208
1355,1,1,1,2,19,Chandigarh,Central,9.86,4.37,7.65,5279814
4816,3,2,3,0,5,Delhi,North,0.45,2.13,4.36,32618533
1251,5,5,2,3,11,Bengaluru,West,7.61,0.69,2.81,10636852
2887,3,4,2,3,4,Bengaluru,East,5.99,8.95,14.75,17880084
2722,1,1,3,2,28,Delhi,Central,5.33,7.42,7.47,16335943
1464,2,2,2,3,11,Delhi,Central,7.04,6.11,8.27,9736509
2046,5,4,3,3,27,Bengaluru,South,0.64,4.0,6.3,14046731
1205,2,2,2,3,4,Bengaluru,Central,2.97,4.65,5.51,8462470
1877,2,1,3,3,23,Chandigarh,South,5.38,8.93,1.07,9656349
2067,4,5,2,3,20,Pune,South,6.05,1.88,9.84,11315371
3889,2,2,2,3,15,Chandigarh,West,8.67,0.81,14.3,16895298
3530,4,4,3,2,5,Mumbai,South,0.75,6.06,5.86,32637279
4106,4,3,2,0,17,Chandigarh,East,9.35,0.29,8.43,19286070
1956,2,3,3,2,2,Chandigarh,East,5.63,4.89,7.21,9415271
3059,2,1,2,0,7,Pune,South,3.33,3.15,6.8,15303234
4319,1,1,1,2,26,Bengaluru,North,0.95,8.85,12.14,25776082
4439,4,5,2,2,20,Bengaluru,Central,4.73,0.47,1.13,28333506
768,2,3,1,0,27,Pune,South,5.8,2.6,12.37,3658828
4471,4,5,1,2,8,Pune,West,4.23,2.68,1.41,24622320
886,5,6,2,1,22,Mumbai,South,3.46,7.0,6.3,9394134
1561,4,5,2,0,26,Chandigarh,East,4.48,6.04,12.82,7273762
4019,2,1,2,2,21,Chandigarh,East,3.34,4.27,14.78,18197186
841,3,2,2,0,21,Delhi,East,8.25,3.44,9.51,5399883
1645,3,3,2,2,13,Bengaluru,East,5.79,8.85,5.27,10980177
2104,4,3,2,0,24,Mumbai,East,2.77,8.19,3.0,19099443
2362,4,5,1,1,25,Chandigarh,South,1.24,8.31,4.85,11608117
802,3,4,1,1,16,Chandigarh,Central,1.01,9.0,13.5,4396685
2780,1,1,1,1,6,Chandigarh,North,6.21,1.91,6.66,12700072
2234,5,5,2,1,30,Mumbai,Central,0.26,1.71,7.53,20500068
4441,3,4,3,2,30,Chandigarh,Central,2.45,6.54,12.1,20337646
3656,1,1,3,2,30,Mumbai,West,0.4,4.03,4.79,31020675
3546,2,1,3,2,25,Chandigarh,South,1.15,7.2,8.69,16345380
523,2,3,1,3,30,Bengaluru,Central,9.68,4.96,7.22,3346151
1752,3,3,1,3,20,Pune,Central,7.54,9.25,0.24,11149784
2551,5,4,1,3,25,Pune,East,4.42,4.28,5.3,14269232
929,4,3,3,1,14,Delhi,Central,5.31,7.9,6.64,7015335
3346,5,5,3,1,6,Bengaluru,Central,5.66,3.45,13.01,22449154
2521,2,1,1,1,28,Bengaluru,West,0.63,1.22,12.48,15604107
3794,1,1,3,0,18,Chandigarh,East,6.62,3.52,1.87,17087861
4324,4,5,3,0,4,Delhi,South,8.31,9.23,3.39,29896969
2981,3,3,3,1,25,Pune,Central,8.56,5.32,8.58,15524770
1807,1,1,3,1,25,Mumbai,North,5.92,6.43,3.19,14361678
1732,2,1,1,3,28,Bengaluru,East,2.28,3.62,3.26,11592433
2525,1,1,1,3,30,Chandigarh,North,7.22,7.74,1.64,11839402
4187,3,3,1,2,27,Pune,North,2.33,8.31,4.34,22355529
2223,5,4,3,3,5,Bengaluru,West,5.87,3.82,0.41,16510192
642,1,1,3,1,28,Delhi,South,7.28,9.57,0.37,3717160
2950,5,4,3,0,18,Mumbai,South,6.6,2.38,7.42,28060750
1620,1,1,3,3,12,Bengaluru,East,3.85,3.06,1.37,10156902
3537,3,4,3,1,3,Delhi,South,4.33,7.27,7.59,24899376
597,2,1,2,1,1,Bengaluru,West,6.05,1.0,13.36,3844443
4483,4,4,3,0,19,Bengaluru,Central,2.06,9.19,0.34,28983958
2580,5,6,2,3,18,Chandigarh,Central,3.42,1.35,14.76,13153935
1070,4,3,1,2,28,Delhi,West,8.25,6.42,0.23,8446099
2047,5,6,2,2,23,Bengaluru,Central,7.65,7.99,11.85,14610583
3363,1,1,1,1,10,Mumbai,West,7.5,2.93,13.19,27901385
2012,5,5,3,1,27,Pune,East,1.96,7.24,11.82,10655521
3387,2,1,2,3,29,Pune,West,0.46,3.45,10.97,17675600
3676,2,1,3,1,16,Chandigarh,North,1.98,7.66,13.81,16043668
2108,4,5,1,3,9,Mumbai,North,2.52,6.75,3.67,20418792
4695,4,3,1,1,30,Bengaluru,Central,7.01,9.66,13.07,28718666
4475,4,3,1,3,10,Chandigarh,North,6.77,9.87,7.55,21035561
4794,5,4,3,1,28,Chandigarh,West,6.73,5.61,14.2,22330267
593,2,1,2,1,7,Delhi,Central,0.54,9.42,4.34,4019948
1319,5,6,1,3,15,Pune,North,7.19,4.8,14.43,8569378
2628,3,4,2,2,8,Chandigarh,West,3.3,7.2,8.73,12073194
1681,3,4,3,2,28,Mumbai,East,8.36,1.8,8.59,15403480
1679,2,3,3,3,13,Bengaluru,North,5.11,7.0,11.23,10262032
562,5,5,1,3,6,Bengaluru,North,9.5,7.07,5.76,5430718
3251,5,6,1,1,22,Mumbai,South,6.55,6.58,11.84,29428519
4229,3,2,1,2,29,Pune,West,2.83,4.5,2.76,22500064
3270,3,4,1,0,22,Pune,West,8.97,4.34,2.74,16590877
3189,3,3,1,0,29,Mumbai,West,1.82,4.14,5.43,27753588
913,4,5,1,3,17,Mumbai,East,7.74,7.87,5.4,10682326
948,2,1,1,2,26,Chandigarh,Central,6.89,7.86,12.17,3688496
3424,1,1,1,2,22,Bengaluru,East,7.38,7.51,1.49,20491766
1678,2,2,1,0,3,Chandigarh,East,7.74,9.69,10.59,6605165
4998,4,3,1,0,20,Chandigarh,West,9.92,3.65,10.39,23699077
4997,3,2,3,3,16,Mumbai,East,2.03,8.35,8.82,43825095
4991,5,4,2,2,4,Chandigarh,Central,9.92,6.71,10.03,24411245
2056,5,6,2,2,2,Mumbai,South,1.66,1.99,10.71,20697648
2979,4,4,2,2,6,Delhi,South,0.75,2.7,1.54,22089382
3863,2,1,1,2,15,Chandigarh,South,1.73,6.13,4.5,17736701
3847,3,4,3,1,24,Delhi,West,5.43,2.05,9.57,26175374
2748,1,2,2,0,5,Delhi,East,7.74,2.5,10.53,17690767
1546,4,4,2,1,20,Bengaluru,South,7.15,6.92,14.34,10440787
1548,2,1,3,1,15,Chandigarh,Central,3.44,0.85,10.87,6405643
1065,5,4,2,1,26,Delhi,North,3.85,0.75,1.8,8924954
3545,3,4,3,1,26,Mumbai,North,5.11,9.33,11.19,31003797
2656,4,4,3,2,29,Delhi,North,5.44,3.29,11.72,18395828
3328,2,2,2,0,13,Mumbai,West,5.44,6.91,11.71,28476906
1971,2,2,2,0,8,Chandigarh,South,8.23,2.56,1.48,9013200
2879,2,2,3,2,23,Chandigarh,North,6.37,8.51,4.14,12705942
2542,2,3,3,3,17,Pune,South,2.08,3.13,7.41,12998393
1493,3,2,1,2,28,Bengaluru,South,5.52,0.39,10.58,9538140
1234,5,5,3,1,12,Bengaluru,South,1.61,1.1,1.26,9451901
2774,3,2,1,0,24,Bengaluru,Central,8.24,6.27,8.53,16097815
4580,5,4,2,2,15,Pune,West,8.98,7.69,4.83,24852152
1549,1,1,1,1,27,Delhi,West,6.09,5.97,12.6,8643887
2427,2,3,3,1,10,Bengaluru,West,1.86,8.67,10.57,15357212
2250,5,5,1,3,12,Pune,North,0.64,9.99,4.65,13025538
4034,1,1,1,1,25,Chandigarh,East,1.33,9.96,7.18,17190707
2443,2,2,1,1,25,Bengaluru,Central,7.46,5.68,11.69,13775133
2833,5,6,3,0,19,Pune,West,5.14,3.68,4.03,14623313
1780,2,1,2,0,23,Pune,Central,1.42,5.93,11.03,7670806
4756,5,4,1,3,21,Chandigarh,West,0.96,4.58,6.01,23041358
1401,5,5,2,3,22,Chandigarh,North,2.74,8.16,1.02,8139051
2114,5,6,2,0,7,Pune,East,5.0,9.4,0.55,11491268
4135,2,3,1,3,15,Pune,Central,0.56,8.85,11.43,20597484
1708,1,2,1,2,14,Mumbai,Central,8.02,4.3,14.78,13540761
3488,1,1,3,3,0,Pune,East,6.67,9.71,3.85,18301022
3352,3,4,3,2,23,Bengaluru,East,5.3,9.99,0.85,21973343
4553,4,3,3,0,23,Delhi,West,4.36,0.79,14.49,30793235
522,1,1,3,3,6,Chandigarh,North,6.37,6.86,2.08,3038218
3742,3,3,2,0,1,Pune,South,8.2,0.52,2.91,19709968
2638,1,1,2,2,17,Pune,Central,0.91,8.16,13.54,13160172
3814,4,3,2,3,24,Bengaluru,Central,7.75,6.37,11.33,23296370
3049,1,1,1,3,23,Mumbai,East,5.98,2.46,4.27,26025816
4529,4,4,2,2,2,Mumbai,South,9.74,8.01,15.0,41543805
1850,3,2,2,1,26,Delhi,East,3.55,4.13,13.06,11724860
3461,1,1,1,3,7,Mumbai,East,5.14,4.15,12.13,30193519
977,1,2,1,0,30,Chandigarh,Central,8.12,8.14,5.08,4777359
2031,4,4,3,2,6,Bengaluru,Central,9.58,3.06,11.77,12849032
3658,4,4,2,3,22,Bengaluru,North,6.58,4.39,9.61,24156824
658,2,3,2,3,24,Chandigarh,East,8.36,7.42,2.96,3338339
4349,1,1,1,0,18,Mumbai,South,0.44,1.53,4.99,36244380
4242,5,5,1,2,14,Delhi,East,8.58,8.15,1.42,30251713
3661,1,1,2,3,15,Chandigarh,Central,2.18,7.27,8.42,16647847
805,4,5,3,2,5,Mumbai,West,7.4,8.0,12.26,9169418
2669,2,2,1,0,26,Pune,Central,1.97,5.07,0.42,13310951
4417,3,3,2,0,23,Chandigarh,South,8.36,7.12,9.99,19640029
2553,5,4,2,0,17,Bengaluru,Central,9.66,2.86,9.39,16130417
2166,2,1,2,0,12,Chandigarh,Central,4.57,0.95,14.21,9687310
816,5,6,2,3,5,Bengaluru,South,9.65,5.58,6.93,6942625
2207,1,1,2,2,11,Mumbai,East,8.54,1.02,12.97,19400860
4054,1,1,3,2,30,Bengaluru,West,2.58,7.02,7.3,24446567
3423,4,3,2,0,9,Chandigarh,South,6.21,8.9,13.05,16230549
665,1,1,1,1,13,Delhi,East,7.79,1.12,4.68,3842254
3219,2,3,2,1,20,Mumbai,West,5.96,6.25,0.89,29911157
2038,2,3,3,3,2,Mumbai,West,4.15,9.96,3.34,19333949
2316,4,5,2,3,27,Pune,North,4.73,4.56,10.71,11971688
3968,5,5,3,3,8,Pune,Central,3.06,8.96,9.98,22560963
1265,3,2,2,1,6,Delhi,South,3.68,4.41,11.21,8804517
2219,1,1,3,3,0,Pune,South,7.34,5.37,1.67,11432885
4839,3,4,1,3,9,Delhi,East,0.69,7.15,7.65,32889619
3748,2,3,3,3,15,Chandigarh,Central,9.73,1.06,7.7,18043707
3256,2,1,2,1,18,Chandigarh,North,7.74,8.14,11.75,13275184
4517,3,2,3,0,22,Mumbai,Central,3.92,7.9,8.9,39249862
2742,5,5,2,2,3,Pune,Central,5.95,5.02,7.12,15181305
2016,3,2,3,0,17,Delhi,Central,4.48,9.03,14.86,13176393
3480,3,2,2,2,23,Bengaluru,East,5.25,9.89,4.62,22244990
1209,1,2,2,0,13,Mumbai,South,2.27,1.75,8.57,9777883
3044,3,4,3,3,3,Bengaluru,West,6.76,7.42,12.6,18205056
3669,2,3,1,3,22,Chandigarh,Central,3.1,1.45,6.14,16763454
4668,3,2,2,0,25,Bengaluru,East,3.52,6.79,11.68,28145452
835,3,4,2,2,11,Mumbai,East,0.77,8.74,13.19,8855098
1406,4,4,1,1,25,Mumbai,West,5.7,2.85,4.9,13391731
4990,4,5,1,1,10,Bengaluru,North,9.45,8.92,8.89,31174555
2604,2,1,3,2,28,Pune,West,2.44,0.22,7.75,12935039
3015,2,1,3,1,25,Bengaluru,Central,8.51,6.19,13.81,17969609
3273,5,5,3,2,27,Mumbai,South,3.86,6.31,10.0,30108485
4901,5,5,1,1,14,Pune,West,3.98,8.22,8.19,25668654
3724,3,4,3,3,24,Pune,Central,0.51,5.65,10.43,20155008
3223,4,4,2,2,21,Pune,South,8.05,0.45,6.66,17664834
3061,3,3,2,1,19,Mumbai,South,9.22,6.92,12.86,26688960
4186,5,5,3,2,6,Bengaluru,South,3.28,9.29,14.95,27260986
3289,1,1,1,3,28,Bengaluru,South,9.47,5.51,10.94,19689557
2805,2,1,3,3,27,Bengaluru,West,4.57,5.45,14.48,17423228
2752,3,2,2,1,18,Chandigarh,North,0.96,7.17,10.03,13159656
4921,4,5,2,2,20,Bengaluru,North,4.49,2.98,7.73,31318621
2708,5,4,2,1,5,Bengaluru,East,5.9,4.77,2.45,18509016
4507,5,6,2,0,12,Pune,Central,7.92,5.86,11.28,23374495
2093,3,2,3,0,21,Mumbai,South,7.63,4.84,4.08,19105620
1398,1,2,1,1,17,Chandigarh,East,1.87,5.8,12.14,5917006
3227,5,4,3,1,8,Pune,West,0.34,0.44,10.29,17521733
3111,5,5,3,3,21,Pune,South,6.31,3.47,4.9,17224088
3919,1,1,2,0,25,Delhi,East,3.66,4.66,3.02,25172012
1246,2,1,1,0,30,Chandigarh,East,9.57,9.9,9.59,5789540
2709,5,5,1,0,0,Pune,North,9.94,8.14,10.01,15710906
4084,3,4,1,3,4,Bengaluru,North,5.83,8.75,4.48,25277345
4291,1,1,3,3,20,Bengaluru,South,1.01,9.67,9.34,26196224
2384,4,3,1,2,11,Chandigarh,South,0.91,2.46,4.32,12247268
4952,3,4,1,2,3,Mumbai,West,6.54,9.48,2.31,44648492
1028,4,4,2,0,9,Delhi,Central,3.0,0.68,7.65,7060840
2609,1,1,1,0,6,Pune,West,8.86,4.17,3.93,13492677
4606,3,4,1,0,27,Mumbai,West,7.69,2.59,1.69,40635622
1505,1,1,2,0,19,Mumbai,North,8.29,9.42,3.58,11929044
4517,5,6,3,0,1,Mumbai,Central,6.25,7.93,1.17,41345246
3026,1,2,3,1,6,Pune,West,8.62,8.71,14.18,14219250
1418,4,5,3,0,16,Bengaluru,East,6.89,0.66,7.69,9629992
3955,1,2,3,0,21,Chandigarh,East,2.96,5.97,14.5,16464847
3902,3,4,1,3,3,Mumbai,Central,0.47,6.29,11.55,34870754
2555,2,1,3,0,25,Delhi,East,3.48,6.29,9.64,16191159
4472,2,2,1,2,9,Mumbai,East,9.21,1.76,2.72,39865027
3764,5,5,2,3,12,Pune,North,8.84,5.99,9.94,20660250
2252,4,5,1,3,16,Pune,East,6.43,2.88,6.12,13091468
4356,5,5,3,3,26,Delhi,South,7.92,9.87,9.27,30593633
3516,4,4,1,3,4,Chandigarh,Central,7.27,9.28,7.49,17496321
1208,1,1,2,2,25,Bengaluru,North,8.77,6.47,1.74,6218460
998,4,3,3,1,20,Delhi,South,3.65,1.62,2.07,7080721
2051,1,2,2,0,9,Bengaluru,South,1.89,2.27,5.13,12347151
4312,5,4,3,2,26,Pune,Central,4.18,7.49,11.8,22875249
693,4,5,3,1,15,Delhi,East,4.04,9.39,9.4,5499859
2647,1,1,3,1,25,Mumbai,South,4.38,5.81,6.45,21914706
3239,1,1,2,1,4,Bengaluru,West,6.46,2.73,8.36,19832604
3425,3,4,3,2,2,Chandigarh,West,1.46,3.21,11.96,17114347
1859,1,1,3,3,10,Pune,West,5.19,0.4,10.74,9140815
2417,1,2,2,1,30,Chandigarh,North,4.79,3.57,7.18,10654564
4427,1,1,1,0,16,Mumbai,North,8.36,8.01,6.24,36821043
646,2,1,1,0,30,Bengaluru,Central,7.94,9.83,6.36,2766265
1070,3,2,2,0,19,Delhi,South,4.44,8.84,7.07,7666271
4170,3,3,1,1,27,Chandigarh,West,5.75,2.38,5.0,19232689
1354,4,5,1,1,4,Chandigarh,Central,3.45,1.49,11.77,7000825
1651,3,4,2,0,12,Bengaluru,North,4.51,0.38,12.04,10819355
2363,3,3,3,2,23,Pune,Central,1.43,0.43,11.21,12244476
1684,2,1,3,1,29,Delhi,East,2.38,3.5,13.64,10904165
547,4,4,1,3,2,Mumbai,South,6.47,1.97,5.85,7400856
3014,2,3,3,2,28,Pune,South,0.53,2.72,13.84,15050557
3862,5,5,1,3,1,Chandigarh,North,3.89,6.55,13.67,18621106
2817,2,3,2,2,3,Delhi,West,1.59,6.96,12.19,19259115
3446,2,2,3,3,19,Bengaluru,South,1.42,4.39,7.9,21680233
3692,2,1,1,2,26,Chandigarh,West,1.45,4.89,7.96,17429835
1890,3,3,2,3,11,Chandigarh,East,3.59,6.48,3.47,9468769
2626,3,4,2,1,10,Mumbai,North,4.59,2.25,7.16,23013343
2233,5,6,1,1,3,Bengaluru,West,2.9,5.3,0.4,15809090
1748,2,3,1,1,30,Bengaluru,West,3.54,0.65,8.06,10428016
1155,1,2,3,3,8,Pune,Central,4.93,8.51,14.13,5584063
4360,4,5,2,1,24,Mumbai,Central,0.85,8.67,4.85,39560901
2210,2,3,2,2,30,Delhi,North,0.88,5.03,8.56,14102965
2317,4,5,3,1,26,Mumbai,South,9.59,7.05,8.95,21200216
2368,2,3,2,2,7,Mumbai,East,1.94,5.75,14.05,20147524
4165,5,5,2,1,10,Mumbai,Central,2.38,4.36,1.21,39009126
4458,1,1,1,3,11,Chandigarh,South,7.04,9.06,3.84,20242702
1328,4,4,3,3,0,Pune,West,6.06,3.37,5.59,8116447
3957,3,4,3,0,16,Chandigarh,Central,2.89,5.89,11.03,18479238
3482,1,2,3,3,5,Mumbai,West,9.67,6.75,7.89,31030484
1182,4,4,2,3,11,Mumbai,South,1.52,7.61,1.89,13568606
1168,5,6,1,2,28,Pune,Central,5.01,7.87,14.64,7317530
4791,1,1,2,1,17,Bengaluru,North,2.15,3.63,10.68,28544761
1163,4,5,3,0,2,Bengaluru,West,7.06,2.48,12.19,7480939
829,2,2,2,0,24,Bengaluru,North,8.7,7.11,5.47,4315590
1440,5,4,2,3,16,Delhi,North,8.15,7.85,12.93,11538245
1064,3,4,2,1,8,Bengaluru,North,6.69,7.25,7.25,7312172
2766,1,1,3,3,28,Mumbai,South,6.45,4.17,1.85,23000957
914,2,2,1,1,2,Bengaluru,East,5.99,4.01,2.86,6094186
4581,3,4,2,0,15,Pune,West,6.54,2.09,7.63,23198356
4963,1,1,2,3,3,Mumbai,West,7.64,0.78,1.04,42910962
4258,1,1,3,1,25,Pune,North,9.52,3.81,7.57,20667913
766,3,2,1,2,20,Delhi,West,9.39,0.59,6.66,4550655
3984,1,1,2,0,11,Chandigarh,West,5.63,4.74,6.78,18050439
2622,5,6,2,2,12,Mumbai,East,0.34,1.48,11.49,25588567
2816,1,2,1,0,9,Chandigarh,East,1.37,6.37,6.01,12341043
4623,3,3,2,3,13,Chandigarh,South,8.14,9.52,13.48,21312816
854,2,1,1,0,23,Bengaluru,North,9.43,8.99,13.42,4936372
3640,1,1,3,1,19,Pune,North,5.07,2.22,0.67,19173308
3127,5,5,2,0,17,Delhi,East,2.74,5.78,12.2,21574883
2009,1,1,3,2,14,Pune,South,6.84,4.56,10.98,9052895
3928,1,1,3,0,12,Delhi,South,0.26,5.34,2.47,24633507
1521,3,2,2,0,19,Pune,East,6.72,2.74,14.55,7455036
968,3,3,1,1,19,Delhi,North,9.61,5.83,1.62,6796807
3742,2,1,3,2,28,Mumbai,South,3.3,3.04,14.53,30710580
737,3,3,1,0,29,Pune,North,5.48,6.1,10.97,4031180
3129,4,3,1,2,11,Bengaluru,South,6.71,4.34,5.43,19707123
992,1,1,3,2,12,Chandigarh,East,1.54,6.17,4.56,5156968
1629,4,4,2,2,21,Pune,West,2.52,0.49,8.14,8322658
4767,2,1,3,3,4,Pune,East,6.64,4.12,11.03,24869497
3864,1,1,1,0,7,Delhi,Central,7.45,6.57,9.93,24178146
1523,5,6,1,1,23,Bengaluru,North,1.5,9.5,0.27,10765570
2737,5,5,1,0,13,Delhi,West,5.11,4.74,5.92,19897253
4082,2,3,2,2,4,Pune,South,1.2,2.71,6.02,21015196
4970,3,3,2,3,9,Chandigarh,South,2.37,6.24,10.76,23709964
4625,4,3,3,3,2,Mumbai,North,7.86,2.31,7.36,41934402
4916,2,3,3,3,27,Mumbai,South,3.02,8.72,0.95,43472756
1378,2,1,1,2,12,Bengaluru,Central,4.45,1.15,1.65,8799136
1167,5,4,1,2,4,Pune,East,5.01,7.87,1.64,8151507
4481,5,6,3,0,4,Bengaluru,South,5.42,3.44,9.7,27373359
2341,1,1,3,2,25,Delhi,South,2.73,6.33,7.18,15114032
3141,2,2,1,0,5,Bengaluru,East,8.86,8.75,3.1,19952172
1385,2,3,1,3,26,Bengaluru,South,3.93,5.4,1.46,8611024
1315,5,5,3,0,15,Pune,South,3.8,1.6,9.0,8807929
1804,1,1,1,3,29,Delhi,West,1.94,8.88,13.47,10881550
2775,5,4,1,0,1,Bengaluru,North,4.95,3.61,2.54,18390569
3728,1,2,3,3,30,Delhi,North,6.17,9.43,14.52,24076175
2382,3,2,3,0,21,Chandigarh,Central,2.28,2.4,3.06,11828984
2795,3,4,2,0,5,Delhi,South,2.82,3.94,0.4,20147727
1068,3,2,3,2,7,Chandigarh,North,8.07,3.88,13.47,5514548
3626,3,2,3,0,25,Pune,North,8.11,9.75,10.23,18216915
4679,3,3,2,1,6,Chandigarh,North,5.05,5.01,10.09,21919585
1501,3,4,1,3,4,Bengaluru,West,2.68,1.94,3.78,10668797
1164,1,1,2,3,2,Chandigarh,Central,3.24,7.74,8.47,5659425
4706,1,1,1,2,10,Bengaluru,Central,4.52,9.99,2.0,28974111
1101,3,2,3,2,29,Chandigarh,South,3.82,3.1,9.15,5642507
1938,4,3,1,1,16,Delhi,South,4.63,3.14,5.19,13306197
3653,2,3,3,1,18,Chandigarh,West,9.63,5.04,6.23,16973156
3437,5,5,2,2,27,Pune,South,2.47,9.61,9.17,18860089
2544,3,4,2,3,7,Delhi,West,5.95,4.24,4.83,18451642
1593,5,6,2,0,16,Chandigarh,Central,6.37,5.84,2.24,8081874
2013,2,2,3,1,16,Pune,West,8.79,1.66,8.82,10950917
4529,3,4,1,2,12,Delhi,West,1.91,8.58,0.7,30689283
4277,3,3,1,0,26,Bengaluru,Central,8.31,3.74,3.54,26253007
1547,2,1,2,1,15,Delhi,South,4.14,1.03,6.37,10705264
1223,1,1,3,1,7,Mumbai,North,8.83,4.26,5.47,10075182
4545,5,5,1,1,27,Mumbai,West,6.71,0.87,10.23,40373310
4149,3,2,3,2,10,Delhi,North,0.86,6.78,9.16,28106266
4674,1,1,2,0,9,Delhi,West,4.72,8.64,6.34,29969594
830,4,3,2,1,13,Bengaluru,West,5.36,1.81,5.22,6681133
1098,1,1,1,1,24,Pune,South,8.42,9.22,0.81,5242345
4766,3,3,3,2,4,Delhi,South,2.09,4.49,3.91,31791094
4750,1,1,2,0,7,Delhi,North,7.23,7.72,0.91,31468079
3379,2,1,2,3,29,Bengaluru,South,5.55,3.13,11.4,20548699
1623,2,1,2,0,15,Bengaluru,South,9.4,6.61,11.35,9639771
4992,5,5,2,2,17,Mumbai,East,6.54,8.92,12.94,43882127
1982,5,5,2,1,0,Pune,North,9.03,1.05,5.72,11735098
2331,2,2,3,0,2,Bengaluru,South,4.17,4.4,10.83,14004726
1675,4,3,2,1,13,Mumbai,Central,8.67,6.43,14.11,15583666
2047,3,2,1,2,20,Pune,North,3.79,3.36,5.28,11158468
4412,1,1,2,0,6,Mumbai,East,3.8,2.71,5.2,37752382
1936,1,1,1,0,28,Delhi,North,4.33,1.18,14.02,10521094
1080,2,2,1,1,16,Delhi,South,5.37,6.04,14.91,5915252
2828,4,3,1,1,7,Bengaluru,West,9.05,2.53,10.52,18524283
2379,2,3,2,2,24,Pune,South,9.27,1.2,12.3,11864090
2807,4,5,2,2,24,Bengaluru,South,5.75,3.69,11.01,18336504
537,4,3,2,3,17,Delhi,South,8.83,8.17,10.26,6000194
4591,5,5,1,0,27,Mumbai,East,8.9,8.33,1.34,41928912
1474,5,4,1,0,12,Bengaluru,North,4.56,8.09,4.47,10704546
4078,2,2,3,3,29,Pune,East,5.04,7.28,5.92,20782806
2199,4,3,3,0,26,Chandigarh,North,4.41,2.74,6.32,10645803
2548,3,3,3,2,26,Bengaluru,North,5.69,4.03,1.27,16896708
1092,3,3,3,2,26,Delhi,West,2.49,2.64,11.85,7107191
1408,2,3,3,3,6,Pune,South,1.85,4.92,2.17,8035379
4533,2,3,1,1,25,Bengaluru,South,9.48,3.14,6.46,26847801
2661,1,2,1,1,17,Bengaluru,South,2.16,4.25,11.37,16185075
1808,4,4,1,0,11,Mumbai,Central,5.15,0.27,12.18,16637863
3540,5,5,2,2,16,Pune,North,4.59,0.87,11.01,19467559
1043,4,3,1,2,11,Pune,South,7.95,8.34,4.48,6017525
3796,2,1,2,2,5,Pune,South,7.03,1.53,14.11,18940864
2827,2,1,1,2,23,Delhi,North,5.14,8.71,9.95,18965641
3859,3,3,3,3,28,Pune,West,0.87,8.0,1.23,21001838
827,5,6,3,3,21,Delhi,West,5.74,9.67,12.32,7829408
1058,4,3,2,0,27,Mumbai,Central,7.2,9.03,4.39,9581987
1561,4,4,1,1,18,Bengaluru,East,3.93,4.87,5.42,10776004
4609,2,3,1,2,9,Delhi,Central,0.39,3.67,7.25,30182897
626,5,6,3,3,11,Mumbai,East,1.62,8.48,12.37,8387098
2280,4,3,3,2,4,Bengaluru,East,6.49,1.76,13.43,15334385
4370,5,4,1,2,24,Mumbai,North,0.26,5.04,9.48,40611184
3591,5,5,3,2,24,Bengaluru,East,6.54,3.3,12.71,23833225
3110,1,1,2,2,20,Pune,North,2.93,6.12,5.84,15681139
4943,5,6,3,2,21,Bengaluru,South,7.55,2.86,2.58,31679204
3353,4,4,2,3,30,Mumbai,Central,8.63,7.32,3.3,30886370
1213,4,4,1,0,30,Chandigarh,East,7.56,9.07,9.75,5714022
3439,3,4,3,2,25,Bengaluru,West,2.15,9.4,3.56,22175163
3909,3,4,1,3,26,Bengaluru,Central,9.23,7.95,13.68,23772889
2206,3,4,3,0,3,Delhi,East,5.26,5.73,10.59,16087898
4563,2,2,2,1,8,Chandigarh,Central,5.94,0.22,7.14,21123602
893,5,4,1,0,17,Pune,Central,1.39,4.73,3.61,5765761
1734,5,5,1,1,27,Bengaluru,Central,8.77,9.31,12.6,10558212
1660,4,4,1,0,28,Mumbai,Central,1.75,9.22,5.16,14951982
4630,3,2,1,3,1,Delhi,West,8.15,7.54,12.18,31154363
3200,3,4,3,3,25,Delhi,East,9.14,4.48,7.37,20915679
1744,5,6,3,2,0,Chandigarh,South,0.99,8.74,3.78,9689454
1482,5,6,3,2,7,Chandigarh,South,8.43,7.69,11.51,7456542
928,3,4,1,1,0,Mumbai,South,6.83,7.37,11.03,9299072
2791,4,5,1,0,0,Pune,Central,6.87,9.12,2.51,15612940
1721,4,3,2,0,8,Chandigarh,North,8.03,7.65,2.59,9264918
1860,4,5,2,0,28,Bengaluru,West,8.96,6.67,10.7,12412196
1157,5,5,1,3,19,Bengaluru,West,8.68,4.39,9.02,9165449
1384,5,4,2,1,4,Bengaluru,Central,7.13,8.74,11.49,9913796
618,5,5,3,2,25,Chandigarh,East,6.3,8.71,0.71,3923758
1703,5,5,1,1,2,Pune,West,1.0,7.46,5.14,10252752
1957,3,2,1,3,17,Pune,West,4.97,6.33,0.62,10496676
1260,3,3,2,2,15,Chandigarh,North,7.49,3.82,9.49,7706780
1360,2,1,1,1,2,Delhi,Central,9.5,0.88,10.81,9109339
4366,1,1,2,3,7,Pune,East,5.49,4.7,2.91,22463264
4576,1,1,2,1,13,Mumbai,West,8.17,3.02,1.93,38969923
907,3,3,3,2,7,Bengaluru,Central,3.94,0.26,7.08,7631902
898,5,5,1,0,24,Bengaluru,West,0.69,0.57,7.27,6743189
1266,3,3,2,2,7,Chandigarh,North,7.81,4.01,5.43,7013017
579,1,2,1,2,7,Pune,South,3.77,6.99,2.36,3368051
4498,1,1,2,3,22,Delhi,South,7.38,1.83,11.31,29780656
1786,2,1,1,2,13,Chandigarh,West,0.49,6.32,14.85,8276429
2861,5,6,3,1,28,Chandigarh,West,2.86,5.14,1.54,14305846
1043,4,5,2,0,21,Pune,Central,5.54,4.93,10.25,5986389
3140,1,2,3,3,0,Chandigarh,South,4.26,1.17,6.34,14784372
903,1,2,1,3,0,Pune,South,4.99,7.66,13.17,4541073
612,1,1,1,2,7,Mumbai,North,7.54,4.3,6.66,5844481
2259,4,3,1,1,15,Bengaluru,Central,2.77,7.07,13.74,14696088
1507,4,3,1,0,30,Bengaluru,East,9.57,8.37,1.7,10560748
2307,2,1,1,3,25,Chandigarh,North,2.17,6.5,13.64,10358903
2786,2,3,3,2,22,Mumbai,Central,4.73,6.02,14.7,23097994
3302,5,6,2,0,20,Bengaluru,Central,9.71,4.72,0.4,21858761
2246,2,1,1,1,20,Chandigarh,North,4.45,0.2,12.3,8965717
739,4,4,2,2,15,Pune,North,3.47,8.14,9.45,5763044
1982,4,4,3,3,9,Mumbai,West,5.43,4.21,13.47,20098715
1404,5,5,3,3,27,Chandigarh,East,9.46,4.46,7.65,7664416
3871,1,2,2,1,23,Bengaluru,Central,0.6,7.83,9.09,22764105
3568,3,2,1,2,7,Mumbai,South,9.42,0.92,10.85,31507371
4821,5,6,1,0,24,Pune,East,3.91,9.5,9.07,24554325
976,1,1,1,2,4,Mumbai,South,1.65,1.12,6.47,8637181
3975,5,5,1,1,18,Mumbai,Central,9.74,5.17,12.74,35447627
2661,1,1,3,3,25,Pune,South,9.19,7.62,9.37,13345802
2968,2,3,2,0,3,Mumbai,South,4.32,0.34,12.51,25416884
715,4,3,2,2,26,Chandigarh,South,7.95,2.67,10.93,3762839
1612,2,3,2,2,29,Pune,East,5.03,0.9,10.95,8795014
2828,4,5,3,0,22,Delhi,South,8.87,0.37,9.75,18760458
599,3,3,2,2,26,Chandigarh,South,0.76,7.81,11.63,2994609
3517,5,4,3,1,24,Bengaluru,West,0.37,4.87,12.09,21873623
4803,1,1,1,2,23,Bengaluru,South,4.04,4.21,5.06,29021981
710,3,4,2,0,2,Chandigarh,West,8.11,8.86,2.69,3790278
1585,5,5,3,3,21,Chandigarh,South,3.22,3.18,4.95,8841058
3096,4,4,2,0,9,Chandigarh,Central,7.19,6.52,14.44,14536854
4561,2,3,1,2,19,Delhi,North,8.2,4.75,9.19,29011862
3956,4,5,1,3,29,Pune,West,1.49,1.32,12.3,19975708
2532,1,2,2,1,22,Delhi,North,7.67,8.17,5.28,16845856
1772,3,2,1,1,30,Chandigarh,Central,6.54,5.76,13.49,7608882
1188,3,4,3,1,11,Mumbai,West,8.63,4.38,7.33,10961043
1041,1,1,3,1,7,Delhi,Central,1.51,5.75,4.47,6925228
2253,3,3,3,2,27,Chandigarh,North,2.37,3.46,12.76,10242749
4038,2,2,2,3,26,Pune,East,8.98,8.36,0.34,21661498
1438,1,1,2,2,10,Pune,North,9.56,4.48,2.28,8654691
2637,1,1,2,2,28,Chandigarh,West,7.6,4.69,5.22,11971338
545,4,3,3,3,4,Chandigarh,South,3.98,0.22,2.66,3313120
4443,4,4,1,0,10,Bengaluru,West,0.82,0.73,1.47,29087548
768,2,2,3,0,22,Delhi,South,1.3,9.12,7.27,5027535
4547,2,3,3,1,2,Bengaluru,South,2.17,1.81,1.21,28092992
3075,2,1,2,3,6,Delhi,North,4.89,9.74,11.39,20732403
3948,4,5,2,0,23,Delhi,West,3.8,0.4,11.01,25819760
708,4,4,1,3,25,Mumbai,North,2.59,7.46,12.17,8249318
1995,3,3,1,3,25,Bengaluru,West,2.71,7.82,5.5,13299056
1107,1,2,2,3,5,Pune,South,1.03,0.98,3.32,6094651
1591,2,1,3,2,22,Delhi,North,2.16,3.73,1.61,10287501
2480,2,2,2,1,4,Pune,Central,4.86,8.84,14.15,12322151
2865,5,5,2,0,29,Mumbai,West,9.41,1.23,4.97,27037391
684,5,5,2,1,11,Pune,East,2.55,1.87,1.81,5218579
1123,1,1,2,2,30,Mumbai,South,4.1,3.97,2.05,9309658
4334,3,3,3,1,1,Chandigarh,West,2.2,6.7,6.2,21129202
2275,3,2,2,0,26,Chandigarh,West,6.29,8.15,8.69,10509723
1054,4,5,3,0,14,Chandigarh,Central,9.68,1.58,8.25,5350634
3293,2,3,2,0,21,Pune,East,1.02,9.32,3.08,17322044
3795,2,1,2,0,30,Bengaluru,Central,1.79,9.85,8.53,22615192
3535,1,2,2,1,6,Bengaluru,North,6.88,4.58,14.51,20733069
1969,1,1,2,0,16,Delhi,East,1.89,1.45,4.04,12363295
1859,5,5,2,1,2,Delhi,Central,7.59,2.81,12.05,14283115
1455,5,5,2,2,15,Mumbai,East,9.2,6.9,0.59,15824681
3442,3,2,3,1,3,Pune,Central,5.59,5.13,11.66,18121440
4240,3,4,3,1,13,Pune,West,0.31,8.29,4.45,22686573
4628,3,4,1,0,25,Delhi,North,2.76,0.78,14.28,29511016
1751,3,3,2,1,22,Delhi,East,2.49,9.96,14.52,10671760
2202,3,4,3,1,29,Pune,East,7.08,8.72,9.21,11858099
1365,5,4,1,3,23,Mumbai,East,0.74,1.69,1.06,13713110
3024,4,5,3,3,28,Bengaluru,Central,1.88,7.48,6.58,19968118
4668,4,3,1,1,6,Mumbai,West,1.9,9.3,1.11,42611697
2218,2,3,2,1,11,Pune,South,6.04,2.48,8.52,10528190
2938,3,2,1,0,9,Bengaluru,South,8.98,8.28,9.19,18988207
3069,3,4,1,0,23,Pune,East,0.57,9.02,4.08,16154589
3993,5,6,1,1,19,Pune,East,5.47,6.55,7.06,20986047
1331,5,4,3,2,7,Bengaluru,South,4.9,3.31,5.99,10257133
836,1,1,3,1,6,Chandigarh,Central,4.88,9.24,5.83,4417105
1375,2,2,3,1,1,Chandigarh,West,5.52,6.21,9.91,6639106
2535,4,4,1,2,26,Chandigarh,North,6.27,4.54,1.52,13299820
3778,5,5,1,0,16,Delhi,South,4.53,4.24,4.63,26325225
4427,4,3,1,1,23,Mumbai,East,8.51,9.23,13.53,37853938
2374,2,1,2,0,24,Chandigarh,South,6.15,5.4,8.95,11025361
4720,2,1,2,3,13,Delhi,Central,9.82,5.34,3.28,31521557
2735,2,1,3,0,9,Mumbai,South,5.53,7.07,14.57,24256722
2671,1,1,1,1,27,Delhi,South,5.83,7.91,10.14,15838816
1840,5,6,2,3,3,Delhi,North,8.4,3.29,9.74,14023974
1216,1,1,2,0,17,Delhi,South,9.98,8.12,9.59,6595847
3166,3,4,3,2,5,Mumbai,East,4.79,6.82,4.86,28792521
3625,1,1,3,1,4,Mumbai,Central,0.32,7.22,6.38,31100641
1535,3,4,1,1,28,Pune,Central,4.32,9.46,4.54,9149012
2612,4,4,1,3,4,Pune,North,7.11,3.28,2.74,14571247
904,4,4,3,0,22,Delhi,East,3.09,7.55,12.65,6905440
3792,3,2,3,3,6,Bengaluru,North,6.28,6.3,6.95,24262049
1674,2,1,2,0,21,Chandigarh,West,4.43,9.59,5.51,7833086
4700,1,2,1,3,22,Chandigarh,Central,7.93,2.75,7.28,21100429
1823,3,3,1,1,2,Pune,North,3.15,3.34,6.17,9390722
3370,4,5,2,2,18,Pune,West,8.9,4.29,9.83,17012424
4849,5,5,1,2,21,Delhi,East,3.61,7.88,4.51,34140009
1700,4,4,2,1,10,Mumbai,North,9.46,4.26,7.83,15478465
3153,2,2,1,1,17,Mumbai,South,7.96,7.98,5.36,26305060
3927,4,5,2,0,7,Bengaluru,East,7.99,2.2,10.56,24873723
2779,1,2,3,2,8,Pune,North,3.71,8.55,7.46,13965936
3213,3,2,3,3,1,Pune,North,4.39,4.62,1.77,17251362
3146,4,5,3,1,5,Pune,East,5.09,2.43,2.98,16971995
2681,3,3,3,0,11,Bengaluru,South,2.77,2.71,3.48,17926319
3263,1,1,1,3,30,Delhi,Central,5.89,5.42,8.49,20970075
4639,5,4,3,2,27,Chandigarh,Central,3.5,3.32,0.5,22619829
504,5,6,1,1,9,Mumbai,Central,5.99,6.73,8.26,6969362
4664,1,2,3,0,14,Chandigarh,West,3.89,2.53,14.96,21252123
2946,2,2,2,3,16,Bengaluru,South,2.54,0.87,12.89,18346794
3054,2,1,3,2,13,Chandigarh,North,0.43,2.23,10.59,14869823
1440,2,2,3,0,0,Pune,North,3.19,3.47,12.58,7741986
3163,4,3,1,0,28,Bengaluru,South,0.33,9.21,4.51,20198798
1106,4,4,2,2,29,Mumbai,South,6.48,5.65,1.34,11876636
1823,1,2,3,1,19,Mumbai,Central,8.05,6.53,10.87,15417557
1701,5,4,1,2,7,Bengaluru,East,1.1,6.69,12.22,11890655
4135,4,3,1,1,3,Chandigarh,Central,9.82,0.31,7.66,20305824
4761,4,4,2,0,14,Mumbai,Central,5.21,5.26,3.89,42670106
1020,1,2,1,1,10,Delhi,South,7.79,9.05,6.53,6842853
3468,5,6,2,0,21,Bengaluru,North,7.19,7.46,3.61,22399671
4842,5,4,3,1,27,Bengaluru,North,8.01,6.93,11.48,30264811
3486,1,1,2,1,1,Delhi,Central,1.73,7.3,1.01,23076820
2233,2,1,1,2,4,Pune,West,3.23,6.44,4.44,11736284
2749,4,5,2,0,27,Pune,West,7.56,2.14,14.16,13861369
4846,2,2,3,1,12,Mumbai,East,8.32,4.94,7.28,41414033
1206,2,1,2,0,14,Mumbai,Central,2.93,8.11,3.11,10986122
4152,2,2,2,1,29,Delhi,South,9.83,8.49,0.5,26504359
2966,1,2,1,2,18,Delhi,Central,1.32,0.44,9.28,18603918
1110,5,4,2,0,30,Delhi,North,5.51,6.2,8.55,8803195
4056,2,1,2,2,22,Delhi,South,3.82,4.1,9.54,26453857
1689,5,5,1,2,25,Pune,West,8.28,5.9,13.55,9505717
582,1,1,2,0,28,Pune,Central,6.52,6.58,13.34,1955798
2753,5,6,1,2,8,Chandigarh,North,0.83,2.72,3.72,13810109
3324,4,3,3,0,27,Mumbai,North,5.47,5.64,1.62,30512209
1675,3,2,2,2,3,Mumbai,Central,8.66,1.33,13.71,15067154
1153,4,3,1,2,17,Pune,North,5.33,9.47,13.69,6037495
3623,2,3,2,0,27,Pune,Central,2.68,2.05,11.44,17569465
2692,3,4,1,0,8,Pune,West,5.47,3.04,2.49,14096003
861,2,3,3,2,19,Bengaluru,Central,9.28,9.68,8.89,5809862
4328,2,2,3,2,23,Pune,South,6.9,8.2,11.36,21317157
4295,2,1,1,2,29,Bengaluru,East,5.03,6.94,6.22,26057943
711,1,2,2,3,6,Mumbai,West,8.95,3.34,6.89,7195006
3056,3,2,1,2,14,Delhi,West,2.1,0.87,9.4,21355039
1224,2,1,2,1,11,Delhi,South,9.45,1.21,6.82,8379773
2371,4,4,1,0,29,Mumbai,Central,0.83,7.2,9.47,21006704
3058,4,3,3,0,10,Delhi,East,4.17,0.34,13.36,20379458
4034,2,1,3,3,21,Chandigarh,South,9.93,7.93,5.3,18540206
3570,1,1,1,2,19,Bengaluru,East,2.79,2.97,11.04,20559998
3837,1,1,3,1,20,Pune,West,4.4,2.61,12.23,18631942
4499,2,1,3,1,5,Pune,South,9.29,6.9,13.32,22629729
1192,1,1,1,2,12,Chandigarh,West,4.2,8.87,3.67,5128449
4301,4,5,1,0,19,Mumbai,Central,8.41,3.58,9.4,38853639
1990,5,4,2,2,17,Bengaluru,West,2.8,3.25,5.11,14199294
4337,3,4,3,1,9,Delhi,Central,8.39,7.01,7.08,29545822
3181,1,1,1,1,29,Delhi,Central,2.98,7.66,7.72,20303695
1214,2,3,3,1,17,Chandigarh,West,7.41,8.99,2.28,6039886
2532,5,4,3,3,2,Pune,South,0.88,3.38,4.45,14607602
3214,4,3,3,0,23,Pune,North,9.37,0.21,5.44,17108902
2302,4,3,2,2,12,Bengaluru,East,6.95,5.38,6.19,15285309
1218,5,6,1,0,8,Bengaluru,South,7.24,9.04,1.54,9670871
1541,4,3,1,2,6,Mumbai,West,0.33,5.77,9.04,14764629
3369,2,3,2,2,28,Pune,East,7.76,9.23,6.18,17225603
2513,1,2,3,1,21,Pune,Central,8.4,5.5,2.98,12058044
4792,2,3,2,3,17,Chandigarh,South,9.46,4.33,11.89,21848895
1458,4,5,1,2,13,Pune,West,7.67,1.86,3.89,8971094
4133,5,5,1,2,0,Mumbai,West,9.04,2.98,3.11,39215788
3207,2,2,3,2,15,Delhi,West,7.39,4.11,4.17,20489932
3520,5,5,2,0,15,Bengaluru,North,8.02,1.67,2.0,24391991
2825,1,1,2,3,0,Chandigarh,West,0.61,7.03,12.0,13406942
4216,4,3,2,2,20,Mumbai,South,6.22,9.09,7.42,36624700
872,2,3,2,0,28,Bengaluru,North,2.69,1.59,14.16,4267313
2896,2,3,3,3,8,Chandigarh,Central,2.15,5.67,13.7,13532324
2921,4,5,3,1,17,Pune,South,9.97,6.09,12.88,15570191
4124,3,4,1,1,4,Mumbai,East,2.73,7.21,0.67,36955264
4353,2,3,3,2,15,Delhi,Central,3.61,2.15,9.42,29166948
1434,4,5,1,0,17,Chandigarh,Central,8.17,9.69,3.56,7626492
3266,3,2,3,1,3,Delhi,South,3.15,9.71,11.73,22094846
3561,2,3,3,1,3,Chandigarh,Central,5.58,8.16,8.02,16643701
3460,2,1,2,0,10,Mumbai,West,1.68,3.54,14.79,30021912
4866,4,4,3,0,3,Bengaluru,West,1.22,5.17,10.16,30906199
3543,2,1,1,2,6,Mumbai,Central,2.73,5.17,14.61,29968508
539,1,1,3,1,27,Chandigarh,West,1.65,5.31,10.18,2453923
2429,5,6,1,1,10,Delhi,Central,1.41,0.61,5.12,17759146
2296,1,1,3,2,22,Bengaluru,South,3.44,2.47,2.91,14114145
3547,3,2,2,1,11,Chandigarh,East,5.24,2.56,3.29,16514427
3673,1,1,1,0,24,Pune,South,9.54,6.08,9.4,17619349
2226,4,5,2,2,13,Mumbai,West,7.11,4.75,1.22,21447011
1451,4,4,1,0,30,Delhi,East,7.96,3.97,7.49,10056992
3445,2,2,1,1,19,Chandigarh,East,4.95,7.3,7.77,16075633
4046,1,2,1,0,24,Chandigarh,South,4.34,4.35,0.88,16829508
1057,4,4,3,2,0,Mumbai,South,9.02,0.43,6.78,12273383
4377,2,1,2,2,10,Bengaluru,North,4.87,7.85,1.21,27270586
3404,5,5,2,3,14,Delhi,East,1.02,5.42,5.01,24306755
1325,5,5,1,1,9,Delhi,South,4.38,3.78,3.49,9941823
3249,4,4,1,1,8,Chandigarh,Central,4.45,3.72,13.13,15479682
3234,3,3,2,2,8,Pune,South,0.57,4.28,11.88,16660439
2848,4,4,3,2,3,Delhi,Central,7.74,5.15,5.64,20786980
2430,1,2,2,2,3,Bengaluru,East,4.32,7.46,6.91,14662934
2024,3,3,1,3,0,Pune,North,2.25,8.27,9.73,11708113
1847,3,3,2,0,27,Pune,West,4.65,4.55,13.09,9135825
3758,1,2,2,0,14,Pune,West,3.98,4.62,2.78,18297773
4718,2,3,1,0,9,Delhi,East,5.91,3.45,12.8,30768519
4859,2,1,1,1,26,Delhi,North,3.44,6.76,7.15,31168254
4736,3,4,2,3,10,Chandigarh,East,5.04,4.19,7.43,22185813
1353,4,4,2,0,7,Mumbai,Central,0.84,5.33,13.65,12187645
1003,5,4,3,2,4,Mumbai,Central,6.44,8.11,3.54,11785307
2458,3,2,3,1,29,Bengaluru,Central,2.2,6.76,13.99,13893492
4725,3,4,2,2,25,Delhi,East,2.92,4.13,9.18,31216543
3896,3,2,1,1,4,Chandigarh,Central,8.34,2.2,6.05,19412257
882,3,3,1,1,24,Bengaluru,North,8.92,1.37,2.9,6645902
735,2,3,3,1,9,Chandigarh,South,1.89,7.49,5.43,3365818
2217,5,6,2,0,26,Delhi,South,2.52,7.44,5.76,15297894
3917,4,5,2,1,1,Mumbai,Central,6.09,1.73,6.61,35890192
2432,2,2,2,0,22,Bengaluru,Central,0.74,8.62,10.23,15810810
655,1,1,2,3,16,Pune,Central,6.63,2.73,14.37,2336131
3495,5,6,3,0,16,Delhi,North,0.22,9.09,0.41,24988364
1840,4,4,1,3,10,Mumbai,West,5.97,7.05,4.08,18476398
1376,5,6,3,1,28,Mumbai,Central,6.52,4.16,6.32,13395336
3557,5,4,3,1,10,Bengaluru,East,7.07,2.48,13.77,22211152
3961,3,3,2,3,26,Mumbai,West,2.04,2.01,13.09,34033886
1757,1,1,3,0,28,Pune,South,8.52,3.94,12.37,7363436
4895,2,2,1,2,4,Delhi,West,5.61,8.11,1.74,32997504
517,3,2,1,3,5,Delhi,East,4.4,7.04,10.71,3978760
3003,5,6,1,2,29,Delhi,South,3.32,6.88,11.72,21463664
4687,3,2,2,0,28,Bengaluru,North,6.14,8.91,3.0,28625005
3881,3,3,1,3,11,Chandigarh,East,1.0,9.0,7.07,17736949
2321,2,2,1,0,19,Pune,Central,3.64,7.38,2.25,12481885
3423,4,5,2,3,10,Delhi,West,7.02,2.68,7.2,24531243
1970,1,2,3,2,9,Mumbai,North,2.72,2.32,0.85,17352308
1911,2,1,2,2,20,Mumbai,East,6.38,2.03,8.02,16870146
4267,5,5,3,2,9,Delhi,South,3.8,6.17,7.41,30917980
952,4,5,3,0,15,Delhi,East,8.95,9.95,11.83,7992293
914,1,2,1,1,3,Chandigarh,North,0.24,4.36,2.99,4777299
3394,2,1,3,2,0,Chandigarh,East,0.41,5.27,10.87,16333167
2582,5,6,2,1,30,Chandigarh,South,9.84,5.55,6.18,13399735
3920,4,3,2,2,21,Mumbai,East,3.03,5.31,0.59,36517592
3346,4,5,1,2,0,Bengaluru,South,2.89,6.46,6.56,22936794
2604,1,1,2,1,3,Mumbai,South,4.36,7.91,3.43,22246241
4737,3,2,2,0,7,Mumbai,West,5.47,8.22,12.55,41131651
4986,4,5,2,1,17,Bengaluru,North,1.82,9.89,11.57,30408578
2985,1,1,2,1,18,Pune,West,8.63,8.1,11.32,14898677
1458,2,3,2,3,15,Mumbai,East,7.77,5.21,12.2,12964589
2239,5,5,1,2,3,Chandigarh,South,4.82,9.73,9.75,11662603
3122,1,1,3,2,17,Delhi,West,4.59,3.69,3.74,21137892
2234,2,3,2,3,12,Chandigarh,East,2.32,8.72,4.99,11604848
4868,5,5,1,2,19,Delhi,West,4.84,2.32,3.89,33493243
2977,3,2,3,1,7,Delhi,West,6.9,3.97,6.08,20098568
3561,1,1,3,1,28,Chandigarh,North,4.0,0.8,11.43,14893902
3096,2,3,3,2,25,Bengaluru,North,8.05,5.54,5.52,19075987
3607,4,4,1,2,18,Chandigarh,South,1.62,1.88,7.31,17454815
627,1,2,2,3,12,Chandigarh,West,6.14,1.63,13.18,2663777
2151,2,3,2,0,29,Mumbai,West,6.94,1.99,8.38,17315541
4226,1,2,1,3,20,Pune,North,9.39,9.71,0.5,21690498
3522,1,1,3,3,28,Pune,North,9.83,2.9,11.51,17246421
933,5,4,1,3,2,Chandigarh,North,3.52,5.69,6.7,6500052
3024,5,5,1,1,10,Chandigarh,East,0.42,3.45,13.8,15062516
894,2,1,1,0,13,Bengaluru,West,0.9,2.9,5.18,4484961
2231,4,5,1,1,14,Pune,East,4.84,3.55,8.73,11957698
4490,5,5,1,2,30,Delhi,South,2.17,9.67,14.81,30442167
3332,3,3,3,0,26,Mumbai,West,5.04,6.9,10.85,29521282
864,3,2,3,3,7,Chandigarh,West,0.91,3.17,11.7,4996775
4878,4,4,2,2,24,Pune,South,8.61,3.89,2.21,26385719
3155,3,4,2,1,20,Chandigarh,East,7.6,7.6,1.68,14191187
1487,2,3,2,1,1,Delhi,South,3.34,1.72,5.62,11145272
999,3,4,1,0,17,Pune,West,3.02,8.36,14.19,5014237
1616,5,4,1,1,12,Bengaluru,East,2.02,4.99,2.2,12317535
4277,5,5,2,2,14,Pune,South,7.82,9.22,3.22,23442577
4075,4,3,2,1,23,Bengaluru,West,2.49,5.27,4.44,26084652
2522,1,2,3,2,30,Pune,East,5.74,1.88,4.56,12812159
1827,4,3,2,1,23,Pune,South,3.39,3.9,12.01,9515359
1688,2,2,2,3,11,Delhi,Central,4.84,2.89,11.0,10891773
2093,5,6,2,2,25,Bengaluru,North,4.68,9.3,3.27,15258311
4151,4,3,2,2,21,Pune,South,4.95,6.6,10.77,21856188
4543,1,2,3,0,24,Delhi,East,2.76,6.53,13.81,28032239
3336,2,3,2,3,29,Pune,Central,5.54,3.99,4.36,17557259
2954,4,3,3,2,26,Bengaluru,Central,2.96,1.88,14.11,18862945
4095,2,1,3,0,3,Pune,West,9.02,5.52,2.78,20519387
720,3,2,2,2,4,Mumbai,South,8.94,1.69,14.36,7651863
3051,5,4,2,3,8,Bengaluru,West,2.09,4.75,12.7,19282703
761,2,1,1,2,29,Chandigarh,East,9.2,4.18,8.5,3255015
4974,5,4,2,3,17,Mumbai,North,9.0,6.79,13.13,45459628
4428,3,3,3,2,15,Delhi,South,2.66,1.77,2.97,30499018
4704,2,2,1,2,11,Bengaluru,Central,4.43,9.17,9.76,28431207
4474,2,2,2,3,30,Bengaluru,West,4.7,7.79,5.94,26196711
3345,3,3,2,2,22,Chandigarh,North,3.09,7.75,6.86,15398365
3034,4,4,1,1,23,Mumbai,Central,4.42,1.01,2.64,27492541
1607,1,1,2,2,28,Mumbai,North,1.5,5.48,2.71,12909045
1711,4,5,2,1,6,Bengaluru,Central,2.53,8.95,8.89,11716641
1561,4,5,2,2,19,Delhi,South,1.06,1.95,7.37,11124891
4969,3,3,1,3,4,Delhi,East,6.18,0.64,5.94,33778020
1234,1,1,1,1,22,Chandigarh,Central,2.87,2.66,13.3,4836229
2115,4,4,3,3,4,Mumbai,North,4.86,8.48,7.6,20876159
3562,3,3,3,1,2,Mumbai,North,5.4,2.14,3.42,31795304
4372,5,5,1,1,30,Bengaluru,Central,6.57,4.73,6.21,27842725
2507,3,2,3,2,3,Pune,North,8.57,8.6,7.52,12963227
4916,4,3,3,2,0,Chandigarh,Central,4.8,3.13,5.82,24123513
1860,5,5,3,2,23,Mumbai,East,5.96,1.48,12.22,17885490
770,2,2,2,2,14,Pune,Central,8.48,4.03,11.05,5099321
2525,1,2,1,3,11,Chandigarh,South,5.69,0.96,1.19,12213140
3249,2,2,2,2,19,Bengaluru,West,1.6,9.99,9.94,19991127
4784,1,1,1,1,22,Mumbai,North,7.87,6.72,0.59,40892826
2076,4,4,3,3,6,Chandigarh,East,1.93,3.41,11.71,11001620
2860,1,1,3,3,3,Delhi,Central,8.64,2.15,11.61,18816833
3656,3,4,2,0,3,Delhi,West,4.15,2.05,6.33,24625502
2021,1,1,1,0,16,Bengaluru,Central,1.83,8.5,9.31,11422065
3765,5,4,2,0,4,Delhi,North,2.89,2.71,11.14,26204820
947,5,4,1,2,2,Delhi,West,5.02,8.46,1.93,8701929
793,2,1,2,2,2,Chandigarh,North,7.08,4.31,14.54,4536012
3451,2,3,2,0,18,Delhi,South,8.6,5.73,13.46,22182266
4217,5,4,3,0,28,Mumbai,West,1.84,1.31,13.85,36631326
4477,5,5,1,0,5,Mumbai,Central,6.51,1.87,14.84,39663084
2483,4,3,3,2,6,Pune,East,6.74,1.17,1.6,13722821
1633,3,3,2,2,14,Delhi,Central,3.21,5.37,7.63,11058678
3880,3,4,1,2,14,Mumbai,South,7.81,7.31,11.9,33990998
3500,1,2,2,2,13,Mumbai,North,5.19,2.61,12.83,29917347
2579,1,1,1,2,14,Delhi,Central,1.38,9.24,13.84,16293357
4835,5,6,3,0,16,Bengaluru,West,7.33,9.06,13.43,30350388
4671,3,4,1,2,29,Delhi,West,6.44,8.52,2.48,31264930
4119,3,4,2,3,25,Mumbai,Central,2.35,8.33,2.7,37785542
4458,4,4,3,3,9,Mumbai,North,3.59,9.66,13.18,40053609
911,2,1,2,0,25,Mumbai,West,5.46,6.04,14.58,7428014
3199,3,4,2,2,1,Pune,North,2.15,1.47,1.24,17364604
964,4,4,2,0,16,Bengaluru,Central,4.79,1.27,11.45,7056461
2867,1,2,1,0,8,Delhi,West,1.42,7.14,5.77,18592107
2668,4,3,3,1,4,Chandigarh,West,2.17,9.7,12.41,13378091
3878,2,2,2,3,1,Delhi,East,6.45,1.88,3.74,26213237
2469,4,3,3,2,24,Chandigarh,East,2.73,8.58,5.87,12004805
3447,2,1,3,2,3,Mumbai,South,5.56,5.41,13.73,30157691
1541,1,2,2,3,7,Pune,Central,6.39,9.94,5.19,8360548
4110,5,5,3,3,6,Bengaluru,East,3.9,4.76,7.56,27008925
1982,3,2,3,2,13,Pune,Central,9.53,8.53,13.16,10523525
2158,5,4,3,1,13,Bengaluru,North,8.82,9.78,1.85,15526820
2992,3,2,1,1,2,Chandigarh,East,2.48,0.61,14.28,13610817
1223,1,1,3,0,22,Chandigarh,East,2.03,7.31,12.29,4404099
3823,3,2,3,0,24,Bengaluru,South,2.1,7.93,2.92,23200160
2665,1,1,2,3,17,Mumbai,South,4.98,7.77,2.84,24045665
534,3,3,1,1,13,Chandigarh,East,7.55,5.71,9.69,3851410
4864,2,1,1,2,28,Pune,East,9.12,7.48,0.77,24706555
1719,1,1,1,0,28,Delhi,West,3.38,1.24,14.53,9163413
1144,1,2,1,1,26,Delhi,West,7.23,4.85,4.51,7093011
3250,3,2,2,0,14,Mumbai,South,8.76,9.34,4.13,28680949
1791,4,4,3,1,18,Chandigarh,North,5.48,1.12,12.18,8042290
4040,4,3,2,2,9,Bengaluru,East,3.73,1.98,14.0,25733682
4036,4,4,3,0,29,Pune,East,4.04,5.87,8.97,20768723
3356,4,4,2,0,19,Delhi,Central,2.23,3.29,1.35,24043942
2180,2,2,2,0,1,Bengaluru,Central,8.73,5.25,5.67,13361887
1954,3,2,3,3,17,Delhi,Central,0.54,0.96,14.47,13390315
577,4,4,1,2,8,Delhi,West,5.04,8.53,14.15,5020828
1175,2,2,2,0,13,Chandigarh,Central,1.29,7.84,10.4,5637504
2317,2,3,2,0,23,Delhi,East,4.45,1.08,11.2,14833091
603,3,3,2,0,1,Delhi,North,8.23,9.97,2.88,5551056
2558,4,3,2,0,15,Chandigarh,North,2.71,1.71,10.02,12927195
753,4,5,3,1,22,Delhi,North,2.25,7.92,9.58,6130176
1710,3,2,3,2,18,Delhi,South,6.2,2.37,2.35,13219086
3226,1,1,2,1,13,Pune,South,9.44,5.6,0.74,15700091
807,1,2,2,0,15,Bengaluru,Central,3.88,3.28,9.52,4716047
3698,4,4,3,0,25,Chandigarh,North,1.1,8.36,9.15,17008908
3555,2,3,2,2,13,Chandigarh,North,7.32,6.05,7.81,15832421
3575,5,5,2,1,6,Chandigarh,South,0.27,7.16,0.91,17845289
3950,3,3,3,0,5,Delhi,South,3.74,6.55,6.09,25808659
2277,3,4,3,1,2,Mumbai,North,7.56,2.12,4.92,21906639
2064,1,2,1,0,15,Pune,South,7.46,1.53,4.5,10441794
2175,5,5,2,2,4,Chandigarh,Central,4.94,1.8,9.8,11248874
4284,4,4,2,3,11,Mumbai,East,1.64,7.72,3.89,39919740
2934,2,3,2,2,12,Pune,West,6.95,4.64,10.35,14727021
4304,1,1,1,2,14,Chandigarh,North,7.32,7.25,2.53,19914842
4595,1,1,1,1,16,Pune,West,5.87,9.69,4.01,22767783
1960,3,4,3,1,27,Pune,South,2.64,2.02,1.44,11103319
1154,4,5,3,3,27,Bengaluru,East,0.8,9.31,13.98,7180289
3911,3,2,2,0,10,Pune,North,1.38,9.79,6.3,19337224
4439,5,5,1,1,20,Mumbai,North,7.71,5.79,13.98,38534430
4065,5,5,3,3,7,Bengaluru,Central,8.91,6.65,0.9,26428504
3345,4,3,2,2,15,Chandigarh,North,3.08,8.83,5.83,15721282
4480,4,4,1,1,23,Delhi,East,2.95,9.52,3.46,30647662
4885,2,2,1,2,19,Pune,East,3.66,7.7,14.26,25092393
3562,2,2,2,3,8,Delhi,North,9.64,1.26,14.83,23425471
1509,2,2,2,0,21,Chandigarh,North,2.18,7.58,11.54,6562717
1286,4,5,3,1,12,Chandigarh,South,3.81,5.02,6.32,6411713
1899,5,4,3,1,15,Pune,North,7.42,4.22,13.25,10725206
1766,1,1,2,0,8,Delhi,East,3.06,0.71,9.48,11464271
1055,1,1,2,0,17,Bengaluru,East,6.38,9.91,8.7,5330525
2768,3,4,2,1,27,Chandigarh,Central,1.73,4.68,14.75,12125227
508,2,2,3,3,17,Pune,Central,9.68,9.29,9.41,3286131
3707,4,5,1,2,6,Bengaluru,North,1.14,5.85,5.08,24840353
2978,5,5,1,2,19,Mumbai,East,0.51,1.81,13.84,27792560
4973,4,5,2,1,1,Chandigarh,East,7.59,7.88,12.84,23912329
1289,4,4,1,0,7,Mumbai,East,4.47,1.81,2.53,13575409
1062,5,5,1,3,11,Chandigarh,East,3.9,9.8,6.84,6744309
4526,5,5,3,0,11,Bengaluru,East,2.75,3.79,14.96,29842049
513,5,5,2,0,8,Delhi,South,2.73,2.53,9.09,5336442
2528,2,2,3,2,23,Delhi,North,2.14,7.51,5.52,16613010
737,3,3,1,2,28,Delhi,Central,3.7,9.39,8.83,5993270
3149,4,5,2,2,13,Pune,South,4.83,9.34,1.12,17559345
962,1,1,2,0,10,Chandigarh,East,3.05,4.51,11.15,3425748
1815,1,1,2,3,20,Chandigarh,East,8.21,1.87,0.91,8919346
1326,3,4,3,2,1,Mumbai,North,6.48,5.43,13.77,12191493
3527,4,4,2,3,7,Delhi,North,8.33,9.28,6.59,24509286
2204,4,3,2,2,17,Chandigarh,North,0.24,5.25,9.01,11510865
1475,3,3,2,3,3,Mumbai,South,5.5,1.21,6.53,15266724
4112,5,5,1,1,15,Mumbai,Central,0.65,4.15,4.86,37002355
4944,2,2,3,3,17,Bengaluru,West,7.63,2.35,5.05,30964456
1397,3,3,1,1,3,Delhi,South,0.24,5.66,10.44,10582901
3582,3,3,1,1,30,Bengaluru,East,6.51,7.39,10.63,22215666
4160,4,5,2,0,10,Pune,South,7.1,7.14,7.75,21581796
3085,3,3,2,0,18,Chandigarh,East,0.73,5.02,8.92,13467702
4076,4,4,3,2,27,Chandigarh,South,2.76,4.04,9.38,19115209
2861,2,1,2,1,1,Chandigarh,North,4.93,4.61,8.08,12221966
2121,4,3,1,0,15,Bengaluru,Central,1.47,3.14,5.04,14141364
2168,4,4,1,1,25,Chandigarh,West,0.57,5.34,1.02,10786840
4077,2,2,1,2,0,Pune,North,2.09,6.57,6.66,21336447
3059,2,2,1,1,29,Pune,Central,4.91,8.52,11.35,15919622
3864,2,1,3,3,30,Delhi,Central,1.23,7.76,3.5,26723435
4266,5,6,3,0,18,Pune,North,4.52,2.41,5.93,21992052
4113,1,1,2,2,19,Delhi,North,8.73,6.14,10.55,26586095
1898,1,2,2,3,17,Pune,South,0.52,7.1,4.75,9633882
646,5,5,2,1,4,Chandigarh,South,6.27,9.4,11.48,4289607
1690,4,5,1,1,29,Pune,South,9.09,3.2,14.77,8790534
1794,4,5,3,0,14,Pune,North,0.52,5.41,11.17,8909269
815,2,3,1,1,10,Chandigarh,East,8.95,8.04,7.07,4130706
3759,3,4,2,0,2,Pune,South,0.34,8.65,3.74,19156607
1287,3,3,3,1,5,Delhi,South,2.62,4.83,13.81,8804732
2444,5,6,1,1,8,Delhi,South,3.84,3.97,14.59,17452644
1456,4,3,3,2,7,Bengaluru,South,5.23,7.03,14.62,9706254
3541,1,2,2,0,10,Pune,East,4.15,1.72,2.9,17650744
1658,5,4,2,1,20,Delhi,South,1.18,9.22,13.08,12238317
1307,2,3,3,1,5,Chandigarh,Central,6.43,6.57,6.71,6450806
1202,1,1,2,1,20,Chandigarh,South,9.38,6.48,5.94,5253345
4872,4,5,2,3,14,Bengaluru,East,5.05,7.48,7.6,30688104
3686,4,4,3,0,3,Chandigarh,South,1.59,7.24,6.89,17866493
4231,5,6,2,2,8,Chandigarh,West,0.57,3.77,14.52,20295585
2659,4,4,2,2,7,Mumbai,East,4.44,0.77,8.66,25807303
1639,5,4,3,3,14,Mumbai,North,2.61,7.77,6.18,17065416
665,1,2,1,2,18,Bengaluru,East,7.99,7.21,2.67,4713317
1691,5,5,1,2,29,Mumbai,North,7.89,8.62,8.6,16018958
820,2,3,1,0,23,Chandigarh,East,5.49,8.89,8.82,3868562
4210,3,2,2,0,8,Delhi,East,8.36,5.45,12.46,28233887
1130,2,3,2,0,5,Pune,Central,1.2,4.3,9.95,6227694
1999,3,2,1,2,29,Mumbai,South,3.08,2.37,9.34,17975130
3732,2,1,2,0,5,Pune,North,2.42,9.9,11.72,18440084
2375,5,5,3,0,20,Pune,West,2.45,6.63,10.38,12123902
4270,1,1,3,0,1,Bengaluru,South,7.63,1.49,2.52,26220606
3867,4,5,1,2,2,Mumbai,West,6.36,0.32,2.34,35284401
2157,3,3,3,1,4,Bengaluru,South,6.46,0.81,13.21,14401547
3718,2,1,3,0,22,Mumbai,East,5.81,3.02,4.45,31509669
2638,4,5,1,3,11,Mumbai,Central,9.31,8.01,4.79,25463545
4620,3,4,3,1,7,Delhi,West,4.36,9.18,9.94,31892075
639,1,1,2,1,11,Mumbai,Central,7.45,0.28,0.46,6265262
4682,3,2,1,0,16,Delhi,Central,5.31,7.47,3.18,31546171
2001,1,2,2,1,18,Pune,East,5.22,3.5,14.34,9752356
1986,5,5,3,2,0,Bengaluru,Central,3.22,7.93,9.03,14415792
2449,3,4,2,0,28,Bengaluru,East,5.11,0.46,4.96,14947278
622,4,3,1,3,1,Bengaluru,East,3.16,6.57,14.43,4689139
4595,3,3,3,0,9,Mumbai,South,0.58,0.78,4.57,40471658
2885,5,6,3,1,24,Delhi,East,8.27,6.96,12.15,20143915
2388,1,2,3,2,14,Bengaluru,East,9.03,5.6,9.16,14786487
2125,3,2,2,0,10,Chandigarh,East,5.9,3.12,1.49,9545752
1056,1,1,2,1,0,Pune,Central,1.42,9.57,13.11,5386938
4583,2,1,3,2,27,Pune,Central,4.15,6.39,3.62,24264937
1335,4,5,2,0,22,Chandigarh,East,2.63,2.02,3.9,7123427
4882,5,4,2,0,7,Delhi,North,1.24,0.5,1.58,34338218
613,1,1,3,1,22,Bengaluru,South,8.63,8.79,13.82,3748454
2100,4,4,2,1,4,Mumbai,East,7.02,1.35,14.03,19415660
3238,3,3,3,1,19,Bengaluru,East,8.47,6.19,12.86,18814100
2115,1,1,2,0,20,Mumbai,West,8.12,4.42,0.24,18148241
3571,4,5,2,3,8,Chandigarh,West,8.92,2.7,1.34,17022003
4813,2,2,3,3,18,Bengaluru,South,8.33,3.53,10.77,29682149
3503,4,4,1,2,12,Chandigarh,South,4.42,5.86,8.21,17364966
4986,3,2,1,1,1,Delhi,Central,3.17,2.24,13.11,32898077
644,1,2,2,1,22,Mumbai,Central,6.01,4.74,12.64,4796443
4352,4,3,2,1,4,Pune,North,4.28,0.38,8.63,23047190
2755,2,1,2,3,9,Mumbai,East,9.21,4.17,9.02,24721777
4977,3,3,3,0,27,Pune,Central,4.02,7.2,4.04,26616503
3946,2,1,3,0,5,Chandigarh,North,0.85,3.44,0.53,18491824
1919,5,6,3,3,29,Bengaluru,North,1.62,8.5,3.19,13822681
4340,4,3,3,3,8,Delhi,North,9.02,9.04,9.16,31230982
3039,3,3,3,3,20,Pune,Central,5.08,2.99,0.44,15588705
2924,3,4,1,1,16,Pune,South,4.19,0.63,13.33,16424298
4062,2,1,2,1,7,Mumbai,East,7.71,2.13,10.21,35296127
700,4,5,1,2,8,Delhi,West,4.94,8.54,12.78,5774845
1304,3,2,2,2,2,Chandigarh,Central,5.61,5.08,5.29,6739408
4838,5,6,2,3,7,Pune,South,4.42,7.55,4.26,25805683
509,4,3,3,2,18,Delhi,North,6.0,2.63,11.96,4864927
516,1,1,3,0,17,Chandigarh,North,7.55,8.66,3.68,2508309
2923,5,6,3,0,25,Pune,West,5.06,9.63,0.53,16213681
4044,3,4,1,3,24,Delhi,Central,7.28,8.44,2.95,27940489
4109,2,2,3,2,28,Mumbai,West,9.4,8.1,3.91,35186653
2400,3,3,3,3,17,Pune,Central,1.83,8.19,5.93,12355414
3284,4,4,2,0,0,Bengaluru,North,0.39,6.55,1.34,21010461
883,3,4,2,0,1,Delhi,North,1.18,1.34,10.63,6737520
4489,2,2,1,1,7,Chandigarh,North,7.3,8.7,9.63,20295086
1871,5,6,3,0,5,Mumbai,East,6.02,6.96,6.96,17957831
824,5,6,3,2,25,Chandigarh,Central,7.04,9.53,7.52,4597566
3618,5,5,3,3,1,Bengaluru,North,8.69,9.34,4.16,24317753
2874,5,6,1,1,8,Chandigarh,North,3.63,9.18,6.9,14338720
2282,3,4,2,2,0,Pune,North,4.47,8.81,5.71,11673027
4275,5,5,2,2,20,Delhi,South,7.8,1.85,0.81,29996308
4413,1,1,3,2,14,Delhi,North,6.8,5.63,1.11,29584678
675,5,5,1,1,3,Mumbai,Central,9.51,3.98,9.61,9295213
1693,1,2,2,3,23,Chandigarh,South,3.92,1.16,12.25,8421262
1149,1,1,1,1,25,Delhi,Central,1.61,1.09,11.43,6971457
2574,4,5,1,2,17,Delhi,Central,7.43,7.71,12.48,18547141
4675,5,4,2,3,25,Chandigarh,South,7.33,3.55,2.21,23025658
3720,1,1,2,1,7,Chandigarh,East,8.71,0.88,10.69,16371567
3128,1,1,2,0,24,Chandigarh,North,7.4,6.81,2.17,13457084
640,5,5,1,1,8,Delhi,South,8.39,6.17,8.17,6642705
2640,5,4,1,1,7,Mumbai,North,7.25,4.19,3.66,25860359
2498,1,1,2,3,13,Pune,North,7.25,8.9,1.83,12816223
2120,5,5,1,3,30,Chandigarh,South,0.24,7.46,11.87,10787465
3632,4,4,3,3,25,Bengaluru,East,0.71,5.68,8.52,22782062
2488,5,4,3,0,1,Mumbai,South,5.56,7.14,14.86,23452035
2684,2,3,3,0,13,Pune,Central,7.29,2.29,4.61,13784116
1395,4,3,3,2,10,Bengaluru,East,3.71,6.04,8.81,10628108
2919,1,1,2,3,8,Pune,North,9.06,4.09,4.46,14798463
1225,5,6,2,3,23,Chandigarh,North,6.1,7.62,11.55,7292048
2173,2,3,1,2,11,Delhi,East,2.76,9.17,12.62,14291556
4272,2,3,2,1,29,Chandigarh,Central,2.78,2.38,8.52,19479201
1121,4,5,1,2,5,Bengaluru,East,7.57,5.92,13.7,7565042
1879,4,5,3,1,20,Delhi,East,3.52,5.64,7.47,14108802
1266,3,3,2,2,19,Delhi,South,4.45,1.17,1.46,9744996
2459,5,5,1,0,30,Mumbai,North,2.04,1.68,4.18,22149532
3822,5,6,3,0,0,Delhi,South,1.24,0.62,10.98,27326596
796,5,5,1,0,6,Pune,South,1.35,8.49,0.64,5790542
713,5,6,3,2,2,Pune,South,2.09,6.23,6.81,5052713
2298,2,3,2,2,13,Delhi,South,5.02,5.7,4.01,15675871
3639,5,6,1,0,28,Pune,Central,3.69,8.34,14.61,19432128
4200,1,2,1,0,14,Delhi,East,3.77,1.94,10.59,26439796
4989,4,3,3,3,17,Chandigarh,Central,9.09,2.75,5.35,24079301
989,3,2,1,2,7,Bengaluru,North,4.78,4.18,2.58,7825671
1506,1,1,1,2,7,Chandigarh,East,0.24,1.96,9.3,6263144
3477,3,3,2,2,4,Mumbai,West,4.9,6.21,8.19,31731908
1932,2,1,1,2,11,Delhi,Central,4.79,2.06,2.67,14175270
876,4,3,3,0,10,Mumbai,East,4.7,3.03,13.09,9190715
1872,2,3,2,0,24,Bengaluru,South,7.37,0.97,2.13,11383284
1049,4,5,3,2,6,Delhi,Central,6.9,0.52,3.54,7952869
3339,2,1,1,1,12,Chandigarh,North,3.33,5.82,9.76,15361243
858,2,2,1,2,22,Chandigarh,North,6.26,3.22,12.43,3698805
2776,4,4,3,2,14,Bengaluru,North,2.63,7.03,12.41,16573996
1994,4,4,2,3,6,Pune,South,6.73,4.25,14.5,11225560
2087,4,4,1,2,7,Chandigarh,East,7.43,3.29,1.21,10375372
1957,3,2,3,0,10,Chandigarh,North,3.25,4.18,1.29,10220707
3258,4,5,2,3,30,Pune,North,0.27,5.55,2.88,16972284
1727,4,5,1,0,16,Delhi,Central,7.9,1.41,10.78,12416883
1935,4,3,1,0,21,Delhi,South,4.79,1.54,11.52,13734425
2857,5,5,1,2,5,Mumbai,South,0.56,2.62,9.79,27614206
2944,4,5,2,0,27,Chandigarh,East,3.28,2.09,8.57,13827584
3619,5,5,2,0,18,Bengaluru,West,9.82,1.66,13.17,22356201
3162,2,3,2,1,13,Bengaluru,West,3.45,8.71,2.54,19141440
4632,1,2,3,2,17,Pune,East,5.7,9.13,3.55,23878865
3549,2,3,3,0,26,Chandigarh,East,9.56,9.64,3.02,16745759
4799,4,5,3,3,4,Pune,Central,8.16,2.86,12.69,25395110
2888,4,4,3,1,1,Mumbai,South,9.57,8.35,1.94,26593150
1022,1,1,2,2,7,Bengaluru,East,7.79,0.84,7.8,6848918
1785,5,4,3,3,17,Delhi,South,0.52,6.69,13.08,13752358
1903,5,6,3,0,28,Delhi,North,4.09,9.21,8.53,13839870
4675,5,5,3,1,21,Chandigarh,East,2.72,0.34,11.21,21679661
3265,5,6,2,1,18,Chandigarh,North,9.62,3.52,3.98,15191282
4767,4,3,1,2,9,Chandigarh,East,3.55,4.36,10.62,22467477
1558,5,5,2,3,30,Delhi,North,6.49,9.17,12.2,12859790
3371,3,3,1,3,16,Delhi,North,5.36,8.3,3.34,23665404
3352,1,1,2,1,30,Delhi,West,2.89,0.91,8.17,21313616
1583,3,2,1,2,24,Delhi,South,4.5,3.78,5.06,11408574
3807,3,4,1,2,29,Mumbai,West,2.86,8.07,1.57,34845997
1714,1,1,2,3,4,Pune,East,4.98,8.19,3.39,8968184
4594,3,4,3,1,16,Delhi,Central,9.24,9.02,2.41,31443972
1139,1,1,3,1,11,Mumbai,South,4.82,3.0,10.95,9451632
1632,1,1,1,2,21,Pune,East,9.32,5.75,7.77,7626895
543,2,1,2,0,6,Chandigarh,North,9.23,5.4,13.46,1977402
3307,2,1,2,0,14,Bengaluru,South,7.95,7.08,13.47,19448590
3234,5,4,2,1,14,Pune,West,5.22,5.51,11.52,17114952
3968,3,2,2,2,9,Delhi,East,8.19,9.92,8.24,26842221
4239,5,6,3,0,12,Pune,East,8.05,5.1,3.07,21824539
3623,1,1,3,2,25,Bengaluru,North,0.78,5.77,4.96,21554181
952,1,2,2,3,28,Mumbai,West,0.26,9.07,14.76,7953778
3105,1,1,1,1,16,Pune,West,8.92,5.15,2.29,16081537
2269,1,2,1,2,14,Bengaluru,North,3.08,4.97,11.0,13077769
934,3,3,2,1,11,Mumbai,South,5.45,3.12,5.81,9321925
4130,3,2,1,1,19,Mumbai,West,0.72,6.51,3.01,37415775
3284,1,1,3,3,3,Bengaluru,East,1.48,8.97,6.07,19978965
3449,3,4,1,1,27,Bengaluru,North,7.2,8.52,13.3,21463769
4290,5,6,1,3,13,Chandigarh,East,5.49,6.82,9.71,20780245
515,5,5,3,1,28,Mumbai,South,8.25,3.75,14.65,5233343
1340,5,6,1,2,1,Pune,Central,1.67,6.45,10.23,9441619
3734,2,2,2,3,29,Bengaluru,South,6.2,7.86,10.94,22292118
4084,3,4,1,1,26,Delhi,South,8.73,4.65,10.5,27006194
4229,5,6,3,2,20,Delhi,Central,5.53,9.43,13.47,29455574
2623,4,3,2,2,0,Mumbai,East,7.55,6.41,13.92,23302381
2022,4,4,1,2,7,Chandigarh,Central,1.43,7.99,14.27,10403219
1934,3,3,1,2,10,Chandigarh,South,6.68,7.19,11.64,8975623
1324,1,1,1,2,10,Chandigarh,Central,7.17,1.66,3.16,6004773
3209,4,4,1,1,23,Bengaluru,Central,6.69,7.13,9.53,20419201
2507,3,3,2,0,28,Delhi,East,8.15,1.45,7.97,16745704
4330,3,4,3,0,14,Bengaluru,Central,9.82,4.24,0.85,26844855
3420,2,1,2,3,22,Mumbai,South,0.49,6.72,9.44,29368668
2013,1,1,3,0,25,Bengaluru,North,4.83,6.26,11.0,11752387
4675,5,5,1,1,29,Mumbai,West,6.79,1.5,10.7,41927193
1180,3,4,2,2,14,Delhi,South,2.6,9.44,6.46,9708636
860,5,6,3,2,8,Chandigarh,South,7.89,5.62,12.9,5319531
4683,4,5,2,2,25,Chandigarh,West,2.54,7.37,9.9,21738394
4408,1,2,3,3,30,Bengaluru,South,1.63,8.38,12.82,25822080
4384,3,4,1,1,11,Mumbai,West,8.73,0.9,7.73,38265701
892,4,4,1,2,20,Delhi,Central,7.52,9.74,14.88,6981134
3185,3,4,3,3,28,Pune,North,7.16,5.6,13.35,16526188
2115,1,1,1,0,13,Bengaluru,West,5.13,3.77,5.12,12683669
1953,4,5,2,3,26,Pune,North,0.21,2.83,14.99,10449135
3879,3,4,1,3,28,Mumbai,East,6.24,6.73,5.68,33962381
3101,2,1,1,2,2,Chandigarh,Central,4.05,9.7,7.25,13867265
1247,4,3,2,2,29,Bengaluru,Central,5.57,0.23,5.86,8763503
4535,2,3,3,0,2,Mumbai,North,8.58,1.59,12.17,38772995
1007,1,1,3,2,12,Pune,West,6.45,5.23,9.78,5796894
4303,1,1,3,1,11,Pune,West,5.34,2.73,14.89,20251412
1458,2,2,1,1,19,Pune,North,3.02,9.57,8.44,7951349
4240,3,4,1,3,17,Delhi,Central,6.59,0.24,6.85,27879619
4920,4,5,3,2,30,Chandigarh,South,1.64,0.59,4.98,23096406
1710,2,3,3,3,3,Delhi,North,4.12,4.02,3.78,12946584
2168,4,3,2,1,20,Chandigarh,East,6.43,8.38,13.25,10199156
2339,4,3,1,3,26,Mumbai,West,2.61,8.87,14.42,20797647
3750,4,5,2,0,10,Chandigarh,South,0.77,9.61,10.12,18217310
4304,3,3,1,2,5,Chandigarh,Central,3.8,4.77,1.62,20194418
967,1,2,1,0,12,Mumbai,North,2.91,4.98,9.28,8396733
526,2,3,3,1,14,Delhi,East,2.36,1.26,0.31,4196675
4923,5,5,1,3,23,Delhi,East,9.95,5.88,13.53,33682455
3085,5,4,1,3,16,Bengaluru,Central,4.3,1.38,3.38,22063697
3156,1,1,2,2,26,Chandigarh,North,8.12,8.28,10.9,13331863
2841,3,3,3,2,16,Bengaluru,West,3.77,9.34,7.01,18412256
4755,4,4,3,2,22,Chandigarh,North,3.66,1.24,3.78,22601644
4157,4,5,3,0,23,Bengaluru,East,8.59,1.05,13.57,26098870
4202,5,6,3,2,24,Mumbai,North,3.27,2.33,5.2,38112453
2925,5,4,1,1,27,Bengaluru,North,7.37,2.45,1.6,20334019
4826,3,2,2,0,1,Mumbai,West,7.26,9.15,0.97,43149945
1220,1,1,2,3,7,Pune,South,3.72,2.63,7.07,6910735
3590,1,1,1,0,29,Delhi,East,7.84,3.06,2.33,23749022
1863,4,5,1,0,2,Bengaluru,North,3.97,3.28,10.5,11731860
3296,3,4,1,2,28,Delhi,Central,1.61,2.94,6.39,23079371
3003,3,2,2,1,14,Bengaluru,South,8.22,2.52,3.36,19163596
933,4,4,2,3,20,Bengaluru,Central,3.75,7.64,10.91,6792245
3615,4,5,1,0,1,Delhi,East,9.51,7.31,1.83,24832143
3484,2,3,2,3,14,Bengaluru,South,7.83,0.31,13.15,21201357
4138,2,1,1,1,18,Mumbai,East,8.6,7.58,10.2,35336142
724,5,4,2,0,10,Delhi,East,5.26,7.61,6.53,5497876
1457,5,4,1,3,3,Chandigarh,West,8.23,8.22,2.28,9202124
4087,3,3,1,3,5,Mumbai,East,3.39,8.37,8.91,37083120
910,3,2,3,0,30,Pune,South,3.72,9.15,9.39,5312138
3309,3,4,3,2,11,Delhi,North,7.0,3.83,7.15,21391117
712,3,4,2,0,14,Delhi,South,4.8,5.78,3.35,5925276
3101,3,4,3,3,11,Delhi,South,4.91,4.73,11.47,21679427
766,1,1,3,3,18,Mumbai,North,1.9,3.2,9.1,6985330
967,5,6,1,2,0,Delhi,North,9.94,2.05,6.84,9319104
1349,2,1,1,0,21,Chandigarh,East,3.05,1.95,12.08,5575444
3660,5,5,1,3,7,Delhi,South,4.9,4.31,8.95,25742686
3435,2,1,3,0,21,Chandigarh,Central,9.13,2.42,11.94,15075003
1944,5,4,1,1,14,Delhi,East,9.46,3.11,3.06,14835697
2818,5,5,3,1,24,Bengaluru,South,9.02,4.58,1.29,18240737
4792,1,2,1,2,4,Chandigarh,East,4.92,1.48,6.32,21779778
1217,5,4,1,3,12,Mumbai,East,6.54,0.4,0.43,14999433
3675,5,4,2,1,25,Delhi,East,5.48,1.91,3.84,26734862
2358,3,2,2,0,22,Chandigarh,Central,6.55,4.79,14.21,10292649
3299,5,4,3,3,1,Pune,North,6.64,8.0,5.13,18869119
2398,5,4,3,0,30,Delhi,North,8.11,3.2,14.09,15771371
4103,3,2,3,2,12,Chandigarh,North,3.53,1.97,2.33,20005312
4927,1,1,3,1,25,Delhi,Central,2.86,7.02,4.57,31231602
2978,4,3,2,1,29,Delhi,East,9.87,8.84,2.07,20585733
4598,2,3,1,3,26,Delhi,Central,9.73,1.88,7.0,30700175
696,3,4,2,2,26,Delhi,West,9.79,9.43,11.28,5198185
905,4,4,2,1,17,Bengaluru,West,5.48,2.21,6.96,6217592
4423,2,1,2,3,16,Delhi,North,1.23,5.9,0.89,30060543
4567,4,3,1,2,9,Pune,East,5.73,5.44,1.12,23942972
560,2,3,3,0,23,Chandigarh,West,1.9,2.35,3.24,2844515
3183,4,5,2,1,20,Pune,North,4.87,8.32,5.11,17330583
743,4,3,1,2,8,Chandigarh,Central,1.73,7.31,2.12,5679451
4093,4,4,1,3,30,Bengaluru,South,8.56,1.59,10.52,25653012
3873,1,1,3,0,3,Delhi,Central,3.87,4.92,1.47,25227410
3191,3,3,1,1,22,Delhi,South,4.27,3.1,0.73,21940410
4898,5,6,3,1,3,Pune,East,4.85,9.3,11.16,25736282
4268,2,2,2,1,10,Chandigarh,South,8.52,0.24,1.89,20032527
4079,2,3,1,1,27,Pune,Central,7.76,2.01,14.86,20285522
1642,1,2,1,3,9,Chandigarh,South,4.71,4.15,10.18,7867010
607,5,6,3,3,0,Pune,Central,7.84,4.43,2.61,5042622
4159,5,4,2,2,8,Bengaluru,East,8.37,3.59,3.57,26877254
1204,1,1,2,0,6,Mumbai,West,6.16,3.77,14.94,9643051
2266,2,2,2,1,2,Mumbai,East,9.59,8.13,14.11,19547241
1838,5,6,3,3,3,Chandigarh,Central,9.74,8.08,4.87,10026209
4038,1,2,1,1,26,Bengaluru,Central,3.4,8.78,0.95,23910621
3250,1,1,2,0,7,Chandigarh,East,8.91,6.05,11.27,14107986
4639,5,6,3,1,2,Mumbai,South,6.2,5.81,11.43,41590599
1786,3,4,3,3,3,Mumbai,East,4.33,0.6,2.85,17949419
3943,5,6,1,2,7,Bengaluru,South,7.3,6.21,12.64,26164550
4757,1,1,1,1,23,Pune,East,9.93,7.48,10.31,23661761
1382,1,2,2,0,25,Mumbai,East,8.74,3.04,5.1,11472305
2964,1,2,3,1,19,Mumbai,South,8.21,4.46,11.2,24431518
4513,5,6,1,2,14,Delhi,East,0.86,7.04,4.48,31210375
4567,5,5,3,0,22,Pune,Central,2.14,3.31,8.63,23306210
2603,3,2,1,3,11,Chandigarh,East,4.12,4.37,4.07,12507152
558,3,2,1,0,6,Bengaluru,Central,7.62,0.43,5.91,4729116
3695,4,3,2,1,25,Chandigarh,Central,3.71,7.07,10.35,17170438
4939,2,2,3,1,28,Delhi,Central,0.58,7.24,7.27,32005418
2794,4,4,1,3,17,Bengaluru,North,5.4,0.32,0.86,19458274
1942,5,6,1,0,27,Pune,Central,7.09,1.25,5.57,10049232
2740,4,3,2,0,20,Chandigarh,Central,5.7,8.77,14.25,13461708
673,1,1,1,0,28,Delhi,East,8.94,4.59,2.83,4281293
4465,3,2,1,0,3,Delhi,North,8.94,5.63,12.75,29452118
2726,1,1,2,1,12,Chandigarh,South,0.69,9.38,5.47,12570891
699,2,2,2,3,10,Mumbai,Central,9.48,0.4,12.21,6953214
1512,1,1,1,2,9,Pune,Central,2.08,9.11,11.15,6633212
1004,5,5,1,1,21,Bengaluru,South,8.68,6.22,6.51,8737507
1669,3,4,1,3,1,Bengaluru,North,8.58,5.05,1.45,11936465
866,4,3,2,2,27,Bengaluru,East,5.28,9.74,11.92,5908722
2422,4,3,2,3,15,Mumbai,East,2.28,5.91,14.34,22363880
1931,2,3,2,2,24,Mumbai,Central,4.78,5.59,2.54,17548571
4158,5,6,1,2,21,Chandigarh,West,2.94,5.8,11.23,19978120
4567,4,5,3,3,11,Chandigarh,Central,6.72,7.33,8.52,20985864
837,1,2,3,1,10,Bengaluru,South,5.62,1.79,11.7,4605492
1552,4,4,3,1,23,Pune,South,2.98,2.09,1.09,9293057
1164,4,5,3,1,18,Delhi,South,6.52,8.58,8.21,9084499
1635,3,3,2,3,25,Mumbai,West,6.25,1.69,12.28,14215849
548,2,2,1,1,18,Pune,North,6.19,1.98,12.51,2779036
3397,4,5,1,2,15,Bengaluru,North,2.46,7.37,2.67,22161583
1619,3,3,2,0,9,Pune,East,0.33,2.68,13.3,8514212
1345,2,1,2,2,14,Delhi,Central,2.96,8.42,14.04,9066339
4735,5,4,1,0,7,Delhi,Central,0.64,7.41,8.03,33370831
2352,5,4,3,2,29,Pune,North,9.68,3.71,8.43,12789797
1931,3,4,3,0,21,Delhi,East,5.06,7.84,4.82,12702611
872,2,2,2,3,11,Delhi,West,5.16,6.9,2.61,6573584
3751,3,3,3,2,11,Chandigarh,Central,3.78,0.74,11.36,17673772
2088,1,1,2,1,14,Delhi,Central,0.6,6.4,8.27,13419188
2562,5,4,2,1,2,Bengaluru,South,0.35,2.05,5.61,17029318
3726,4,3,3,1,21,Mumbai,West,7.48,4.52,6.02,33351374
2100,2,1,3,0,25,Mumbai,South,9.69,0.42,1.76,18646907
3485,1,1,3,2,27,Pune,West,0.51,8.08,14.36,16687573
3991,5,4,3,0,23,Delhi,North,9.17,1.95,10.18,26888660
1964,3,3,1,3,29,Chandigarh,Central,8.46,3.47,2.86,9827161
3960,2,3,1,0,26,Pune,East,3.01,8.13,12.69,19702272
2867,2,2,3,3,11,Chandigarh,South,0.72,5.54,5.53,14147138
3821,5,6,1,0,22,Pune,West,3.91,9.23,5.76,20415911
2280,4,4,2,1,6,Chandigarh,South,3.0,0.92,8.14,11517675
4404,4,4,1,0,28,Bengaluru,West,8.22,5.34,7.92,27467801
529,1,2,1,3,27,Mumbai,South,3.06,1.47,5.76,3977116
4756,2,3,3,3,1,Bengaluru,East,9.58,8.06,12.65,29640365
4050,5,4,3,3,13,Chandigarh,South,9.72,4.61,12.91,19395493
4247,3,4,1,2,15,Chandigarh,South,5.62,1.56,10.13,20930019
2486,3,3,1,0,16,Delhi,East,4.43,9.79,4.65,18015167
3169,4,5,1,3,5,Chandigarh,East,1.62,7.18,0.25,15692769
1403,3,4,2,0,10,Chandigarh,North,1.11,7.14,7.97,6995380
4970,5,5,2,0,17,Mumbai,Central,6.26,3.71,11.23,43609427
1958,4,3,3,1,9,Pune,West,2.69,8.67,2.52,12072788
3184,3,4,3,2,6,Mumbai,East,7.02,8.64,6.65,28139531
3661,1,2,1,2,12,Delhi,East,1.78,0.25,8.14,23997981
4557,2,2,2,3,5,Chandigarh,Central,1.66,2.14,8.3,20714488
671,1,2,1,1,16,Pune,East,5.4,0.87,11.67,2669805
4456,3,3,1,2,7,Bengaluru,South,5.18,1.83,14.45,27397716
532,1,1,3,2,17,Chandigarh,West,3.29,2.78,13.04,1500000
3102,3,3,2,3,8,Bengaluru,South,7.58,2.5,14.52,19811432
4716,4,4,1,1,17,Pune,Central,1.2,5.14,8.41,24487937
3262,2,1,1,3,30,Pune,South,7.19,3.5,12.7,15485217
2096,2,1,1,3,23,Mumbai,Central,1.68,5.21,13.73,18742509
1226,1,1,3,1,21,Chandigarh,South,4.41,6.88,4.56,5028203
3302,4,4,3,1,23,Bengaluru,East,1.85,4.61,11.88,20353213
2871,2,1,3,3,17,Chandigarh,West,4.78,1.25,4.36,13900143
3447,3,3,2,2,30,Pune,South,4.56,5.67,6.14,18122567
3815,5,5,3,0,7,Mumbai,East,1.15,7.09,13.86,35112986
2938,4,5,1,1,12,Delhi,East,9.65,4.52,9.26,20448222
867,2,1,1,2,1,Chandigarh,South,4.82,5.85,11.0,4024290
2948,3,4,1,3,20,Delhi,Central,8.46,4.31,5.07,19689430
3508,3,4,1,1,18,Bengaluru,South,5.75,1.51,2.13,22264416
4773,3,2,1,2,22,Delhi,East,6.62,1.95,14.81,31776621
4483,1,1,2,1,28,Chandigarh,Central,3.96,6.67,10.89,18843209
1828,1,2,3,2,6,Delhi,North,6.27,0.59,14.85,11800227
2950,3,4,3,3,2,Chandigarh,West,7.81,4.25,8.93,14773927
3878,1,1,2,0,3,Bengaluru,East,7.7,3.34,12.99,21632927
1584,2,2,2,3,5,Delhi,West,7.2,3.07,5.83,10962317
2547,1,2,1,2,27,Delhi,West,4.44,0.22,1.18,16175869
4797,5,6,1,0,3,Bengaluru,North,7.16,2.85,6.09,30786471
1373,5,6,1,3,24,Bengaluru,North,6.28,6.08,9.96,10745316
4086,2,1,2,0,15,Mumbai,North,9.49,2.07,1.41,36096452
4932,4,5,1,1,20,Pune,West,5.59,9.22,1.96,25406390
522,5,5,2,1,6,Delhi,Central,8.48,4.03,6.89,5768585
2464,4,4,1,1,15,Mumbai,Central,9.8,6.48,4.39,22967139
2867,1,1,3,1,27,Bengaluru,North,6.24,5.78,4.5,15926761
4071,2,1,2,0,16,Chandigarh,Central,9.67,7.02,2.73,18428711
4863,5,6,3,3,20,Pune,East,1.87,8.68,14.32,25073479
1086,1,1,1,3,2,Bengaluru,West,3.88,6.29,7.46,6143509
4679,3,3,1,0,28,Delhi,North,4.08,8.1,3.16,31799211
3410,5,5,3,3,24,Delhi,South,5.45,5.5,13.01,24794219
4412,3,2,1,0,7,Bengaluru,South,4.13,9.39,6.25,26898495
2565,3,4,3,3,19,Mumbai,North,4.73,8.63,7.25,23147599
4819,5,6,2,2,6,Pune,Central,2.75,2.81,4.38,25659035
1263,1,1,2,0,6,Mumbai,West,5.17,4.96,8.97,10082888
3490,4,4,2,1,8,Bengaluru,West,4.06,4.9,10.0,22471832
964,2,1,3,0,19,Bengaluru,West,2.69,2.05,2.19,5987212
4816,2,3,1,1,15,Mumbai,East,4.74,0.22,0.89,41822050
4098,4,5,3,2,23,Pune,Central,7.69,4.03,12.54,22072724
4202,2,2,1,1,21,Pune,South,9.93,6.88,14.54,20229655
2539,5,4,2,0,23,Delhi,Central,3.49,9.25,4.94,18565176
3993,3,3,2,0,23,Pune,West,7.38,6.75,6.79,20348895
1863,4,5,2,0,17,Mumbai,West,5.71,9.19,3.51,18354747
2354,1,2,2,2,25,Bengaluru,South,7.06,8.9,14.74,14182623
807,4,3,3,3,2,Delhi,South,5.52,0.81,7.17,7345345
751,5,6,1,2,15,Delhi,Central,2.81,4.82,1.52,6835315
1744,1,1,2,0,10,Delhi,Central,8.26,9.33,9.82,10982663
1362,1,1,2,2,11,Mumbai,South,0.35,1.29,7.36,11366723
3885,5,5,1,1,28,Pune,West,5.62,7.37,5.45,21325200
1577,3,3,3,3,5,Delhi,East,7.56,5.9,7.32,12040881
3590,1,1,2,0,11,Mumbai,Central,9.77,6.57,4.99,31321443
3968,5,5,2,1,18,Delhi,North,9.71,7.41,13.48,26907747
2283,3,4,3,1,18,Bengaluru,North,3.31,5.0,12.58,14085670
1923,4,4,2,3,22,Delhi,Central,7.42,6.93,11.59,12793318
3811,1,2,3,2,10,Delhi,Central,4.87,8.22,12.32,24411752
2427,1,1,2,3,19,Delhi,East,8.24,3.96,9.59,15453854
4185,3,3,1,1,21,Pune,North,9.97,9.78,8.96,20955920
1727,5,4,3,2,21,Delhi,South,3.0,7.78,13.94,13208266
4987,3,3,3,2,25,Mumbai,South,2.04,4.73,11.79,42800038
3497,4,5,3,0,5,Delhi,West,3.29,4.33,5.83,24778278
2063,2,3,1,0,18,Mumbai,West,9.52,4.73,12.22,17434129
4968,1,1,1,3,18,Pune,South,1.05,8.25,1.63,25231241
1230,3,2,2,2,19,Chandigarh,East,7.24,1.09,0.76,5633951
4691,5,4,2,2,18,Bengaluru,West,4.33,8.46,7.34,29555480
2561,5,6,1,2,7,Pune,Central,0.54,1.9,7.3,14320603
1932,4,5,1,0,26,Bengaluru,North,0.69,1.05,10.24,13136181
792,3,4,1,3,2,Chandigarh,Central,1.21,8.73,7.99,5269777
4253,2,1,1,1,23,Chandigarh,North,7.96,6.95,6.44,19111078
2198,4,3,2,0,28,Mumbai,Central,9.03,1.21,2.36,20642219
2178,3,2,3,1,24,Mumbai,East,3.86,4.04,12.8,19111289
1359,4,4,1,3,28,Mumbai,Central,6.03,6.8,10.81,13394087
2673,5,6,3,1,3,Pune,West,7.16,2.96,1.98,15081347
4149,2,2,2,1,18,Pune,East,9.52,2.44,6.35,20785226
1402,3,4,2,2,17,Pune,South,3.71,8.38,11.55,8221233
708,1,1,3,3,6,Delhi,South,2.02,1.17,5.8,6026843
4947,5,6,1,0,15,Bengaluru,East,1.71,8.74,14.45,31255815
676,3,2,1,2,5,Pune,Central,0.86,4.85,4.99,4652684
3801,3,2,2,2,9,Chandigarh,South,3.81,4.14,1.18,18630129
4599,1,1,2,1,10,Mumbai,East,2.21,9.01,7.35,38930331
3496,4,5,1,1,7,Chandigarh,Central,3.34,1.5,3.49,17415113
1736,5,4,1,1,2,Delhi,South,3.15,6.16,12.58,13601585
4340,3,3,3,3,1,Chandigarh,South,7.67,1.42,0.29,20439603
502,4,5,3,1,22,Bengaluru,Central,1.45,3.6,4.18,3923410
2611,3,3,1,1,8,Pune,East,6.2,4.93,5.53,15524316
3303,2,2,2,2,24,Mumbai,West,4.03,2.69,4.74,29016987
2283,5,5,2,0,18,Chandigarh,Central,7.81,7.67,9.83,11651352
3532,3,2,1,1,13,Delhi,West,4.83,5.76,13.45,23029332
3627,3,3,2,1,1,Mumbai,West,2.79,4.69,0.51,33230261
4797,5,6,2,1,12,Mumbai,West,3.2,0.39,13.34,42982072
1093,1,1,3,0,18,Chandigarh,North,1.73,4.44,13.2,3336918
1001,1,1,1,3,27,Delhi,North,2.02,3.0,10.97,5923407
2077,5,4,2,3,9,Chandigarh,South,5.2,8.75,14.24,10672429
3954,1,2,2,0,7,Delhi,East,9.75,8.51,3.2,25961707
2444,2,3,3,2,25,Bengaluru,East,4.12,8.19,14.1,14878827
3067,4,4,2,2,28,Mumbai,West,3.74,1.3,9.61,28427308
2189,1,2,3,3,24,Bengaluru,East,6.95,1.56,14.65,12407117
735,4,4,3,1,17,Pune,West,2.86,0.9,11.42,5217523
650,5,4,1,3,26,Pune,Central,3.5,8.71,5.95,6103983
3708,4,4,3,1,16,Bengaluru,South,8.76,3.67,3.78,23737458
2560,5,5,3,2,13,Chandigarh,Central,3.61,0.83,11.14,14159720
2073,1,2,1,2,14,Chandigarh,West,4.31,9.7,4.04,10027631
2330,5,6,1,0,13,Delhi,East,5.36,7.46,7.8,16819609
2245,2,3,3,0,18,Pune,North,4.57,4.38,9.32,10915530
1093,2,3,2,0,25,Delhi,West,4.04,2.62,12.62,6020658
2548,2,2,1,3,17,Chandigarh,South,7.92,8.72,13.81,11124748
2791,5,6,2,2,16,Pune,Central,9.02,6.93,2.74,16015969
3401,2,1,2,2,29,Bengaluru,South,1.95,1.36,6.92,20542190
4196,3,4,1,3,4,Delhi,West,7.08,8.96,9.46,28402327
3579,5,5,3,1,24,Bengaluru,North,1.4,2.39,2.01,23825644
3605,1,2,2,2,21,Delhi,West,1.76,6.29,0.54,22905592
863,2,3,3,1,25,Pune,South,4.3,5.85,8.1,4098348
1849,2,3,1,3,14,Pune,Central,5.54,5.64,11.93,10124621
2573,3,3,1,2,25,Chandigarh,North,7.18,3.77,6.56,11309138
4704,4,5,2,1,18,Delhi,North,1.15,3.33,6.41,31784450
4050,5,5,1,2,5,Mumbai,Central,7.51,8.23,14.35,37767609
4618,3,3,1,3,0,Bengaluru,East,0.94,8.56,13.51,28392604
3619,3,2,2,2,18,Chandigarh,West,8.81,9.15,12.31,16095665
3992,5,6,1,3,15,Bengaluru,East,7.0,2.04,2.09,26511312
1410,3,4,2,0,21,Chandigarh,Central,1.18,3.99,1.17,7306793
4828,3,2,1,2,13,Bengaluru,Central,9.29,0.62,1.65,30209516
4319,1,1,2,0,14,Delhi,West,4.78,4.83,1.95,28006048
4053,3,3,3,2,0,Bengaluru,West,8.74,9.3,1.35,25382110
1282,1,2,3,2,23,Bengaluru,East,5.16,8.18,10.3,7642768
1271,2,1,3,3,0,Chandigarh,West,4.07,2.29,4.21,7394739
3236,5,5,2,1,2,Bengaluru,South,1.3,3.04,1.82,21520330
3156,3,4,1,0,21,Bengaluru,South,0.85,3.21,6.61,19429426
2981,1,2,2,2,29,Delhi,North,5.03,7.58,6.26,19422675
4162,2,1,3,1,16,Bengaluru,Central,6.65,1.82,12.77,25563588
1593,2,1,2,2,24,Chandigarh,South,2.38,7.87,5.91,8101204
969,1,1,2,1,11,Mumbai,Central,6.43,7.92,2.51,9031246
896,3,4,3,0,20,Chandigarh,South,7.9,2.21,1.42,3419131
4333,3,2,3,2,13,Pune,North,6.02,2.16,4.19,22971997
1350,4,3,3,2,23,Delhi,East,2.86,7.15,12.33,9980132
2540,5,5,1,1,14,Delhi,South,3.7,1.86,9.94,19187709
3093,2,3,2,0,17,Bengaluru,South,1.59,6.72,10.69,17345406
609,2,2,3,2,19,Mumbai,North,4.84,3.31,2.51,6145191
2960,3,4,3,3,22,Pune,North,8.65,8.08,1.59,15518645
4986,4,5,1,2,28,Chandigarh,West,1.48,1.01,9.65,23675673
3327,1,1,3,2,25,Delhi,West,2.99,2.54,1.22,21803851
2718,3,2,1,2,24,Bengaluru,West,6.85,4.02,14.41,16100276
2719,2,1,2,1,20,Chandigarh,Central,3.09,2.18,6.78,12286813
4485,2,2,2,2,9,Delhi,East,4.81,9.43,2.21,29754427
3006,3,2,2,0,7,Mumbai,Central,5.4,9.14,5.91,27377779
2408,4,3,2,3,8,Bengaluru,North,3.16,2.52,14.67,15453565
3278,4,5,3,2,17,Delhi,Central,1.37,4.74,4.45,23723030
962,3,4,1,3,12,Mumbai,West,2.7,7.45,3.06,11252855
1113,3,2,1,1,17,Delhi,East,5.55,5.23,2.97,8485120
2306,5,4,1,0,11,Bengaluru,East,7.03,4.44,11.88,14855437
4893,4,4,3,3,30,Mumbai,East,4.19,7.29,4.97,44380533
1558,3,2,3,2,6,Delhi,Central,3.47,7.49,11.26,11859689
3521,1,1,1,3,20,Chandigarh,East,0.69,0.61,5.96,16072681
1820,1,1,1,3,1,Mumbai,North,4.93,4.16,2.87,16179842
2206,1,1,1,3,10,Pune,North,1.14,5.07,10.06,10549939
2951,5,5,1,1,30,Delhi,East,8.03,9.3,4.58,20557767
2136,1,1,2,3,24,Chandigarh,East,3.9,9.56,2.66,9950210
4921,1,1,3,0,29,Pune,East,8.54,4.14,3.47,24564393
2887,3,3,3,0,10,Mumbai,North,9.72,9.75,5.05,26782102
4785,1,2,1,1,21,Chandigarh,North,7.63,3.04,10.3,20758659
2518,3,3,1,0,17,Mumbai,North,7.39,5.88,9.43,21662956
4167,3,4,1,1,16,Delhi,West,6.77,2.1,10.02,28146739
724,5,6,2,2,30,Bengaluru,North,1.23,7.67,1.71,5747646
2875,4,5,1,3,20,Pune,Central,8.69,4.13,0.43,15558768
2905,5,6,3,3,7,Mumbai,Central,7.43,9.48,3.94,29323544
2680,1,1,2,2,29,Bengaluru,North,8.12,1.01,5.21,16190839
4615,5,4,1,2,21,Bengaluru,South,0.97,7.44,1.13,29351864
2571,5,4,3,0,18,Chandigarh,Central,8.8,2.08,4.26,13325879
3673,2,3,1,1,15,Chandigarh,South,0.4,8.11,1.57,17272499
2350,4,5,3,1,0,Bengaluru,North,8.69,0.94,12.82,14812187
2725,5,4,1,3,22,Bengaluru,Central,2.76,0.26,7.92,18851116
666,2,2,1,1,23,Pune,West,2.22,2.75,8.7,2730774
917,3,2,3,2,6,Chandigarh,North,6.79,5.95,5.07,5182036
1950,5,4,2,1,9,Bengaluru,North,5.76,3.32,13.24,13978516
1760,3,4,1,1,15,Bengaluru,North,6.28,8.11,6.39,11435114
4645,2,3,1,1,0,Bengaluru,West,9.06,1.3,5.73,28398571
1511,5,4,3,0,7,Bengaluru,East,1.23,4.87,12.26,10711001
3713,3,4,3,2,29,Pune,West,6.25,5.81,2.84,18683019
4698,4,4,2,1,0,Pune,Central,7.85,9.03,10.64,25286675
1185,5,4,2,1,24,Delhi,South,7.98,9.32,3.83,10144225
3302,3,4,2,2,8,Pune,North,0.99,3.42,10.57,17670336
2686,3,2,2,0,12,Bengaluru,West,2.48,6.41,9.64,17215870
657,1,2,2,0,12,Chandigarh,West,7.14,3.11,14.06,3327716
4837,2,2,1,3,12,Mumbai,Central,9.55,8.89,8.62,41813104
1167,5,6,2,1,23,Delhi,North,1.13,6.14,5.64,9243611
4207,1,2,2,0,14,Pune,East,7.17,4.41,12.45,20181953
789,5,6,2,0,24,Chandigarh,North,5.54,3.53,5.08,4876722
1789,4,5,3,0,19,Chandigarh,Central,6.18,3.68,12.57,9308575
3608,4,4,1,3,18,Pune,West,7.54,7.81,2.7,19556580
3749,3,2,3,3,26,Delhi,West,7.41,6.08,12.7,25160887
1489,5,6,2,3,8,Delhi,West,9.84,8.31,6.09,12084440
4656,3,3,2,0,27,Bengaluru,West,0.74,3.7,5.28,28522184
767,3,2,1,3,6,Chandigarh,Central,3.37,9.86,4.29,3800440
1218,5,4,1,2,12,Mumbai,South,4.38,7.75,6.12,13072858
2021,2,2,2,2,23,Delhi,West,2.38,2.71,0.69,13994260
2188,3,2,1,3,19,Mumbai,Central,2.97,8.7,0.68,21038931
4720,1,2,3,0,11,Chandigarh,East,0.9,6.03,7.3,20052546
2176,5,6,1,2,20,Pune,North,9.48,1.02,11.2,12120849
1612,2,3,3,0,21,Delhi,West,8.59,8.79,11.97,10119917
1475,2,2,3,1,5,Bengaluru,West,6.89,6.07,3.54,9546389
4639,4,5,1,1,14,Mumbai,South,5.45,7.42,6.47,41789702
1165,3,4,2,0,0,Chandigarh,East,5.6,5.61,7.4,5814117
1359,5,5,3,3,7,Delhi,West,7.69,6.92,0.72,11951569
718,2,1,2,1,0,Pune,North,5.52,9.09,4.06,5173128
3555,1,2,1,2,4,Bengaluru,South,3.29,6.32,8.59,21007262
2924,2,3,1,2,21,Pune,South,4.57,5.55,11.89,15289771
3296,5,4,3,0,15,Mumbai,East,3.01,2.87,12.03,30005480
4036,1,1,2,3,1,Chandigarh,West,1.17,8.06,7.37,18878742
2302,4,4,1,1,27,Bengaluru,East,5.72,0.23,13.8,13705347
2376,1,1,2,2,11,Pune,East,1.55,10.0,2.38,12609812
4706,5,4,2,1,19,Pune,West,2.62,7.09,1.38,25051831
1648,5,5,3,3,20,Pune,West,0.23,0.35,12.63,9776873
4200,5,6,3,0,29,Chandigarh,North,9.59,7.12,9.32,19524974
2661,4,4,1,0,17,Pune,Central,0.67,6.72,8.87,14807620
4610,4,4,1,0,30,Pune,East,2.99,3.74,10.42,24200370
4497,4,3,2,2,5,Bengaluru,South,4.39,5.51,1.15,28209483
2195,5,4,3,0,18,Bengaluru,Central,1.43,7.77,5.71,13861770
3810,3,3,1,2,20,Bengaluru,South,7.73,9.24,6.71,23199165
1123,3,2,3,0,4,Bengaluru,Central,7.42,6.24,13.64,7107737
4925,4,3,2,2,6,Pune,South,9.14,9.2,5.86,27184725
3542,2,1,1,0,7,Chandigarh,South,0.65,4.66,4.71,16728585
4647,1,2,3,0,9,Bengaluru,South,3.74,5.15,8.36,27918653
2577,4,3,1,2,18,Delhi,South,2.17,4.6,1.49,18976733
1026,2,2,2,3,2,Pune,East,3.1,6.19,0.68,6476663
1510,2,3,2,1,12,Chandigarh,West,6.61,0.69,11.18,7691211
2459,4,5,2,1,19,Delhi,South,3.54,5.91,4.76,17738006
3499,3,4,3,0,1,Pune,Central,4.12,1.03,1.66,18197171
1373,5,4,2,2,19,Delhi,West,9.01,5.36,12.32,10736341
1379,1,1,2,0,22,Delhi,South,4.09,3.14,3.07,7979118
3263,5,4,3,3,14,Mumbai,East,9.61,9.58,13.56,31020814
3309,5,5,2,3,11,Chandigarh,West,0.28,2.42,14.9,16408887
4505,2,3,3,1,11,Chandigarh,Central,7.96,2.56,13.22,20229938
3397,1,1,1,3,12,Chandigarh,Central,9.92,6.29,6.08,15278352
4020,2,2,1,0,2,Chandigarh,East,3.36,5.38,10.59,18322810
1286,3,4,3,2,21,Pune,East,7.37,1.24,7.19,7116282
3922,4,5,1,2,19,Pune,North,6.57,8.16,11.8,19890332
881,5,5,1,3,22,Mumbai,West,1.12,2.01,14.18,8720439
1780,2,1,2,0,19,Delhi,East,4.41,8.55,3.71,11808666
3481,3,2,2,2,17,Chandigarh,East,2.42,7.37,9.06,15683220
1265,1,2,1,1,6,Delhi,Central,3.73,7.45,1.95,9235303
2246,4,4,2,2,20,Chandigarh,South,7.77,2.98,5.53,11261865
2447,2,2,2,1,1,Delhi,West,3.93,3.88,6.33,16103762
2885,2,3,1,0,18,Mumbai,North,0.65,9.5,11.3,24535481
2986,3,2,3,1,30,Pune,East,0.46,4.77,9.77,15102729
4433,4,5,3,3,8,Mumbai,West,6.74,8.08,2.93,40357338
998,1,1,1,2,17,Mumbai,East,7.65,1.57,12.88,8607566
864,1,1,1,0,27,Pune,East,6.14,2.0,11.9,3127364
4175,4,4,3,2,29,Chandigarh,South,6.94,4.97,7.74,19845785
696,3,3,3,2,11,Delhi,East,3.64,1.69,9.76,5832122
632,5,6,1,1,0,Bengaluru,South,9.97,2.03,9.92,6239543
3324,1,1,2,2,27,Mumbai,East,3.92,3.85,10.44,26193538
4994,5,6,2,1,10,Chandigarh,Central,5.17,6.45,9.67,24814534
2421,3,3,2,0,17,Delhi,North,5.56,3.6,6.63,16639144
4096,4,4,3,3,3,Delhi,South,4.18,9.06,10.54,28000741
1107,2,3,2,2,17,Pune,West,7.6,3.26,5.17,5276651
1917,4,3,1,3,17,Mumbai,Central,8.14,3.29,9.57,17376186
2017,1,2,3,3,14,Pune,East,2.2,0.86,9.94,9663100
1967,3,2,3,1,2,Delhi,South,1.86,2.57,3.72,14092321
2876,3,3,3,3,16,Mumbai,East,5.56,6.91,6.28,26065646
4638,5,6,2,1,19,Pune,West,3.36,6.59,14.36,24013470
1125,1,1,2,3,20,Delhi,Central,9.13,8.41,11.7,6502318
799,1,2,3,0,30,Mumbai,Central,6.87,1.25,5.52,6039908
1272,1,1,1,3,20,Pune,East,5.23,4.34,5.73,6420117
2920,4,3,1,1,4,Chandigarh,South,6.66,2.94,1.99,13757228
1168,1,1,2,1,17,Pune,West,6.25,6.27,1.08,5944208
1642,1,1,2,0,23,Bengaluru,North,8.3,4.95,4.09,9006724
961,5,5,3,2,26,Mumbai,Central,5.54,5.14,11.98,9729172
3690,2,3,2,0,5,Bengaluru,North,6.77,2.08,8.43,22018294
714,2,2,3,1,26,Chandigarh,South,8.25,4.1,0.79,3967202
1188,1,2,3,1,21,Delhi,West,6.81,8.5,9.35,7338153
2770,3,3,2,1,18,Pune,Central,8.38,5.81,11.81,14756244
1457,5,4,3,1,21,Bengaluru,North,7.96,5.45,7.01,10324530
1173,1,2,3,1,15,Bengaluru,West,5.81,4.14,8.18,7113956
3021,1,1,3,2,28,Bengaluru,North,6.22,2.72,3.49,17211045
758,3,4,2,0,18,Bengaluru,West,5.96,8.35,0.88,5468290
931,1,2,2,2,15,Bengaluru,North,6.26,1.57,14.68,4710201
2045,1,1,1,1,25,Delhi,North,5.24,5.09,7.11,12930850
2864,1,1,2,0,10,Delhi,East,7.69,3.02,10.23,17692831
4089,3,4,2,3,0,Pune,North,1.91,1.56,14.99,21059756
2348,4,3,2,3,4,Mumbai,West,8.83,0.56,11.46,22082957
645,3,4,2,3,21,Chandigarh,North,3.16,1.48,10.19,3996767
1403,2,2,2,1,13,Delhi,East,7.0,2.15,14.37,9416307
3599,1,1,2,3,18,Pune,East,8.06,4.59,7.07,18646920
3858,5,5,1,3,11,Bengaluru,North,5.43,9.33,13.98,24988777
3333,5,4,1,1,15,Chandigarh,West,0.57,6.69,9.14,15962011
3795,2,1,2,0,24,Mumbai,North,8.03,8.6,12.54,32792985
1462,5,6,2,2,12,Chandigarh,West,4.5,6.18,11.53,8288329
4034,4,4,3,2,24,Pune,South,6.94,6.65,9.62,21910236
4042,1,1,1,2,12,Chandigarh,West,2.64,7.61,13.23,18303461
2869,4,4,3,3,17,Bengaluru,East,3.79,8.29,7.21,17445124
550,5,4,1,3,30,Chandigarh,East,1.2,0.38,2.71,4059706
1484,3,4,2,2,18,Pune,North,2.12,0.72,8.05,8239183
1753,3,2,2,1,13,Bengaluru,South,8.52,1.11,2.44,11592353
1986,5,6,1,3,1,Bengaluru,East,5.84,5.07,3.44,14091674
1523,2,2,2,2,13,Delhi,East,6.56,9.3,5.84,10676134
4896,4,5,1,1,2,Mumbai,North,0.98,6.87,1.87,44827043
1119,3,4,3,3,18,Delhi,East,7.3,0.49,2.14,8849208
4555,1,1,1,0,4,Pune,Central,3.89,9.8,9.76,21798302
1265,2,1,3,1,5,Delhi,Central,8.2,2.08,12.3,8577430
2828,3,2,1,2,25,Mumbai,East,0.3,1.09,3.01,25833892
3962,5,4,3,0,18,Mumbai,East,6.97,5.34,13.29,34923277
4134,4,5,3,1,29,Chandigarh,West,8.77,8.04,4.35,19654609
3231,2,3,2,3,23,Delhi,East,9.01,3.65,9.98,21853903
4881,5,5,2,0,8,Delhi,East,9.03,8.01,2.44,34761362
3133,1,1,1,1,6,Pune,North,3.13,9.5,8.46,16248583
1545,2,2,3,2,13,Chandigarh,South,0.28,3.16,2.51,8207458
4578,5,6,1,0,23,Delhi,North,1.35,1.78,9.92,30779412
4674,3,4,3,2,2,Pune,North,6.06,4.78,0.21,24558326
2341,2,2,1,0,3,Chandigarh,West,1.11,5.56,3.46,11243024
628,3,2,1,3,10,Bengaluru,North,9.72,8.25,13.82,4860187
1415,3,3,2,0,2,Bengaluru,South,5.58,0.42,11.43,9006403
3751,3,3,2,0,29,Chandigarh,Central,5.51,2.89,3.27,18344937
2563,1,2,2,3,4,Mumbai,North,8.43,4.38,12.78,20416315
4299,2,3,3,2,13,Pune,West,8.53,9.85,0.45,22311785
3786,4,3,3,3,5,Delhi,North,5.54,3.5,14.48,25758901
1343,1,2,1,1,28,Delhi,West,1.06,6.76,13.44,8128343
1534,5,5,3,1,6,Bengaluru,South,2.13,0.89,8.39,10854060
1481,2,2,1,0,20,Mumbai,North,9.48,3.37,3.37,13055377
3550,2,1,2,0,26,Bengaluru,South,6.18,2.28,14.25,20805195
1087,2,3,1,2,23,Mumbai,West,1.49,7.45,3.46,10536956
4309,5,4,3,0,9,Delhi,North,8.55,3.25,14.58,29569181
1535,2,2,1,3,27,Bengaluru,South,9.35,8.74,11.73,9636993
1146,2,3,3,3,14,Chandigarh,Central,0.69,0.49,1.74,6201816
4003,3,2,3,2,3,Chandigarh,North,4.64,8.18,13.8,17904821
3248,5,6,3,2,5,Mumbai,Central,4.15,4.28,2.1,31176788
1222,1,1,2,2,0,Chandigarh,South,2.28,3.06,9.98,6425797
923,3,2,3,1,27,Delhi,North,2.58,8.75,5.17,6915681
905,1,2,1,3,21,Mumbai,Central,5.1,9.78,6.98,7742812
1441,1,1,3,1,0,Bengaluru,East,0.65,6.23,9.53,8551286
2522,4,5,3,3,5,Mumbai,South,4.94,3.79,6.42,23264621
4148,1,1,3,0,14,Bengaluru,South,9.39,9.96,0.96,24866851
4789,5,6,1,2,30,Bengaluru,East,5.09,0.43,4.65,30643043
1875,4,3,2,0,24,Bengaluru,West,2.21,3.37,3.0,12027372
3828,2,1,3,0,0,Delhi,West,6.18,4.77,11.74,25274362
691,5,4,2,3,30,Chandigarh,North,8.14,2.16,8.79,4339286
3357,5,4,3,2,24,Mumbai,East,1.21,4.07,14.53,29890686
3857,1,2,2,1,6,Delhi,Central,3.8,5.87,14.78,24599265
1815,4,4,1,1,17,Mumbai,East,6.45,6.99,14.64,16407292
845,1,1,3,2,15,Mumbai,Central,0.93,0.41,6.31,8201664
760,2,2,2,3,13,Pune,Central,0.26,9.75,6.44,4415719
696,3,4,1,3,13,Mumbai,East,2.43,2.13,9.62,7009642
1206,1,2,3,0,13,Delhi,East,2.23,7.28,0.31,8487892
3663,3,2,1,2,0,Pune,Central,5.47,8.17,11.63,18479586
1192,2,2,3,3,8,Mumbai,East,6.38,6.71,3.22,12634982
2597,5,6,3,3,17,Mumbai,Central,2.78,8.82,13.48,23806347
1130,4,3,3,2,29,Chandigarh,East,2.7,9.62,13.18,5857634
3205,5,4,2,3,2,Mumbai,South,6.33,4.69,11.03,29701812
1087,3,4,3,1,7,Mumbai,East,8.64,5.73,7.85,10220033
2262,5,6,3,0,23,Chandigarh,Central,6.82,8.32,2.33,11737361
2145,5,4,1,1,27,Bengaluru,North,9.41,0.85,8.77,14877228
898,2,1,2,1,11,Pune,Central,4.26,9.18,4.65,4380075
2155,3,4,1,2,13,Chandigarh,East,6.21,9.0,5.84,10768826
4430,3,2,3,2,24,Delhi,North,7.31,0.54,8.01,28826514
1377,5,4,3,2,7,Pune,East,3.56,9.7,5.33,8044949
1119,5,5,3,0,25,Mumbai,Central,4.53,5.97,14.17,11593112
651,4,5,1,2,22,Pune,Central,0.29,5.58,4.52,4697658
3313,1,1,3,3,26,Chandigarh,West,1.36,7.28,1.48,14975553
1821,3,2,2,0,8,Pune,Central,3.3,2.0,7.38,9866870
1196,5,5,1,1,24,Pune,West,8.12,0.2,14.51,6212814
2356,4,4,3,3,16,Mumbai,East,8.82,3.66,1.24,22561890
2583,3,4,3,2,3,Chandigarh,East,9.65,6.65,1.36,12781771
3092,1,2,2,0,27,Pune,West,7.54,0.62,9.24,15785097
3536,1,2,2,2,5,Bengaluru,Central,2.33,0.96,11.61,20681309
779,3,4,2,1,26,Pune,Central,6.37,2.03,3.93,5540896
4898,1,1,1,2,21,Delhi,East,9.49,4.85,13.88,32190414
3273,1,2,2,3,16,Chandigarh,West,2.43,5.51,2.36,15652918
2269,2,2,3,2,3,Bengaluru,West,9.02,7.61,6.16,14176276
3466,3,4,1,3,4,Pune,South,5.49,8.7,6.67,18848692
3755,1,2,3,1,7,Pune,West,4.47,4.2,12.88,18683696
2975,5,4,3,2,24,Delhi,East,9.56,9.32,4.27,21633399
2599,3,4,1,3,3,Chandigarh,Central,0.53,1.09,12.99,12109207
2547,3,4,2,2,5,Pune,West,2.4,7.81,4.51,12807820
2096,5,5,3,0,26,Bengaluru,Central,3.49,6.89,14.42,14199026
2971,1,1,3,0,30,Pune,West,2.85,6.37,8.31,14952263
815,5,5,1,0,28,Mumbai,North,3.67,1.9,10.42,8510350
2041,3,4,3,3,19,Bengaluru,South,2.41,8.7,2.31,13860136
4913,5,5,2,0,23,Pune,Central,5.62,0.59,10.33,25486306
1022,3,4,1,0,9,Bengaluru,Central,0.35,9.09,10.66,6761605
1330,1,1,2,1,18,Bengaluru,East,3.55,4.1,3.48,7903662
4887,1,1,3,2,23,Bengaluru,East,0.76,5.16,11.01,29380988
841,2,1,1,3,22,Pune,Central,7.99,0.9,11.12,4653970
2005,5,5,2,1,13,Mumbai,East,0.25,0.46,11.95,19485543
4014,5,4,3,1,5,Mumbai,East,5.9,9.3,10.04,36094260
2913,3,3,2,3,9,Chandigarh,West,8.93,0.62,12.95,13650726
4834,4,4,2,2,17,Chandigarh,West,2.73,0.29,13.04,22295817
954,4,3,1,0,5,Delhi,Central,1.13,3.43,14.55,7196576
2101,3,2,2,0,17,Bengaluru,Central,1.48,8.73,14.14,12856925
692,4,4,3,1,8,Bengaluru,North,4.86,3.18,2.97,5818914
1445,1,1,2,2,3,Pune,West,4.79,6.77,10.65,7356428
544,1,1,3,1,14,Chandigarh,East,4.2,7.28,0.81,2635130
754,1,1,3,3,4,Delhi,South,0.26,0.49,13.04,4809552
3062,5,6,2,3,4,Bengaluru,West,5.05,2.63,4.37,21078630
4369,5,5,2,3,5,Mumbai,Central,5.24,7.87,2.89,40133049
3945,2,3,3,3,12,Delhi,South,8.54,4.43,11.14,27304834
4824,2,3,2,3,30,Delhi,East,1.33,5.72,14.46,31482640
2341,1,1,2,2,8,Delhi,West,3.8,9.35,3.51,15726879
2694,4,3,1,3,24,Bengaluru,South,2.07,0.3,4.68,17100926
4974,1,1,3,0,11,Pune,Central,6.29,4.51,5.01,24699166
3435,3,4,1,3,28,Chandigarh,South,8.01,9.89,3.83,15626954
4894,4,5,3,2,27,Delhi,East,8.48,9.11,11.26,33211873
2029,4,3,2,3,25,Chandigarh,North,5.39,4.43,3.03,9398657
2688,4,3,2,1,16,Mumbai,West,6.36,8.82,1.79,25202348
1562,3,4,3,0,12,Mumbai,Central,2.09,0.77,8.26,14153736
3701,3,2,2,0,5,Pune,North,8.34,6.7,14.85,18933782
858,3,2,2,0,15,Mumbai,South,8.26,2.13,12.08,7844538
780,2,3,1,1,20,Mumbai,South,3.89,8.13,2.23,7855962
1478,1,2,2,2,0,Bengaluru,West,1.96,8.52,8.18,8848559
887,1,1,3,2,24,Chandigarh,South,7.48,8.61,1.56,3663049
1894,2,2,1,0,9,Chandigarh,East,3.21,0.3,0.6,9440566
3684,2,1,3,2,20,Delhi,South,1.0,9.42,10.76,24529950
887,4,3,1,1,6,Chandigarh,Central,6.58,7.02,6.79,4581179
4870,2,2,2,3,10,Delhi,Central,7.81,5.48,7.02,33112010
2192,5,6,1,0,1,Pune,North,5.62,4.16,8.66,12464500
2260,2,3,2,2,5,Delhi,North,2.68,2.73,1.62,14853055
1526,5,4,3,3,12,Chandigarh,East,6.3,5.46,13.47,8241799
1348,3,4,1,0,5,Bengaluru,Central,6.85,0.91,13.54,9158494
1929,5,4,1,2,20,Delhi,West,4.69,6.83,6.79,14137930
4922,2,1,1,1,13,Bengaluru,Central,9.44,3.31,3.73,30082654
4782,1,1,2,2,17,Chandigarh,Central,4.69,2.01,4.18,21881574
3479,1,2,1,0,2,Chandigarh,South,6.76,0.87,11.96,15482588
2244,4,3,2,0,28,Bengaluru,East,9.64,4.12,10.73,13153608
3512,2,3,1,0,15,Chandigarh,Central,3.96,1.96,7.89,15693413
1377,2,2,3,3,27,Mumbai,South,6.02,4.35,11.49,13129389
1924,4,4,1,2,2,Bengaluru,West,4.72,4.28,14.85,12537693
4176,3,2,2,0,18,Chandigarh,North,2.71,3.97,2.14,19527417
1741,4,3,1,3,3,Mumbai,South,9.64,9.45,2.52,18188085
4642,2,1,2,2,30,Bengaluru,North,4.09,9.01,5.02,28008349
3176,5,4,3,0,14,Bengaluru,West,1.58,8.96,2.33,21224610
3545,4,3,2,3,9,Mumbai,West,9.35,0.34,2.49,33530461
2172,5,4,2,1,14,Mumbai,North,7.06,2.0,12.31,21526734
4698,5,5,3,2,18,Mumbai,Central,6.47,6.51,3.22,42949627
3734,1,1,1,3,30,Mumbai,East,8.46,9.19,13.53,30344004
1715,5,4,2,1,2,Bengaluru,North,5.82,3.44,2.17,12777404
1907,2,3,2,1,26,Chandigarh,Central,1.15,5.92,4.85,8961287
3678,1,1,3,3,6,Delhi,West,4.02,5.22,13.65,23752336
4036,5,5,1,0,12,Chandigarh,North,9.21,9.83,5.89,19872847
987,2,1,2,0,11,Chandigarh,North,4.17,7.38,12.92,4263392
3106,4,5,2,1,15,Chandigarh,East,3.15,4.68,9.49,14499286
1765,1,1,3,2,14,Delhi,North,7.71,9.26,12.69,10869168
2427,2,2,3,2,2,Chandigarh,Central,3.11,8.64,12.09,10879208
939,4,4,1,2,11,Pune,Central,3.34,7.4,14.14,5538734
3557,3,3,1,0,23,Bengaluru,North,3.09,6.42,13.62,21263879
2450,2,1,2,3,26,Delhi,South,8.18,6.05,5.18,16870592
3154,3,4,1,0,16,Delhi,West,2.04,1.07,13.3,21410584
700,5,5,2,2,0,Mumbai,East,0.65,9.44,8.07,10301543
2036,1,1,1,1,1,Delhi,West,3.62,7.7,14.2,12592703
2519,1,1,2,1,6,Pune,North,1.84,1.2,12.7,11634761
2009,5,5,1,0,17,Pune,South,5.61,5.14,9.83,11623180
3168,5,5,3,3,23,Delhi,North,5.66,1.61,9.61,22880757
3385,2,3,1,2,0,Delhi,Central,5.2,6.48,0.21,22287072
916,1,2,1,3,7,Mumbai,East,7.91,8.62,2.79,8271489
1211,1,2,3,0,19,Bengaluru,West,2.24,9.46,11.45,7081518
3448,4,5,2,2,8,Pune,South,3.03,7.76,6.48,19050733
2097,5,5,2,1,11,Bengaluru,East,9.21,8.19,9.54,14745313
1593,4,5,2,0,10,Pune,West,0.93,7.44,5.96,8844922
1405,2,2,1,0,25,Pune,North,5.61,1.33,13.36,6521184
4946,4,5,1,1,27,Delhi,Central,8.4,6.43,4.04,33242941
3346,5,6,2,0,3,Chandigarh,Central,0.4,4.94,4.81,16713916
4507,3,3,1,3,25,Pune,West,3.25,6.38,5.13,24419193
714,2,2,1,0,26,Chandigarh,South,3.53,3.74,2.41,3896604
4911,1,1,2,0,21,Bengaluru,North,2.87,2.82,1.76,28943625
1353,4,5,3,3,2,Mumbai,Central,0.6,5.76,10.42,15387597
1150,4,3,2,1,0,Delhi,East,9.32,7.19,13.93,9160742
2920,5,6,2,0,21,Mumbai,South,2.31,9.85,8.24,27363474
1710,4,3,1,0,7,Mumbai,Central,4.12,6.67,10.72,15479275
3065,5,6,2,2,18,Delhi,North,9.93,5.92,8.94,22146900
4139,3,4,3,1,9,Bengaluru,South,1.91,5.12,5.88,25678948
2719,5,4,3,3,1,Chandigarh,North,7.87,4.82,8.55,14484393
4255,4,3,2,3,12,Bengaluru,Central,7.36,2.18,5.28,26890307
2740,4,5,1,1,29,Chandigarh,Central,3.05,3.16,9.24,13973551
3477,5,5,2,3,22,Bengaluru,West,8.17,5.97,9.12,22596455
1389,2,2,1,2,26,Bengaluru,West,2.0,9.13,14.35,8190202
1723,1,1,2,1,27,Delhi,Central,3.7,7.68,8.7,11007811
1577,1,1,1,2,7,Mumbai,East,1.49,7.28,4.78,13508973
2552,5,6,3,2,29,Bengaluru,South,6.16,0.25,8.72,15952510
1065,1,1,3,1,16,Bengaluru,South,6.44,8.72,1.05,7101248
3633,5,6,2,0,11,Mumbai,East,3.42,7.54,14.23,32538255
4161,5,4,1,0,3,Delhi,Central,7.34,8.87,13.4,29830664
4489,5,4,2,1,0,Chandigarh,West,9.17,0.29,4.95,21826590
2521,2,2,1,2,27,Mumbai,South,6.72,7.71,5.59,21516962
622,4,3,1,0,27,Mumbai,Central,3.69,4.45,7.77,6512811
2229,5,6,3,2,0,Pune,East,7.76,4.13,8.64,13228625
1461,2,3,3,2,19,Mumbai,West,7.07,2.86,14.35,12478306
2440,4,3,1,2,13,Mumbai,South,2.37,0.54,0.78,23796938
2005,5,5,1,2,14,Chandigarh,West,8.75,3.8,12.05,9028879
1320,4,4,3,1,20,Pune,West,0.56,6.19,11.24,6757986
3476,1,1,2,2,9,Bengaluru,Central,3.14,8.01,12.67,21049974
773,3,2,2,2,27,Bengaluru,South,0.74,7.81,10.71,5415776
1352,1,1,3,1,13,Bengaluru,South,4.54,0.31,1.7,7887126
4811,5,6,3,3,3,Mumbai,West,8.03,6.98,8.84,43469232
3415,1,1,3,1,17,Pune,North,5.95,6.91,11.87,15912005
4424,5,4,2,3,3,Pune,North,3.82,7.91,14.33,24017586
2452,2,2,2,0,9,Bengaluru,Central,5.9,2.3,14.9,14876060
4976,4,3,1,3,1,Chandigarh,West,4.77,6.48,12.86,23506280
1738,1,1,3,1,4,Chandigarh,Central,3.24,1.48,3.73,7785195
3706,5,6,1,0,15,Chandigarh,North,3.35,5.38,5.04,17904980
2891,3,2,3,1,11,Pune,South,5.84,5.09,1.39,14064225
4981,2,3,2,1,29,Pune,East,5.45,7.68,2.32,24870993
1441,5,6,2,3,24,Bengaluru,North,2.17,9.04,2.07,10973620
2941,1,1,2,0,13,Pune,North,4.52,6.07,8.36,13593700
4940,1,1,2,2,24,Bengaluru,South,9.81,7.33,12.31,28917046
1269,2,2,2,0,6,Pune,West,3.43,6.83,11.02,6026146
3317,5,6,3,0,8,Mumbai,Central,0.49,3.75,7.33,31011251
2398,1,1,3,3,2,Delhi,Central,9.7,8.94,9.13,16560980
4155,1,2,1,1,1,Mumbai,West,0.72,3.16,1.44,36100026
4569,4,3,1,3,22,Mumbai,North,0.89,4.07,1.84,41939505
3852,5,5,1,0,17,Chandigarh,West,3.17,2.75,3.33,18918323
1571,3,2,1,1,0,Mumbai,West,2.65,8.44,6.09,14516660
3046,5,5,3,1,15,Chandigarh,Central,4.66,1.62,9.25,15315520
2422,1,2,1,3,3,Bengaluru,North,3.02,9.05,0.29,14647036
810,3,3,1,2,6,Pune,Central,5.8,9.75,2.47,4917580
4846,1,2,2,1,8,Bengaluru,South,5.65,5.84,2.74,28794642
1533,2,3,2,0,21,Bengaluru,South,1.95,8.15,9.86,9573705
1080,4,4,3,3,6,Chandigarh,West,4.46,5.91,13.76,6355005
4181,4,5,2,1,14,Bengaluru,Central,0.86,4.85,1.45,26430373
1788,4,3,3,2,6,Delhi,North,5.64,1.16,12.21,13445473
3983,3,3,3,2,2,Bengaluru,North,4.22,6.68,5.87,25758436
4473,4,3,1,1,11,Mumbai,West,3.53,5.32,10.16,38533186
2607,1,2,1,3,21,Bengaluru,East,9.96,0.85,5.02,15050589
1128,5,5,3,2,5,Chandigarh,Central,8.88,8.22,2.32,6352840
4263,3,3,3,2,4,Chandigarh,North,0.47,6.95,6.27,20196363
3231,4,4,2,2,7,Chandigarh,Central,9.96,4.84,11.67,16539837
4053,4,5,3,1,14,Mumbai,Central,9.44,8.27,10.87,37056890
3351,2,3,3,2,3,Mumbai,East,6.07,5.52,3.33,30476173
4481,2,1,3,3,6,Delhi,North,1.01,1.43,0.79,29973387
4702,5,6,3,3,22,Mumbai,North,7.89,7.12,9.94,43973395
4590,2,2,2,3,3,Pune,South,1.5,9.55,5.86,23815953
2420,5,4,3,3,16,Pune,East,0.77,1.11,8.54,13898278
773,1,1,3,2,3,Delhi,Central,2.89,4.29,13.06,5063620
4567,3,4,2,3,0,Pune,West,5.55,6.34,14.34,22372726
2323,1,1,1,3,30,Mumbai,South,3.33,2.0,14.93,19153986
865,3,2,1,3,9,Delhi,North,6.03,3.41,3.28,6786951
3011,5,4,2,2,17,Mumbai,South,1.26,4.85,0.87,29327500
1610,2,1,1,1,22,Bengaluru,East,0.51,4.93,7.53,10370551
4183,4,3,1,2,1,Chandigarh,South,6.31,4.72,0.34,19542515
753,4,3,2,1,9,Chandigarh,East,3.73,4.44,10.94,4773492
2518,5,5,2,1,30,Delhi,East,5.04,1.71,11.42,17941758
802,5,6,3,2,28,Delhi,East,2.13,8.93,5.84,7106004
3912,2,1,1,3,22,Chandigarh,South,9.65,6.96,0.93,18463781
4358,3,3,2,1,1,Mumbai,South,2.14,2.88,13.21,38043349
1418,1,1,1,1,20,Mumbai,West,7.04,0.25,7.79,11772492
3599,4,5,1,2,13,Chandigarh,West,6.39,0.73,13.61,16878894
3060,3,2,2,3,3,Pune,West,5.16,4.09,4.05,17001070
3154,5,5,2,2,7,Delhi,North,4.02,2.58,11.8,22317830
4470,5,4,3,2,27,Bengaluru,West,4.3,1.86,0.47,29328208
2742,3,4,3,3,12,Delhi,North,9.5,3.78,2.38,19678847
4204,4,5,3,0,9,Mumbai,North,6.35,2.02,7.7,37404128
1903,3,3,1,3,23,Mumbai,East,5.51,8.41,14.29,17884256
3632,4,3,2,1,13,Mumbai,North,6.18,9.1,3.06,33385704
1788,1,1,2,2,24,Pune,West,4.79,6.77,7.45,8628212
2899,2,3,2,0,18,Mumbai,Central,6.03,6.66,8.08,24751905
2286,3,4,1,2,9,Bengaluru,East,3.69,6.38,9.62,15620287
2657,1,2,1,3,22,Pune,North,6.31,3.64,13.31,13425607
2803,4,3,2,2,2,Pune,North,2.55,4.68,3.99,16064947
1098,3,3,2,3,5,Delhi,North,1.42,8.49,0.77,9395867
4400,2,1,1,0,17,Chandigarh,Central,7.07,4.52,13.46,19647171
1284,5,4,2,2,18,Delhi,Central,3.83,2.51,2.23,11265529
3338,4,5,2,2,26,Bengaluru,South,3.92,1.09,12.86,20800194
4439,1,1,2,3,8,Mumbai,South,8.49,9.53,14.45,37785836
760,5,6,2,1,22,Mumbai,North,6.38,4.14,10.37,8837712
2969,2,3,1,3,18,Bengaluru,West,3.6,4.02,12.6,17754568
539,1,1,2,2,26,Mumbai,West,4.52,7.05,11.59,2989972
1607,5,6,1,0,18,Bengaluru,Central,6.7,9.44,12.31,11850248
1129,5,5,2,0,28,Pune,South,6.96,8.29,4.51,6074396
1875,1,1,1,1,20,Pune,North,8.16,1.5,10.9,9060795
3099,3,3,3,0,12,Bengaluru,East,5.44,4.66,2.73,20216143
2023,1,1,2,1,27,Bengaluru,East,9.17,6.89,14.87,11269365
552,3,3,2,1,27,Pune,West,3.91,6.06,0.43,1909220
4437,1,1,1,1,0,Delhi,West,9.27,1.8,10.66,27999920
1322,1,2,1,2,29,Bengaluru,North,3.37,7.03,1.57,8332479
2221,5,4,3,1,15,Chandigarh,West,4.4,5.78,7.57,10963101
2368,2,2,2,3,27,Mumbai,Central,2.0,9.85,13.02,20629545
3643,1,2,2,0,11,Delhi,West,8.3,4.29,12.02,22993892
3702,2,1,3,1,27,Pune,East,2.71,4.59,11.08,18921986
2500,5,4,2,1,28,Pune,Central,6.24,7.85,11.52,13755594
3748,2,3,3,1,11,Bengaluru,West,8.11,8.41,5.42,23327885
3504,4,3,3,1,26,Pune,East,4.71,5.46,14.15,18237513
1940,4,5,3,3,21,Pune,North,1.69,3.47,14.39,10586664
1185,5,5,2,3,20,Pune,North,9.25,9.47,7.44,6963560
2992,3,4,1,3,9,Chandigarh,South,7.89,6.71,13.7,13678014
3810,5,5,2,1,18,Chandigarh,South,3.2,6.82,0.55,18490061
4388,4,4,3,0,2,Delhi,West,7.94,4.48,6.64,28885070
3728,4,5,3,2,23,Chandigarh,North,8.33,5.81,11.64,17121527
4040,1,2,2,3,29,Delhi,East,0.34,3.53,11.71,26061642
2851,5,4,1,3,26,Pune,East,2.13,7.83,10.44,15806813
2960,2,2,3,0,23,Bengaluru,South,6.72,7.75,11.91,17525828
3350,2,3,2,2,28,Chandigarh,North,5.63,5.58,2.55,14558096
678,3,2,1,0,11,Bengaluru,West,5.6,7.95,0.31,5115604
668,2,3,3,0,28,Pune,North,5.09,1.59,2.0,2597125
3967,5,4,1,2,6,Pune,South,6.79,3.59,3.2,21402742
1519,2,3,3,3,9,Mumbai,North,0.58,8.4,1.93,13959102
3973,4,5,2,3,7,Delhi,East,6.85,3.65,6.01,27457947
1501,5,6,2,1,21,Delhi,South,3.73,9.85,7.08,11202859
1833,4,5,1,2,5,Chandigarh,West,1.83,7.57,12.74,8743812
643,4,5,1,2,1,Delhi,Central,6.23,5.44,6.83,5987514
1025,3,4,3,2,10,Pune,West,7.23,4.45,2.26,6091406
4044,2,3,2,3,13,Delhi,South,0.27,7.59,7.92,26668533
1595,4,5,2,1,11,Chandigarh,North,3.36,7.28,1.65,8668178
2053,3,2,2,0,8,Bengaluru,Central,2.69,8.77,6.32,13459125
2821,5,5,3,2,27,Mumbai,North,7.92,5.08,14.7,26184339
4202,5,5,2,3,22,Pune,North,8.34,4.73,5.14,22729951
4668,3,4,3,2,18,Bengaluru,East,4.03,7.06,5.84,30473298
2356,2,3,3,2,11,Mumbai,North,6.03,9.65,11.31,20060513
1984,2,1,3,2,19,Pune,West,5.88,5.0,2.96,11129074
3874,4,5,2,2,14,Pune,East,0.22,8.98,11.28,20156680
1478,4,3,2,0,8,Bengaluru,East,3.14,4.47,1.87,9409151
4850,5,5,1,1,16,Pune,West,7.92,8.68,3.99,25033587
4826,5,6,2,3,30,Bengaluru,East,4.43,5.88,2.72,31690541
4467,1,1,2,0,25,Pune,South,8.73,0.71,6.41,21901620
2734,2,1,1,2,22,Bengaluru,West,8.08,8.44,3.96,16760195
578,4,3,2,3,17,Pune,North,4.19,1.84,11.98,4030819
2492,3,2,1,1,25,Delhi,Central,3.75,0.8,9.96,16118805
3595,4,4,2,1,19,Pune,South,9.32,2.24,12.65,19169351
4610,3,3,1,3,0,Mumbai,West,2.3,5.58,7.95,41002772
4910,4,4,1,0,16,Pune,East,0.53,3.38,6.52,26607337
928,3,3,1,3,17,Mumbai,East,9.63,3.04,1.07,9779085
4981,4,3,1,3,4,Delhi,West,9.23,2.29,8.66,34361732
1413,2,1,3,1,29,Pune,West,3.4,9.09,9.9,7149269
1391,3,2,2,1,6,Pune,South,0.77,6.08,12.02,7539724
2903,5,6,1,1,4,Pune,Central,8.78,3.73,8.64,15513703
4134,1,1,1,0,11,Pune,North,7.99,7.9,4.18,21145981
4059,5,4,3,3,5,Pune,East,6.79,3.44,4.29,22872730
4361,1,2,3,2,1,Delhi,Central,4.75,5.72,4.61,27891922
1855,1,2,1,0,16,Chandigarh,East,9.47,5.42,11.0,8375241
2463,1,2,3,2,8,Chandigarh,East,5.52,2.34,1.73,12025430
1387,2,2,2,0,16,Bengaluru,Central,7.43,7.87,13.98,7996932
846,3,2,2,3,12,Bengaluru,South,9.51,6.04,1.72,6588824
3154,2,2,2,1,16,Bengaluru,South,9.23,2.38,11.17,18054773
1278,2,1,3,2,1,Mumbai,West,1.58,6.12,3.62,11790712
4982,2,2,1,0,2,Mumbai,North,1.17,0.62,12.46,42160532
3684,2,1,2,0,11,Bengaluru,North,0.55,0.8,10.37,21691217
1836,1,1,3,2,25,Chandigarh,West,1.8,2.77,4.39,7362124
2989,4,3,2,2,3,Mumbai,West,8.71,8.62,1.27,27855414
2022,3,3,3,2,29,Delhi,Central,4.68,7.73,3.88,13691423
4419,3,2,2,3,3,Bengaluru,South,5.86,0.56,8.37,28113072
539,5,6,2,1,9,Delhi,North,4.78,9.59,4.06,6280413
4630,5,4,1,3,11,Chandigarh,Central,5.32,5.98,12.58,22685785
1003,2,2,2,2,2,Mumbai,North,5.44,7.81,11.05,8375497
3725,1,1,2,3,8,Chandigarh,West,4.87,8.93,1.69,17061160
856,5,4,1,3,22,Bengaluru,South,6.9,9.28,4.57,7065850
3990,3,4,1,2,5,Delhi,West,7.72,2.05,7.43,28310807
2817,4,4,3,1,28,Delhi,East,4.26,4.69,10.39,17865218
3086,1,1,2,2,0,Delhi,North,1.32,0.67,3.17,20621623
2946,2,1,2,0,1,Pune,North,8.78,9.84,11.54,15146951
2679,5,4,2,0,1,Pune,North,5.44,1.7,11.23,14960433
3395,1,1,3,3,11,Delhi,South,4.03,0.35,13.66,22179570
2818,3,4,1,1,20,Chandigarh,Central,6.5,6.12,6.91,12406126
513,2,1,1,0,24,Bengaluru,East,2.77,4.06,9.41,2857071
1370,1,1,3,0,15,Pune,Central,5.29,2.57,1.58,7046373
3487,2,1,1,3,9,Pune,South,9.88,8.35,11.14,18797915
1135,3,4,3,1,26,Delhi,North,7.65,2.01,3.48,8178269
792,4,3,1,1,6,Chandigarh,Central,7.99,1.84,5.78,4157127
1486,2,3,3,2,30,Delhi,Central,1.36,7.91,10.75,10256340
3107,1,1,2,0,9,Bengaluru,Central,3.45,3.01,3.31,18859706
3439,1,1,3,3,0,Bengaluru,West,3.49,0.68,11.06,20996713
3697,2,3,1,2,18,Pune,North,4.16,8.27,2.13,18579974
3213,1,2,1,1,2,Delhi,West,8.44,8.23,0.23,21612332
2180,4,4,3,3,29,Pune,East,8.45,2.7,3.24,12481893
660,5,5,3,1,6,Delhi,North,3.62,2.02,7.6,6415963
3382,2,2,2,3,29,Mumbai,East,6.26,8.44,3.21,29440050
1524,5,4,1,1,16,Chandigarh,North,4.88,3.39,4.44,7410071
4744,2,1,3,1,14,Pune,East,3.6,9.14,7.68,24072495
2996,1,2,2,3,3,Delhi,Central,6.14,1.33,1.36,19764403
4574,2,2,3,0,10,Mumbai,North,0.96,8.21,6.67,39731155
3979,4,4,1,2,27,Chandigarh,East,8.04,1.91,4.95,17542104
2805,2,1,3,1,27,Mumbai,North,0.91,9.89,10.68,23493565
4885,2,2,2,2,3,Bengaluru,North,2.35,9.65,8.16,30950113
4911,3,2,3,2,22,Bengaluru,South,4.66,0.51,14.87,30609255
1498,3,4,1,1,16,Pune,North,8.92,9.34,9.45,7958243
4966,2,3,2,3,8,Delhi,South,5.28,5.11,6.38,33720660
1063,2,3,2,3,11,Chandigarh,North,5.88,8.33,7.79,4453060
4690,4,5,3,0,12,Mumbai,Central,0.53,4.24,1.19,41744013
4587,1,1,2,0,19,Pune,North,1.37,5.65,4.02,22791656
4409,4,5,2,1,5,Chandigarh,Central,4.7,8.44,5.49,22166225
590,3,4,1,2,25,Mumbai,Central,2.61,4.62,8.09,6521092
2769,2,1,2,1,27,Bengaluru,Central,3.26,3.48,8.21,16461811
1166,1,2,3,2,0,Bengaluru,West,0.35,8.84,8.1,7536624
4514,1,1,3,3,19,Bengaluru,Central,5.96,7.31,1.88,27465688
3150,3,3,1,0,7,Bengaluru,South,7.05,0.84,0.67,19302024
4354,4,3,3,3,7,Chandigarh,West,8.98,3.56,8.05,20983369
1526,5,6,3,3,15,Delhi,South,4.9,6.52,4.29,12206681
1533,2,3,1,1,15,Bengaluru,North,2.93,0.77,4.43,9658225
1814,3,3,1,2,11,Bengaluru,East,3.37,9.58,7.34,12600203
2838,2,3,3,1,6,Pune,West,3.18,0.56,4.41,14162079
3855,5,4,3,2,19,Pune,Central,3.91,7.69,4.9,20283198
3548,5,4,3,2,21,Chandigarh,South,5.57,5.33,9.06,18177620
2063,1,1,2,2,22,Mumbai,South,7.94,0.61,10.0,17441221
822,5,4,3,1,12,Mumbai,West,0.63,8.06,3.08,10129918
2425,5,4,1,2,18,Mumbai,East,9.79,2.48,2.42,23914214
4059,3,3,3,1,21,Bengaluru,Central,6.19,1.13,14.53,24730913
3638,1,1,1,1,12,Chandigarh,Central,1.75,1.66,2.7,16801030
1533,1,2,2,3,30,Delhi,East,1.4,3.68,1.86,9797027
3396,5,5,3,0,14,Delhi,South,4.06,3.44,3.02,24581719
2966,4,4,2,0,30,Pune,East,2.77,0.41,9.75,15081660
3794,3,3,3,0,6,Delhi,North,8.02,9.28,2.18,27121819
852,2,3,3,0,2,Pune,South,6.39,6.32,8.72,5237252
3368,4,4,3,2,16,Mumbai,Central,8.33,7.24,13.38,29912115
4254,2,2,3,2,18,Mumbai,East,1.95,7.0,12.11,36186968
1959,5,6,2,1,12,Delhi,South,6.9,8.7,1.52,14927076
2783,4,4,2,2,13,Delhi,East,0.23,7.99,11.8,19780139
2025,2,2,1,1,13,Bengaluru,North,5.0,6.08,12.31,12987655
2636,4,5,3,2,2,Chandigarh,West,7.15,3.72,4.52,13536839
1342,1,2,1,2,9,Pune,North,6.66,7.19,4.36,6942600
2423,4,3,2,3,27,Pune,North,8.77,9.23,7.86,13619153
4297,1,1,2,1,13,Mumbai,West,8.33,3.04,13.83,36326563
4371,5,4,2,3,19,Bengaluru,West,10.0,8.67,3.32,28460421
2367,1,1,3,0,27,Chandigarh,North,8.6,9.54,12.84,10093097
1623,5,4,3,0,11,Pune,North,2.13,7.75,6.59,8826243
3345,4,5,3,1,25,Pune,North,9.96,0.41,2.5,17636125
4652,1,2,3,0,25,Bengaluru,West,1.68,3.8,10.83,28020957
2794,4,5,1,3,3,Delhi,East,6.08,5.85,1.57,20589980
4443,1,2,3,1,10,Delhi,West,5.72,5.48,13.91,28220401
2876,5,5,2,2,0,Chandigarh,West,7.56,5.91,12.99,15075394
1523,1,2,1,3,29,Chandigarh,Central,8.87,5.27,4.65,7696291
4097,4,5,3,0,13,Chandigarh,East,7.44,5.45,3.88,19121732
3246,5,6,1,2,12,Mumbai,Central,2.55,8.67,9.4,30955651
3479,5,5,3,3,18,Pune,Central,1.94,2.67,8.8,18855806
3749,1,1,1,0,14,Delhi,South,0.22,3.56,13.95,23347191
1858,5,6,1,2,1,Chandigarh,North,8.02,2.17,12.81,10551262
4910,3,3,1,0,28,Delhi,Central,3.82,2.89,6.01,32618877
1181,4,5,3,3,2,Bengaluru,South,0.5,6.35,13.04,8492212
3616,1,1,2,0,21,Delhi,East,7.21,0.84,0.8,23169886
3055,3,3,1,1,18,Chandigarh,West,2.16,2.53,13.71,13997353
3461,5,5,1,1,8,Chandigarh,North,3.55,8.29,11.96,16542844
1354,1,2,2,3,21,Mumbai,South,5.64,6.45,12.86,10841627
4602,3,4,3,0,0,Bengaluru,North,6.95,7.9,9.58,29238746
4112,2,2,3,3,13,Pune,Central,5.0,2.98,2.55,21494726
1707,4,4,1,2,12,Mumbai,North,3.75,7.63,1.42,17486547
2262,4,5,3,1,10,Bengaluru,East,7.66,9.35,11.12,15171726
2723,5,5,2,0,2,Delhi,South,1.63,3.54,11.0,19203791
801,1,1,1,0,3,Mumbai,West,4.38,3.51,1.97,6864023
2420,2,1,3,0,29,Pune,South,6.74,5.2,5.85,11763470
2634,4,5,1,1,1,Mumbai,North,9.4,7.2,0.34,24258569
1380,5,4,1,0,29,Pune,Central,4.47,8.25,0.4,8745793
1277,1,2,3,0,13,Chandigarh,North,7.03,4.11,12.84,5406687
4667,5,4,3,2,21,Delhi,North,1.17,1.75,11.79,31367722
4796,5,5,3,0,20,Mumbai,North,4.75,0.38,6.49,42950067
2239,4,3,3,1,30,Bengaluru,East,0.49,8.6,7.57,15091773
2044,4,3,2,0,6,Bengaluru,North,7.57,5.56,1.11,13735267
1094,1,2,3,1,10,Mumbai,Central,2.67,6.51,13.25,9361184
4278,1,1,1,3,22,Delhi,West,1.7,5.92,9.58,28058430
1574,4,5,1,1,24,Bengaluru,Central,4.5,0.42,0.33,11020855
3221,2,3,2,0,7,Bengaluru,North,8.64,3.07,3.54,20618233
3354,5,6,1,1,12,Chandigarh,West,8.56,1.8,14.17,16781120
3917,5,4,3,3,5,Chandigarh,East,1.62,2.77,11.11,19518979
3500,3,4,3,0,7,Pune,North,4.94,3.61,6.11,17051501
2025,5,4,1,2,4,Chandigarh,East,9.31,9.88,2.88,11454222
1404,1,2,3,3,9,Chandigarh,South,0.31,9.0,0.73,6245937
2092,1,1,1,2,12,Chandigarh,West,8.8,5.75,8.17,9616727
679,1,2,2,3,0,Delhi,Central,8.82,4.86,11.34,5997285
4604,1,1,1,2,14,Delhi,Central,3.16,2.79,7.55,29727156
1285,3,4,1,0,26,Bengaluru,North,3.49,9.31,5.21,8820801
3094,2,1,3,2,26,Pune,Central,9.47,4.57,4.87,16087595
1453,4,5,1,3,21,Mumbai,North,9.23,2.91,6.72,14288232
3204,4,5,3,2,4,Mumbai,South,0.89,3.75,0.98,29957256
1434,2,3,1,1,3,Mumbai,West,3.46,0.43,2.84,13515713
2517,2,3,3,2,18,Mumbai,Central,3.97,3.82,3.73,22672771
3432,1,2,3,0,2,Delhi,West,5.08,3.73,4.28,22735712
4619,3,3,1,3,24,Mumbai,South,1.94,4.29,2.64,41189798
4896,1,1,2,1,18,Pune,East,4.93,9.78,5.13,24278719
4073,2,2,2,0,24,Delhi,West,9.78,4.93,2.28,27228218
4712,1,1,2,3,6,Mumbai,West,1.0,4.12,9.22,40664486
4706,3,3,3,2,15,Mumbai,South,8.8,6.11,14.17,41013047
1192,3,2,3,3,19,Bengaluru,West,5.36,8.0,12.06,8129788
1009,1,2,3,3,11,Pune,Central,6.32,9.21,13.62,5183905
3635,5,4,3,1,29,Bengaluru,North,1.66,6.93,12.3,22637595
2483,3,4,1,2,11,Mumbai,Central,5.53,2.9,12.11,22283785
3222,3,4,2,0,0,Mumbai,East,9.66,2.07,1.75,29613438
3778,2,3,3,1,28,Delhi,North,10.0,4.93,11.82,24110469
4215,5,6,1,2,4,Chandigarh,Central,2.13,7.08,2.85,21008823
609,2,1,1,3,21,Bengaluru,Central,5.07,2.76,3.07,4578851
3204,1,1,2,0,26,Mumbai,West,4.0,3.94,6.61,25655441
2921,5,4,3,3,18,Bengaluru,Central,9.3,2.86,4.7,19470984
1036,2,2,3,3,10,Pune,South,2.48,6.88,14.58,4495367
4929,3,3,2,0,17,Mumbai,North,3.92,7.24,4.2,43055353
3181,1,1,2,2,25,Chandigarh,North,4.31,3.54,12.51,15097505
3408,3,4,2,1,4,Delhi,East,4.76,0.63,13.35,23298806
4529,4,3,2,0,28,Pune,Central,3.98,7.39,4.44,23864610
4460,2,1,3,3,27,Pune,West,7.6,9.3,12.91,22472168
3788,2,1,1,1,26,Chandigarh,South,9.48,7.12,9.09,17871666
3858,3,3,2,2,21,Bengaluru,East,5.72,3.84,8.09,24189790
1524,5,6,1,3,7,Delhi,West,4.33,8.23,2.76,11736430
3791,5,6,3,0,4,Delhi,South,0.23,5.77,14.81,26249995
3840,1,1,1,2,12,Delhi,West,9.31,0.68,5.04,24808029
2415,1,2,3,0,5,Pune,North,4.18,3.82,4.28,12103224
4212,4,4,2,0,6,Delhi,South,9.06,1.35,1.74,29026290
4228,3,2,3,2,5,Delhi,North,8.58,6.51,3.68,30006141
4738,4,3,3,2,28,Pune,West,5.22,6.77,1.01,25053398
1799,4,4,2,3,13,Bengaluru,East,0.29,4.18,11.98,11760803
2669,1,1,3,0,22,Mumbai,South,5.02,3.11,8.94,21060970
3127,1,1,3,1,20,Pune,South,0.52,9.9,9.71,15163875
3780,3,2,1,0,21,Pune,North,5.82,8.88,0.63,18964071
1969,5,4,3,1,25,Bengaluru,North,5.32,8.22,8.49,13916997
4669,5,4,2,2,4,Chandigarh,Central,1.91,8.42,9.24,21762011
2026,4,5,2,0,19,Mumbai,South,2.59,9.86,12.58,18254486
4469,1,1,3,2,21,Mumbai,West,2.62,6.49,2.67,37729020
558,3,3,3,0,2,Chandigarh,North,2.27,1.49,6.84,2989840
3856,5,5,3,2,5,Chandigarh,East,3.38,5.89,0.33,20116181
2432,3,3,1,2,17,Pune,West,4.63,4.8,5.57,13271310
2412,3,3,3,3,22,Delhi,West,7.66,2.16,0.38,16750366
2681,2,3,3,1,1,Pune,Central,4.42,7.4,4.27,13605564
3135,1,2,3,1,26,Mumbai,Central,7.33,3.49,7.81,26352440
4645,3,2,1,1,22,Mumbai,East,2.87,9.72,2.33,41109903
1265,2,1,3,3,17,Pune,North,0.74,4.28,1.86,7410159
2711,5,5,3,1,6,Chandigarh,North,5.8,6.23,12.15,13636031
4172,1,1,2,0,6,Mumbai,West,1.1,3.99,4.73,34844182
3911,2,3,3,3,5,Pune,Central,0.72,2.32,6.26,20268655
3005,1,2,1,1,19,Chandigarh,Central,5.17,4.91,13.91,11858594
4373,5,4,1,0,29,Delhi,East,2.96,5.76,12.28,29193335
2450,5,6,3,3,15,Pune,Central,5.13,7.42,11.67,13633572
1017,5,5,2,2,1,Pune,Central,1.54,4.89,14.18,6769910
2207,1,1,1,3,3,Chandigarh,South,3.02,6.49,8.45,10210958
4339,4,3,3,3,29,Mumbai,West,2.23,9.05,0.82,39359973
1279,3,2,2,1,14,Mumbai,North,8.98,3.72,8.23,12379760
4156,2,2,2,0,25,Delhi,South,1.9,8.37,7.06,27228195
794,3,4,2,3,11,Delhi,North,5.17,5.59,3.94,7356379
4754,5,4,3,3,5,Pune,Central,0.53,9.44,10.02,25375710
907,4,3,3,3,14,Bengaluru,West,2.45,0.32,11.11,6739536
2641,2,3,1,3,7,Bengaluru,North,9.68,2.59,9.13,18441785
3114,3,2,1,0,10,Pune,East,1.62,3.7,9.79,16589584
3240,5,6,2,2,12,Delhi,East,6.66,3.73,2.2,23803007
3052,5,6,3,3,23,Delhi,East,4.87,0.66,7.77,20534691
4618,5,4,2,2,26,Pune,South,8.71,6.25,0.34,24405114
4637,1,1,1,2,18,Mumbai,East,4.81,9.62,7.02,38316393
4709,3,3,2,0,3,Pune,East,1.94,3.72,8.49,24226997
1995,1,2,2,0,7,Mumbai,South,3.08,2.22,1.52,16942282
612,2,1,3,0,28,Delhi,South,2.04,0.86,1.81,4091261
2100,3,2,2,2,22,Mumbai,South,7.5,8.02,14.46,18086039
4993,3,4,3,2,22,Chandigarh,West,2.55,7.87,3.22,22787682
3128,3,4,1,3,13,Mumbai,South,1.65,8.38,6.29,28815564
4899,4,5,3,3,5,Delhi,Central,8.65,3.54,6.14,34046978
1918,4,5,1,3,19,Mumbai,East,6.51,9.57,12.72,17924785
837,5,5,3,2,27,Mumbai,West,4.69,8.12,12.55,8926196
3557,2,3,3,1,30,Delhi,Central,8.32,0.86,7.95,23434944
4815,1,1,1,3,12,Chandigarh,West,7.12,6.81,14.95,21474728
3484,4,4,3,3,21,Pune,North,4.71,6.5,1.03,19436530
1986,5,5,1,0,5,Bengaluru,East,0.47,3.01,9.13,13280690
1759,3,2,3,2,15,Delhi,South,5.93,7.73,1.3,12956906
1270,5,4,3,2,1,Bengaluru,Central,3.54,7.44,12.07,9363652
2063,2,3,3,0,25,Chandigarh,East,3.83,7.0,7.37,9519238
4461,3,2,1,2,18,Mumbai,South,5.76,4.68,13.44,38018342
4184,1,2,3,1,8,Chandigarh,Central,0.22,7.73,0.81,18835403
2833,1,1,2,0,30,Mumbai,North,5.7,1.86,14.41,22917094
3320,4,4,3,0,2,Mumbai,Central,4.92,7.64,7.35,29531071
1820,2,2,3,0,30,Delhi,South,5.8,4.23,7.25,11223651
4870,1,2,2,2,16,Delhi,North,5.24,1.34,5.02,31103354
4343,1,1,2,0,5,Chandigarh,Central,3.33,4.8,4.2,19656515
2328,1,1,3,1,13,Chandigarh,West,3.37,6.46,14.56,9859309
3899,5,5,2,0,19,Mumbai,Central,1.85,2.87,3.07,36256476
2141,1,1,2,2,21,Pune,Central,0.29,0.85,10.47,9840842
3543,3,2,1,1,13,Delhi,North,6.62,8.29,7.43,23704685
4678,2,3,1,1,15,Chandigarh,South,1.05,2.37,7.54,22167147
1739,1,2,2,1,28,Pune,West,3.76,0.93,14.05,7375805
3552,5,4,3,1,7,Chandigarh,East,0.23,6.89,7.34,18557289
3845,2,3,3,3,21,Bengaluru,South,7.0,5.26,1.63,24023375
4795,4,5,2,0,17,Mumbai,East,2.68,1.25,3.24,42143464
1777,5,5,3,2,4,Bengaluru,West,8.8,2.87,8.82,12506028
3221,5,4,1,3,27,Delhi,West,5.33,3.85,4.05,22851357
4049,3,4,3,3,17,Bengaluru,Central,6.31,2.24,6.36,25114233
3299,3,4,2,2,26,Pune,South,6.72,4.6,1.8,17477071
3170,1,1,3,3,5,Bengaluru,Central,3.93,0.88,7.34,19677984
1588,2,2,2,0,1,Delhi,East,5.83,1.33,12.56,10706106
4353,1,2,2,2,5,Mumbai,East,6.79,7.85,14.71,36778149
2060,4,3,3,2,23,Chandigarh,East,6.29,1.05,11.89,9307172
1175,3,2,3,0,25,Chandigarh,South,3.53,8.53,8.73,5585582
2532,2,1,3,0,5,Chandigarh,North,4.56,3.79,13.96,10648466
3912,5,6,3,0,20,Chandigarh,Central,3.62,6.12,13.13,17922422
4969,4,4,2,0,19,Pune,East,5.5,8.52,11.95,25063240
2514,3,3,3,1,0,Bengaluru,East,2.78,1.07,0.22,16563348
4908,4,4,2,2,26,Mumbai,North,1.94,7.93,4.45,43782699
3900,5,5,2,3,2,Bengaluru,West,8.21,8.02,8.84,25066868
2554,2,1,2,0,16,Bengaluru,East,8.88,9.81,6.93,15591292
2097,1,1,2,1,1,Chandigarh,West,2.3,7.64,12.38,10359319
3379,4,3,2,3,27,Bengaluru,East,2.94,9.36,6.67,21377675
2646,5,6,1,0,4,Chandigarh,South,9.63,4.97,5.66,13672859
4345,4,3,2,2,8,Chandigarh,West,6.77,8.64,10.15,20282781
3683,4,5,2,1,28,Mumbai,North,6.97,6.72,11.94,32597401
3776,1,2,3,2,28,Chandigarh,West,1.76,4.13,3.22,17403019
4526,2,1,1,2,20,Mumbai,South,5.79,4.91,8.35,37747883
3433,2,1,2,0,11,Chandigarh,North,7.08,4.06,12.55,15401591
2121,5,6,2,2,12,Chandigarh,South,5.38,3.34,2.02,11770651
2002,2,1,1,3,14,Bengaluru,Central,9.57,4.96,13.72,11749218
2223,1,1,3,3,17,Delhi,West,4.49,8.02,0.28,15175948
4768,5,6,1,2,6,Mumbai,South,0.34,9.74,11.0,43714096
765,2,1,3,0,0,Mumbai,Central,2.25,7.55,8.31,7159917
2743,2,2,3,1,30,Bengaluru,East,3.37,6.1,9.66,16663218
2371,2,3,3,0,27,Bengaluru,South,1.48,4.64,13.04,14071447
4173,4,4,2,2,1,Chandigarh,Central,9.76,0.81,12.55,19735704
2257,1,1,1,3,13,Bengaluru,North,3.34,2.54,1.2,13763148
1880,2,1,1,1,29,Mumbai,Central,9.59,0.24,3.65,16733670
1937,3,3,1,1,23,Pune,Central,8.94,0.52,11.05,10238954
856,5,4,1,1,26,Pune,Central,6.35,6.73,9.54,5822604
1026,2,1,1,0,26,Mumbai,North,3.3,7.51,14.21,8927209
1334,4,4,3,1,26,Pune,Central,1.92,4.57,12.14,6740932
846,3,4,3,0,12,Delhi,West,3.59,5.52,6.26,5820832
3003,3,4,3,3,28,Bengaluru,North,7.68,1.88,0.68,20341001
2494,1,2,1,0,6,Chandigarh,East,0.42,3.24,5.51,10287187
3060,4,5,1,1,19,Bengaluru,Central,3.04,3.6,2.42,20055652
4479,4,5,3,0,14,Bengaluru,South,0.87,4.79,7.96,28442568
1089,1,1,2,3,13,Delhi,Central,2.89,6.42,6.85,6697910
1725,1,1,2,0,21,Mumbai,Central,4.52,3.59,6.67,13326013
3158,4,4,1,0,6,Delhi,East,3.81,2.9,6.59,21424563
2396,5,5,2,0,6,Bengaluru,West,5.11,2.84,5.07,16548478
4212,4,5,2,3,13,Mumbai,Central,5.55,3.34,6.05,38424249
2129,2,2,1,2,24,Delhi,West,6.97,1.09,4.65,14819288
3445,2,1,1,2,26,Pune,Central,6.96,2.28,3.0,17603957
4258,2,3,1,3,18,Chandigarh,North,8.34,2.35,4.73,19024360
4470,4,4,2,1,29,Bengaluru,West,7.77,2.78,4.36,27553360
3904,4,5,3,1,4,Chandigarh,North,9.58,3.37,9.33,18063776
1339,1,2,3,3,29,Pune,North,0.53,3.14,10.55,6472631
2075,5,6,2,3,27,Chandigarh,South,7.21,4.4,10.27,10832871
4893,3,3,3,1,26,Chandigarh,South,5.87,5.61,1.63,23003724
1382,1,1,3,2,22,Delhi,West,3.08,0.48,8.6,8338973
1514,2,1,2,3,12,Bengaluru,North,3.4,0.25,13.37,8880574
1343,4,3,3,2,24,Pune,South,9.93,6.5,0.23,8373893
911,2,3,3,0,7,Bengaluru,Central,0.58,2.02,3.38,5495869
3298,1,2,3,1,15,Chandigarh,West,5.25,6.34,8.82,13667856
980,2,1,1,1,19,Chandigarh,Central,9.21,9.88,13.61,4069291
834,5,5,1,3,13,Mumbai,South,1.49,1.06,10.18,10759656
1963,5,4,2,0,25,Pune,East,4.0,2.49,3.61,10977123
1458,4,4,2,2,1,Bengaluru,West,7.58,4.64,8.68,10839563
1026,3,2,3,1,20,Chandigarh,East,1.53,4.73,13.78,4359875
4746,2,2,2,3,20,Mumbai,West,3.74,0.44,2.24,41049676
3807,2,1,3,3,0,Mumbai,South,8.64,7.29,10.34,32678192
3332,3,3,2,3,11,Mumbai,West,8.37,3.4,2.7,30138230
851,1,1,1,0,14,Delhi,South,6.82,9.74,3.85,5572848
2227,3,4,3,1,22,Mumbai,West,9.85,8.49,13.02,20275094
597,3,2,3,1,1,Bengaluru,Central,4.72,9.41,5.9,5291322
2004,4,5,1,1,5,Chandigarh,East,8.39,0.77,14.52,10357275
1327,3,2,1,1,11,Mumbai,South,5.18,5.26,5.01,13288351
3370,3,4,2,3,30,Mumbai,South,4.81,0.29,11.02,29388536
1453,4,4,3,3,25,Mumbai,West,9.37,8.33,12.54,14634263
792,5,4,3,2,14,Chandigarh,Central,0.77,8.62,12.55,4737935
1658,2,3,2,2,11,Bengaluru,South,7.24,1.28,4.07,11557833
4614,1,1,3,2,21,Delhi,Central,3.38,7.62,2.67,30985311
4577,1,2,2,0,7,Chandigarh,West,2.62,1.71,4.5,20598957
4180,5,4,2,3,12,Mumbai,East,0.58,5.75,7.63,37603625
4142,3,3,1,0,2,Pune,West,4.46,9.53,5.01,22213658
1722,1,1,3,0,16,Pune,East,9.64,7.56,5.24,9419872
3054,2,3,2,1,18,Pune,Central,3.04,5.08,8.12,16090995
2453,1,1,1,0,5,Pune,North,6.17,0.66,13.22,12134189
2327,4,5,1,1,14,Delhi,South,4.33,1.01,12.39,16077624
1521,4,4,1,0,28,Chandigarh,South,5.72,5.32,13.67,8158488
554,3,2,1,3,8,Bengaluru,West,7.34,7.42,13.23,4349237
1799,3,2,1,0,25,Bengaluru,East,4.82,7.48,2.16,11025344
3104,2,1,1,2,15,Delhi,East,0.91,9.05,5.47,20468254
1423,1,2,2,1,25,Chandigarh,West,3.49,4.93,6.44,6409278
2348,1,1,1,2,0,Mumbai,South,2.3,7.31,0.7,21292534
1446,5,4,1,3,16,Mumbai,North,6.45,4.05,3.02,15784335
1083,4,5,1,1,29,Pune,South,2.57,6.3,11.93,6785308
1230,1,2,3,0,9,Delhi,South,7.44,7.65,9.92,7724102
4710,3,2,3,3,24,Pune,West,0.23,0.31,3.11,24679108
1904,2,1,2,3,5,Mumbai,South,5.33,4.64,6.33,17961212
1023,1,1,2,0,0,Mumbai,South,1.33,5.1,12.35,8471701
2061,1,2,1,3,7,Delhi,North,7.25,6.1,4.97,13754554
1770,5,5,2,1,17,Chandigarh,East,5.8,7.76,12.76,8835754
3452,3,4,3,3,1,Pune,Central,4.47,8.68,2.03,19392229
570,3,4,3,3,12,Chandigarh,East,1.33,9.26,1.38,3613186
2691,2,2,2,1,2,Bengaluru,West,6.42,6.07,7.19,16081672
3525,5,5,2,0,20,Bengaluru,Central,5.15,3.15,6.4,23435057
4569,2,2,2,2,0,Pune,West,0.46,8.94,1.31,23876409
3310,1,1,1,2,11,Bengaluru,Central,4.74,7.2,9.46,18882781
1286,5,4,2,2,18,Chandigarh,South,7.4,1.67,4.13,6677086
988,3,2,1,1,28,Pune,Central,0.8,3.18,0.59,5737326
3570,3,4,3,1,30,Pune,Central,0.8,4.84,3.94,18183498
3544,2,1,2,2,28,Mumbai,West,9.88,0.45,11.41,30025153
857,4,3,2,3,3,Chandigarh,North,8.56,5.91,5.85,5078114
2004,3,4,1,0,6,Delhi,South,2.01,4.63,1.45,14916530
4533,3,3,3,1,4,Pune,West,9.92,1.49,13.47,22926324
2228,5,5,3,2,2,Mumbai,East,2.86,7.52,2.54,22606385
4083,2,2,3,0,18,Chandigarh,East,3.51,4.6,3.68,18415103
3487,3,3,1,3,1,Pune,Central,0.52,2.51,2.15,19400304
3275,1,2,3,2,2,Bengaluru,East,0.87,8.39,2.88,20160144
905,2,1,2,1,5,Bengaluru,Central,1.35,7.36,14.15,5088542
2958,2,2,3,1,16,Pune,East,6.05,2.06,3.57,15607018
4271,2,3,1,2,14,Delhi,East,4.5,2.55,2.75,29346570
4828,1,2,1,1,10,Chandigarh,East,9.21,8.88,5.66,20954863
4052,4,4,1,2,25,Mumbai,South,3.81,4.02,2.49,37147687
3647,1,1,3,3,13,Delhi,West,7.16,0.36,14.15,23298508
817,4,3,2,0,0,Pune,Central,1.59,9.28,10.2,4128677
3916,1,2,2,3,9,Delhi,Central,6.57,0.45,13.36,25230089
787,3,3,1,3,27,Chandigarh,South,9.34,8.09,0.62,4033206
3925,2,1,3,1,4,Pune,Central,4.53,3.0,7.53,20216947
3184,5,4,2,2,17,Delhi,South,7.21,6.67,0.47,21831820
2859,2,3,2,3,23,Chandigarh,South,1.43,5.42,14.4,13776538
4029,4,4,1,3,27,Pune,South,3.9,3.39,0.52,21521477
3011,5,4,1,1,11,Bengaluru,North,8.71,7.78,9.71,20103215
3543,1,2,3,3,0,Bengaluru,East,1.24,6.53,1.88,22303046
4422,1,1,1,3,4,Delhi,East,8.28,8.43,9.1,29427441
2682,2,2,2,1,1,Chandigarh,Central,2.71,4.18,12.48,12236851
2993,1,1,1,2,14,Bengaluru,North,9.9,7.77,5.52,17874314
4120,5,4,1,3,0,Chandigarh,West,7.84,5.03,3.71,20161702
3272,2,2,2,2,12,Chandigarh,South,5.61,5.29,1.64,15606945
1197,2,3,1,3,0,Bengaluru,Central,1.58,3.95,4.08,8834398
1819,3,2,1,1,27,Mumbai,South,1.51,2.81,12.64,14970670
2339,3,2,1,1,12,Mumbai,South,3.88,7.82,3.94,21192337
2235,2,2,3,1,3,Mumbai,South,9.05,1.44,13.87,19718467
4061,5,5,1,1,23,Chandigarh,West,5.49,5.97,13.06,19562112
1558,5,4,2,0,13,Mumbai,South,8.93,1.26,4.13,15116408
1182,2,1,2,1,14,Pune,West,3.08,0.79,2.29,6464505
3795,3,4,2,2,11,Pune,South,7.67,1.9,13.15,20356809
2219,4,5,2,3,23,Mumbai,East,6.96,9.3,14.55,20186879
1844,2,3,3,1,2,Delhi,North,1.87,3.97,4.73,13338916
1350,3,3,1,0,18,Delhi,North,2.44,6.26,6.57,9613333
3125,5,5,2,0,23,Bengaluru,East,0.92,5.06,14.35,19278932
4905,5,4,1,0,23,Chandigarh,North,2.83,2.37,14.26,22569226
590,2,2,1,0,19,Chandigarh,Central,4.53,4.15,0.9,2905233
2965,5,5,1,0,14,Chandigarh,East,9.24,4.01,8.94,13860977
1762,5,6,2,2,7,Delhi,East,9.96,4.9,8.51,13988477
3629,5,4,1,0,3,Pune,West,9.93,5.63,2.63,20130691
4459,3,3,1,0,16,Delhi,Central,9.58,3.58,3.13,30368397
1255,4,4,1,3,4,Delhi,East,6.75,5.32,9.52,9600015
1359,4,5,2,1,13,Mumbai,Central,1.11,9.12,5.04,13414683
3434,3,2,3,1,7,Mumbai,Central,7.53,2.46,10.96,30640008
2116,5,5,3,2,14,Mumbai,West,9.37,3.89,11.36,19821249
791,2,3,1,2,29,Delhi,East,7.74,4.57,6.1,5783146
1308,5,4,2,2,10,Chandigarh,East,4.38,0.39,12.07,7270777
4120,1,2,1,2,11,Pune,Central,4.15,7.7,4.95,20215693
1956,2,3,3,1,19,Pune,North,4.65,1.83,12.57,10076741
4465,3,4,3,3,17,Chandigarh,North,4.67,7.47,3.14,21134898
4534,5,6,1,2,15,Bengaluru,Central,1.56,4.84,10.47,29655236
2299,2,2,3,0,13,Mumbai,West,3.21,1.84,4.51,20576190
3472,2,2,3,2,1,Chandigarh,South,9.89,8.89,4.82,16532789
4082,5,4,1,3,9,Bengaluru,Central,1.33,7.95,5.2,27096683
4724,1,1,2,1,20,Bengaluru,South,3.53,2.13,1.89,28948105
3653,2,1,1,2,10,Mumbai,East,2.08,4.19,10.61,31281777
1788,5,6,1,2,13,Pune,East,9.16,9.15,11.54,10129539
2373,3,4,3,2,1,Bengaluru,East,0.21,6.79,3.34,15619841
1287,5,4,2,1,9,Chandigarh,South,6.9,4.47,7.48,6858778
3274,2,2,2,3,30,Pune,East,4.91,2.27,6.63,16628895
2400,1,1,3,3,9,Mumbai,Central,9.0,4.35,8.71,21893957
2908,3,4,1,1,10,Chandigarh,East,3.75,7.93,11.02,13326372
1789,2,2,3,2,17,Pune,North,5.14,6.18,5.28,9675423
3167,4,3,2,2,20,Delhi,North,3.47,6.48,3.54,22364257
3249,1,2,3,1,16,Pune,East,8.74,7.64,3.42,15746431
4593,2,1,3,3,28,Chandigarh,South,2.81,9.92,2.81,20862200
1903,1,1,3,2,14,Delhi,Central,3.72,8.1,5.29,13291926
4256,5,5,1,3,20,Mumbai,South,1.18,8.95,9.69,39041922
2644,5,5,3,3,9,Bengaluru,West,3.12,9.45,4.75,18845557
4596,5,4,2,1,7,Chandigarh,North,7.42,3.87,7.3,22111784
3776,1,1,2,1,16,Pune,East,3.46,1.58,9.72,18904400
750,5,5,1,3,15,Chandigarh,South,1.32,9.67,6.04,5075334
574,4,3,2,2,17,Bengaluru,West,9.88,4.04,2.63,5555382
2879,5,6,3,1,22,Bengaluru,East,6.89,6.23,12.83,19436867
4563,4,5,3,0,2,Delhi,South,1.11,4.74,1.15,31684290
2076,2,2,3,2,9,Bengaluru,Central,3.79,8.63,12.88,13620791
3049,1,1,2,1,29,Chandigarh,South,8.15,2.54,12.76,13087906
2057,1,1,3,1,26,Chandigarh,Central,2.31,4.45,8.02,8183046
1010,3,4,2,3,18,Mumbai,South,4.15,6.89,14.78,9293285
961,3,4,1,2,3,Pune,South,4.83,1.6,8.58,5311689
1859,3,3,1,2,7,Bengaluru,Central,9.35,1.02,0.96,13208268
1962,5,6,3,3,21,Delhi,East,9.76,9.76,2.05,14924713
3876,2,2,3,3,2,Bengaluru,Central,8.47,8.61,0.68,24651847
1012,4,5,3,0,13,Mumbai,Central,7.78,8.92,4.17,10152905
2795,2,1,1,3,5,Bengaluru,North,2.42,1.96,0.77,19642810
1380,5,4,3,3,13,Pune,East,3.49,9.72,6.83,8885202
1252,3,3,2,0,5,Chandigarh,Central,5.16,7.74,2.84,6103416
1083,1,1,2,2,11,Bengaluru,Central,0.75,9.82,6.77,6275645
3803,5,5,1,3,23,Pune,South,2.24,3.81,12.0,20119919
1362,5,4,2,3,22,Chandigarh,South,6.2,6.56,5.73,8048873
3123,3,2,2,3,21,Delhi,Central,8.84,4.37,3.22,22202677
2108,4,3,3,3,29,Pune,North,0.49,7.84,13.39,12129884
2125,1,1,3,3,0,Mumbai,East,8.17,4.35,8.5,19413016
3424,4,5,1,0,24,Mumbai,East,6.33,5.04,10.72,29795653
3427,3,3,2,3,19,Bengaluru,West,2.04,5.64,11.06,21175214
776,3,3,1,3,4,Mumbai,West,8.53,7.98,3.95,8328440
2838,5,5,2,2,25,Delhi,South,9.04,9.08,9.47,19745101
2519,3,2,1,3,15,Pune,West,2.47,8.03,2.41,14495159
1506,2,2,1,0,21,Pune,East,0.45,0.33,2.78,8560256
4511,3,3,3,1,16,Pune,East,3.07,0.76,9.34,22282611
2145,2,2,1,3,13,Chandigarh,South,3.45,6.35,14.84,10280561
1373,5,5,2,3,18,Delhi,East,4.96,6.97,2.34,11453997
1277,1,2,1,3,20,Mumbai,South,5.28,9.25,0.58,10927763
3348,4,3,2,1,1,Chandigarh,North,0.67,1.3,12.09,15701242
4459,2,3,3,2,4,Mumbai,West,3.85,2.05,6.85,39047768
3654,1,2,2,2,12,Delhi,West,6.86,4.44,6.18,24345659
4562,4,5,1,1,5,Mumbai,South,3.97,1.33,6.09,41537381
1514,5,4,2,3,26,Delhi,Central,0.83,6.89,11.65,11529958
4576,4,4,1,0,7,Delhi,North,8.36,4.26,9.14,31353694
1257,2,3,1,2,23,Delhi,East,1.06,4.92,10.69,8444270
1914,5,6,3,0,23,Delhi,North,0.87,1.1,3.31,15303511
4156,2,1,2,3,16,Chandigarh,West,8.83,8.87,9.94,18592999
4092,2,2,2,1,12,Delhi,East,2.08,8.21,6.15,26842662
2052,1,1,2,2,14,Bengaluru,East,3.27,0.49,10.91,12089714
3212,2,2,3,0,28,Chandigarh,East,6.29,2.93,6.15,14693052
4616,1,1,1,2,15,Mumbai,Central,5.31,3.57,2.33,39866343
2067,4,3,1,2,1,Bengaluru,Central,6.23,3.95,8.42,14229403
2190,2,3,2,0,16,Bengaluru,East,9.88,5.36,0.23,13481906
1484,5,4,2,2,11,Mumbai,South,4.57,0.5,2.43,15767623
4203,3,4,1,0,17,Mumbai,West,6.56,0.51,1.72,37967320
2963,5,4,2,3,25,Mumbai,South,2.77,3.24,12.29,27614911
886,5,5,3,1,9,Delhi,Central,8.92,2.5,8.48,7491708
1858,1,1,3,0,21,Delhi,South,8.27,1.65,4.07,11235761
4242,3,3,3,0,0,Pune,East,2.96,1.2,12.76,21573311
3892,5,5,2,0,4,Chandigarh,South,2.53,1.19,4.36,19808566
2153,2,1,2,3,26,Chandigarh,East,3.6,4.32,6.92,10405362
4464,1,1,3,0,2,Chandigarh,Central,2.2,9.79,2.15,19919698
721,5,6,1,0,25,Delhi,South,3.99,6.64,6.8,6563428
4448,5,5,3,0,0,Mumbai,West,0.85,6.31,0.49,41641392
3942,2,2,1,0,23,Pune,Central,4.79,8.3,2.86,19840468
3947,1,1,1,0,26,Chandigarh,East,1.62,9.28,7.14,17337128
3297,3,2,3,3,3,Delhi,Central,6.23,8.51,7.25,23530527
4707,3,2,2,3,14,Bengaluru,Central,5.33,0.81,4.3,29323210
3444,3,2,2,3,28,Pune,South,5.17,5.68,7.58,17913725
1733,5,6,2,0,27,Bengaluru,West,8.23,9.29,4.96,12048196
1282,5,5,1,0,1,Mumbai,West,0.7,2.76,10.48,12978767
3249,4,3,3,0,17,Pune,East,1.4,3.24,6.13,16509247
2987,1,1,3,1,11,Bengaluru,South,7.3,6.69,1.18,18701996
3006,4,5,1,3,30,Bengaluru,East,0.23,8.72,3.58,19725848
3836,2,3,2,1,24,Bengaluru,Central,9.94,3.75,1.28,24426568
599,3,2,2,3,14,Bengaluru,Central,2.77,1.86,0.68,5554041
4748,2,1,1,2,7,Chandigarh,West,5.74,7.05,10.93,22192660
4591,5,5,1,3,28,Delhi,Central,3.99,3.55,12.65,31168779
4592,5,6,3,0,17,Mumbai,North,6.72,3.33,7.11,41315450
2015,5,4,1,3,15,Bengaluru,West,8.75,0.64,13.97,13727756
621,1,1,1,2,20,Mumbai,Central,6.64,4.97,11.2,4874227
1689,3,2,1,2,17,Pune,South,3.2,6.95,2.4,9147548
2274,2,2,1,1,18,Chandigarh,East,5.41,7.04,12.7,10449681
4720,2,2,1,0,16,Mumbai,Central,4.67,7.36,3.06,40541009
1690,5,4,2,1,18,Pune,South,5.73,7.29,6.03,9964771
4972,5,5,3,3,9,Bengaluru,Central,9.49,7.07,7.49,31715657
1606,1,1,2,1,5,Chandigarh,North,9.55,2.64,4.58,6690110
3003,2,3,1,0,10,Pune,North,8.96,3.48,5.18,15536957
4019,4,5,3,0,22,Mumbai,West,1.98,5.38,11.57,34767626
989,2,1,2,3,11,Bengaluru,Central,9.02,6.91,10.15,6516253
3275,2,3,2,2,4,Pune,North,5.92,3.34,10.61,17637387
3335,5,6,2,1,22,Delhi,East,5.24,5.3,6.54,23343214
2108,5,5,2,3,12,Delhi,West,6.37,8.73,5.29,16313148
3048,4,5,3,3,16,Mumbai,South,9.58,6.64,12.74,27676673
4444,5,6,2,0,28,Chandigarh,East,5.19,8.39,13.36,21296264
1891,2,1,3,3,30,Delhi,North,5.39,4.16,1.02,13252570
3826,5,6,3,0,15,Bengaluru,North,8.03,4.21,0.43,25043652
3553,4,5,1,1,3,Bengaluru,East,6.53,3.01,12.09,23168048
3359,1,1,3,1,12,Chandigarh,Central,3.56,0.48,10.02,14400073
838,2,2,2,0,19,Chandigarh,East,7.88,5.05,8.39,3497725
1966,4,4,1,1,14,Bengaluru,South,3.87,3.79,13.34,12936107
2916,1,2,2,3,18,Pune,South,9.08,6.76,12.24,15238319
1937,1,2,3,3,28,Delhi,West,1.71,5.25,10.96,10939716
1921,1,2,2,1,13,Mumbai,South,7.91,2.57,10.59,16897377
3438,2,2,3,2,27,Mumbai,East,1.59,3.26,3.01,30107275
619,1,2,1,1,23,Bengaluru,Central,0.23,0.2,11.15,2253905
1003,5,6,2,1,10,Chandigarh,South,4.89,8.15,12.09,6189114
2337,1,2,1,0,23,Bengaluru,South,2.23,4.25,4.76,13070906
2386,1,2,1,2,22,Mumbai,Central,7.11,1.47,12.34,19707211
4964,5,5,1,3,22,Delhi,East,8.65,3.5,8.02,34157512
878,3,3,3,1,13,Delhi,West,2.94,8.7,8.89,7019387
3469,3,3,1,1,11,Pune,Central,1.58,5.56,2.09,19135285
766,4,3,3,1,5,Bengaluru,South,1.39,5.75,14.99,5279219
1948,1,1,1,1,24,Chandigarh,East,5.41,2.84,7.13,8392339
1832,3,2,2,0,16,Bengaluru,Central,5.52,1.75,1.34,11705644
2100,1,1,1,3,0,Chandigarh,Central,7.77,1.86,11.91,9187994
3911,1,1,1,2,23,Chandigarh,West,8.73,5.89,9.68,18290100
1977,1,2,2,2,15,Mumbai,East,5.22,4.91,8.86,16741127
3327,1,1,2,0,25,Delhi,North,7.68,8.59,3.75,20749008
1074,3,2,1,3,4,Chandigarh,North,9.11,2.41,1.24,6426436
3693,5,4,2,2,20,Pune,South,2.62,7.14,8.58,19646805
2905,1,1,1,2,27,Pune,East,2.62,6.77,9.14,14165806
977,4,3,2,3,13,Bengaluru,South,4.19,8.58,9.54,7978776
534,2,3,3,0,16,Bengaluru,North,3.8,9.55,5.8,4142438
1365,5,4,1,0,10,Bengaluru,Central,4.76,5.06,13.07,10577037
2361,3,3,1,3,18,Mumbai,East,9.66,3.11,9.28,21431687
4751,1,1,3,1,3,Pune,South,5.83,4.09,13.19,23650612
1925,4,4,1,2,19,Pune,Central,4.31,8.66,3.41,10759680
3271,5,6,2,0,1,Pune,South,9.47,7.15,0.72,17507009
2161,3,2,1,1,6,Bengaluru,Central,8.25,8.24,9.07,14666565
3731,2,3,2,3,28,Pune,West,6.94,3.84,13.34,19482299
1604,5,5,2,3,2,Bengaluru,South,0.57,0.61,4.19,11859672
652,5,6,1,2,23,Pune,West,8.59,3.28,9.25,4600747
2657,1,2,3,2,0,Delhi,North,3.01,4.1,7.3,17772653
3722,5,5,2,3,2,Delhi,East,6.17,1.33,7.34,25996756
693,4,5,1,0,6,Delhi,East,4.43,0.53,10.51,5612771
2603,1,1,1,0,20,Delhi,West,1.33,8.94,8.04,16316789
4745,1,1,1,0,27,Chandigarh,East,4.56,9.27,7.13,20562045
2598,1,1,2,3,7,Mumbai,North,7.08,8.01,12.67,22359223
3669,1,1,1,2,27,Delhi,West,4.33,2.73,11.64,23257105
3286,3,2,2,1,16,Chandigarh,North,9.06,2.54,9.11,15335476
4564,4,5,3,1,6,Bengaluru,North,7.72,3.8,8.77,28473862
4467,5,6,2,2,12,Chandigarh,Central,2.37,5.93,1.85,21389302
543,4,4,3,3,7,Delhi,Central,4.79,6.77,10.04,5647974
968,3,2,1,1,20,Pune,East,6.46,0.5,3.12,6362556
1551,2,2,2,1,18,Mumbai,South,3.46,9.85,11.11,13950982
2860,4,4,2,1,16,Pune,Central,1.1,0.55,6.33,16242497
3236,3,3,3,2,20,Bengaluru,East,3.52,8.39,14.04,19551784
3496,3,2,1,1,14,Pune,Central,5.05,2.1,6.27,18805782
1280,2,1,3,1,20,Delhi,North,10.0,2.71,13.04,7214563
745,5,4,2,3,24,Pune,South,0.4,3.57,13.51,5723169
4594,4,4,2,1,0,Chandigarh,South,9.85,6.54,9.21,21481826
2640,1,1,3,1,28,Delhi,North,7.61,9.94,11.6,16356786
962,5,6,3,0,3,Mumbai,South,3.09,3.65,5.22,10736944
4597,3,4,1,1,29,Delhi,South,9.1,1.21,7.29,28928094
4403,3,3,1,2,22,Bengaluru,South,4.83,7.69,10.41,27306526
2928,2,1,2,3,9,Bengaluru,South,2.12,6.38,4.4,18718568
3861,4,5,3,3,5,Pune,South,4.13,9.7,2.88,20102362
3715,4,5,3,3,2,Mumbai,North,7.41,4.78,9.8,34747519
4767,2,3,3,3,10,Mumbai,North,6.35,7.22,2.93,41971459
3708,1,1,2,2,24,Delhi,Central,9.03,3.78,10.94,23895567
1782,3,2,3,2,6,Pune,East,4.05,6.58,7.2,10158855
3681,1,1,3,3,17,Mumbai,Central,5.29,5.99,1.92,32093152
1111,3,2,1,1,25,Delhi,South,9.92,7.7,1.23,8419428
2329,3,2,2,1,1,Mumbai,South,3.45,7.88,12.95,21060807
3155,2,3,1,3,21,Mumbai,East,1.79,3.32,10.67,27047882
3846,1,1,2,3,15,Chandigarh,Central,7.36,8.09,4.1,17726804
4385,4,4,2,0,4,Delhi,West,1.28,7.44,2.21,30453167
2276,2,2,2,3,19,Delhi,North,5.37,8.55,14.72,14366578
4788,5,6,1,2,23,Mumbai,East,2.26,7.0,10.53,42809121
4446,4,3,2,3,30,Mumbai,South,4.99,3.64,2.21,39373288
3337,4,5,3,0,8,Bengaluru,East,5.68,8.44,0.95,20784969
2150,5,4,3,2,12,Delhi,Central,3.34,0.6,0.9,16574952
677,4,5,1,1,0,Bengaluru,North,1.54,4.29,7.84,6227420
1981,3,4,3,2,26,Chandigarh,North,2.16,8.81,9.14,9507343
4518,3,4,3,2,19,Mumbai,North,8.98,0.45,0.39,41744744
3739,3,2,1,3,2,Pune,West,6.6,4.11,5.95,20100103
1139,1,1,3,1,5,Chandigarh,South,5.85,5.64,9.36,5312288
1867,1,2,3,0,13,Bengaluru,South,6.89,7.61,3.07,11777911
3678,4,4,3,0,21,Bengaluru,South,4.16,4.72,6.45,23461238
1840,4,5,1,3,8,Mumbai,West,8.18,2.91,2.53,18314332
2178,4,4,2,3,26,Mumbai,West,5.11,9.38,13.5,19524289
3423,4,4,1,3,10,Delhi,South,2.17,9.34,8.88,24128352
4514,1,1,2,3,0,Bengaluru,East,9.18,7.05,12.15,27322511
1744,4,4,1,2,2,Chandigarh,Central,9.09,0.91,2.98,9841614
2904,1,2,1,0,18,Bengaluru,East,9.03,9.8,1.88,17099972
1661,1,2,1,1,13,Chandigarh,East,1.82,3.73,7.17,7442487
692,5,4,1,0,10,Pune,Central,9.84,3.62,13.75,4291206
1658,3,4,3,2,28,Delhi,Central,3.15,3.44,6.57,11681946
1187,5,4,2,0,18,Chandigarh,North,7.44,6.77,6.39,6880027
1111,3,3,3,3,2,Bengaluru,North,5.24,8.08,13.56,7984970
1778,3,2,2,3,22,Mumbai,West,2.67,1.65,13.92,15601007
1432,3,2,2,3,30,Mumbai,North,1.72,1.19,3.77,12126180
2690,5,5,3,2,17,Bengaluru,East,6.79,1.13,10.28,18250947
1762,2,1,2,1,0,Mumbai,West,7.63,8.27,9.39,16288560
1817,5,4,3,0,24,Pune,East,2.69,8.93,10.87,9934328
4402,5,4,3,0,8,Mumbai,West,6.09,6.14,8.85,38957079
607,1,1,3,2,6,Mumbai,South,0.91,2.7,11.69,5057668
2169,2,1,2,2,13,Pune,East,3.71,2.7,4.32,11375963
2714,1,1,3,1,17,Chandigarh,East,5.45,7.06,13.71,12426513
1382,1,1,2,3,23,Bengaluru,West,6.55,1.97,8.48,7808723
3775,4,4,1,0,0,Bengaluru,South,5.28,2.2,6.32,23975296
2014,3,4,1,0,7,Mumbai,South,4.42,9.37,13.02,18451103
1326,2,2,3,1,15,Chandigarh,West,3.47,5.16,13.95,6513600
1804,1,1,2,3,7,Chandigarh,North,0.55,4.83,10.39,7507123
1775,2,3,3,0,1,Delhi,North,0.87,7.37,5.65,11453531
2670,3,4,1,2,18,Delhi,South,5.36,1.08,6.08,18179931
4208,1,1,2,1,20,Bengaluru,East,7.01,2.97,13.5,24548721
2712,2,2,3,3,23,Pune,Central,3.16,3.65,4.13,13639169
3503,4,3,2,2,28,Bengaluru,Central,9.83,0.68,4.43,22195174
1701,3,4,3,3,19,Delhi,Central,0.41,5.82,9.56,12018124
512,2,3,2,2,24,Mumbai,West,2.78,4.07,6.54,5477473
3120,3,2,1,0,9,Delhi,Central,5.05,7.95,12.9,21238833
2771,5,4,1,3,21,Delhi,West,6.22,4.12,11.14,19924562
792,2,3,2,3,11,Bengaluru,South,5.26,2.78,7.89,5328045
4357,5,4,3,2,19,Bengaluru,North,9.35,8.2,8.87,27586534
984,5,6,1,1,2,Bengaluru,North,9.23,6.71,14.49,8594248
3108,5,5,2,0,0,Chandigarh,Central,5.21,4.42,8.19,14783916
3328,4,5,1,3,27,Bengaluru,South,3.6,3.22,5.24,20976713
4044,4,5,2,2,5,Pune,East,4.73,0.99,1.58,21136672
1353,3,4,2,2,2,Pune,Central,3.86,6.67,13.25,8250184
4019,4,5,1,0,2,Chandigarh,East,4.95,4.7,6.0,19697382
1819,5,5,3,1,6,Chandigarh,East,5.89,1.12,13.2,8997112
1552,3,3,2,1,26,Pune,West,8.05,7.18,0.41,8989456
803,1,1,2,1,12,Bengaluru,South,3.18,7.02,8.19,4368271
3262,5,5,3,2,15,Delhi,North,5.09,6.96,12.18,23105159
2050,3,4,2,1,26,Chandigarh,West,3.19,4.25,10.2,9922129
3956,5,4,3,0,9,Delhi,South,3.64,9.01,12.94,27056521
4778,1,2,2,3,8,Chandigarh,North,5.1,7.03,12.06,21663670
812,2,1,2,2,24,Bengaluru,North,5.35,2.23,14.43,5274760
3664,1,2,3,1,17,Pune,East,2.1,3.18,4.34,18194577
3543,1,1,1,3,0,Chandigarh,East,4.19,3.38,11.14,16642434
2291,1,2,1,2,3,Mumbai,North,2.0,9.86,1.53,20223947
1858,1,1,3,0,11,Delhi,South,8.46,3.59,4.1,12168295
3694,3,4,1,1,19,Bengaluru,Central,8.52,8.21,2.73,23646622
3195,2,1,3,2,29,Delhi,Central,3.51,1.25,4.55,21349364
3236,1,1,3,3,3,Bengaluru,East,0.95,8.51,10.93,18743544
1757,5,6,2,2,1,Pune,North,8.36,3.59,0.75,10165833
4927,3,3,2,1,14,Mumbai,East,1.86,0.57,3.8,43364352
979,3,2,3,0,17,Delhi,East,0.46,0.33,7.1,7086562
3911,4,4,2,3,20,Delhi,Central,9.95,2.49,2.56,27815305
2886,2,1,1,0,7,Delhi,West,6.95,7.49,8.91,19838131
3424,4,5,2,2,6,Delhi,North,5.64,1.67,12.76,23921336
3899,3,2,3,2,23,Chandigarh,West,8.49,2.37,11.24,17498521
4419,2,1,1,3,11,Bengaluru,Central,5.02,0.53,2.16,27327033
934,4,5,3,0,18,Bengaluru,East,0.67,9.84,4.25,6809103
2118,5,5,2,0,6,Pune,South,1.12,1.17,10.04,11621540
1150,2,2,1,0,10,Mumbai,East,7.99,8.13,5.65,9369816
1039,5,5,1,3,2,Bengaluru,South,9.61,6.18,8.03,8777685
3736,1,1,3,3,13,Delhi,Central,2.58,9.19,13.76,23879359
1765,4,5,1,1,22,Delhi,West,6.71,1.55,12.3,11781510
3854,1,1,3,0,0,Pune,East,3.58,3.82,8.77,19505639
2025,3,3,1,2,10,Chandigarh,North,2.58,9.05,11.87,10157956
1963,1,1,3,1,17,Mumbai,East,7.04,2.69,7.0,16759989
1422,2,1,1,1,9,Chandigarh,South,7.43,2.55,11.13,6646227
4318,3,4,1,2,7,Bengaluru,East,1.99,6.42,4.3,27835125
1433,1,2,2,1,18,Bengaluru,East,8.32,8.24,10.98,7390382
3251,1,2,1,0,20,Delhi,East,7.02,3.37,1.48,21701511
1876,3,3,3,3,6,Mumbai,West,4.44,6.12,9.5,18101394
4685,2,1,1,2,15,Mumbai,West,3.27,1.09,2.39,40994974
3921,3,2,2,1,6,Mumbai,West,3.13,7.44,2.62,36412529
3840,3,3,1,3,11,Pune,South,6.67,8.58,2.2,20951935
2276,3,3,1,3,22,Pune,East,6.05,5.6,7.45,12000990
4829,3,3,2,0,1,Mumbai,South,5.18,4.45,7.66,42612740
4743,2,1,2,0,15,Bengaluru,West,4.25,7.66,2.39,28796906
3263,4,4,3,2,9,Chandigarh,South,6.16,4.39,7.0,16569471
2787,2,2,2,0,18,Chandigarh,South,2.93,4.21,14.5,12311630
2972,3,2,1,1,21,Chandigarh,East,3.78,3.9,5.56,13823554
3960,4,4,3,2,23,Bengaluru,South,8.89,3.93,10.48,24640545
4154,1,1,2,0,12,Mumbai,North,8.98,9.21,6.26,34996300
4561,4,3,3,2,4,Mumbai,East,3.42,1.87,13.2,40786417
644,4,5,2,1,21,Mumbai,Central,2.42,6.57,14.96,6383785
4676,3,4,1,0,12,Chandigarh,South,7.06,9.72,10.92,21162658
1416,3,3,1,2,16,Mumbai,West,2.14,9.79,1.73,14064072
3062,5,5,1,1,19,Mumbai,South,1.42,0.22,10.53,28274832
4796,5,4,2,0,19,Bengaluru,North,9.73,7.82,13.33,30519849
1687,3,3,2,1,24,Bengaluru,East,1.16,9.59,6.58,11464946
3124,5,6,3,0,20,Pune,South,7.54,4.35,4.44,16868434
656,5,6,2,3,23,Mumbai,East,7.24,0.22,4.84,8446630
935,3,3,2,3,24,Delhi,East,6.66,7.03,13.23,7064111
3365,4,4,1,2,4,Delhi,East,0.65,3.72,9.0,24532350
1892,2,3,3,0,3,Mumbai,North,9.21,6.37,7.75,16774246
2739,4,4,2,2,8,Chandigarh,Central,7.16,2.53,9.95,12824566
1817,3,2,1,1,11,Chandigarh,Central,9.85,1.58,9.51,8737217
1976,4,3,3,3,25,Bengaluru,North,9.29,0.73,8.01,13806844
616,5,5,2,2,26,Delhi,Central,8.53,2.54,7.11,6271489
2308,1,1,2,1,30,Delhi,South,5.23,5.87,4.28,13840822
689,1,1,2,3,16,Chandigarh,East,0.24,8.45,1.08,3284430
4344,5,6,1,0,27,Chandigarh,North,0.9,0.64,3.71,21308809
4788,1,2,2,3,15,Mumbai,West,5.62,7.18,8.72,41362240
1665,2,3,2,1,1,Pune,South,7.65,9.8,4.92,9134031
3555,3,2,2,3,24,Mumbai,East,5.04,7.66,11.86,30577972
3275,2,2,2,1,5,Pune,North,4.83,8.92,5.7,16742003
4828,4,5,1,3,15,Pune,South,8.53,3.44,8.97,24639461
1414,3,4,1,0,18,Pune,Central,4.24,9.09,14.9,7495232
3375,2,2,2,3,2,Chandigarh,East,3.69,5.71,10.86,15626448
2122,2,3,1,0,25,Mumbai,South,1.93,5.6,12.52,17388271
1085,5,4,3,1,21,Chandigarh,West,9.6,6.3,12.15,5504259
2610,3,3,1,3,4,Mumbai,West,1.28,7.19,1.33,24662032
1515,3,4,2,1,20,Chandigarh,North,3.01,4.99,10.13,7015946
619,1,1,1,2,15,Delhi,North,3.75,4.68,7.77,2970866
688,2,2,1,3,19,Delhi,South,5.03,7.25,7.88,5876887
2412,5,4,2,2,9,Chandigarh,Central,1.79,8.61,4.13,12276051
2343,2,2,3,3,9,Delhi,North,1.89,5.46,1.31,16684264
978,3,3,3,2,25,Bengaluru,West,0.73,4.88,14.29,5032717
1678,5,4,1,0,12,Chandigarh,Central,4.5,0.43,8.06,9274809
1470,5,5,2,2,12,Bengaluru,Central,4.1,0.73,13.36,10240993
3492,1,1,2,2,13,Bengaluru,South,8.91,0.68,4.75,19963288
2122,2,3,2,0,6,Pune,North,1.59,6.97,1.19,11793431
4967,4,3,1,2,15,Mumbai,North,3.73,4.69,10.74,43867478
2378,3,4,1,1,17,Pune,North,6.11,4.74,5.2,12249651
1369,2,1,3,0,23,Chandigarh,Central,3.5,1.52,0.34,7201090
3407,3,3,1,2,26,Bengaluru,Central,1.5,5.05,3.06,21746841
2271,4,3,3,1,1,Mumbai,South,5.55,4.19,14.38,20389132
1698,2,3,2,1,7,Pune,South,1.69,0.96,3.78,9290127
2780,4,3,1,2,10,Mumbai,East,6.84,2.2,1.34,26193957
4855,1,1,1,0,6,Mumbai,Central,8.04,6.61,11.47,41704365
996,2,2,2,0,8,Bengaluru,Central,3.12,6.65,10.58,6941136
2435,1,1,2,2,1,Pune,East,8.41,5.64,13.97,11431035
1994,1,1,3,0,25,Pune,West,7.86,8.88,6.23,9579190
1399,5,6,1,2,29,Pune,North,4.95,6.49,10.61,7720801
3673,5,6,2,2,21,Pune,East,1.84,1.27,10.3,18759892
4027,3,4,1,2,28,Mumbai,East,5.19,3.28,11.68,35170285
2286,2,3,1,0,24,Mumbai,South,3.76,8.52,0.54,19864050
1538,3,3,3,3,30,Mumbai,West,7.08,8.1,10.46,13009629
2859,4,3,1,2,21,Mumbai,North,9.47,1.29,12.89,25457967
4557,4,3,2,3,4,Pune,East,8.65,2.46,1.81,25331004
4474,1,1,2,3,22,Chandigarh,South,0.41,5.01,14.85,19373653
4737,5,4,1,3,9,Chandigarh,West,8.3,1.17,3.64,23432544
3426,3,3,1,2,16,Chandigarh,Central,0.59,8.22,6.39,16388916
735,3,2,2,2,7,Mumbai,West,3.73,8.51,6.98,8460666
2767,3,3,1,2,6,Bengaluru,Central,7.85,2.71,3.8,18076415
1398,5,6,3,1,14,Mumbai,Central,9.42,6.49,8.09,15671779
2983,1,1,3,2,11,Bengaluru,South,5.54,2.27,12.77,17754719
561,5,6,3,2,21,Chandigarh,South,8.93,0.6,2.32,3850415
779,3,4,3,3,20,Delhi,North,6.57,7.62,10.63,5851886
4820,4,3,2,2,2,Mumbai,Central,3.04,3.06,4.83,43514560
3857,1,1,2,1,0,Pune,North,9.21,4.72,12.37,18609300
2168,4,5,2,1,5,Pune,East,0.78,2.92,9.35,12430747
2622,5,6,1,1,15,Bengaluru,East,7.65,2.91,1.62,18615227
1114,1,1,3,1,11,Pune,South,2.36,1.89,11.29,4785977
2405,5,4,2,2,16,Bengaluru,South,1.38,9.99,5.77,16530305
638,3,2,3,3,0,Bengaluru,West,5.14,7.42,9.4,4504771
4864,3,4,1,2,6,Bengaluru,South,4.44,5.48,10.84,30733740
3394,1,2,3,3,30,Mumbai,Central,8.78,5.62,6.57,28975212
2929,5,4,2,3,20,Chandigarh,South,7.01,3.69,5.73,14049867
4990,5,4,1,2,3,Mumbai,South,3.44,0.39,5.25,45713632
1429,2,2,3,3,0,Chandigarh,Central,5.9,6.79,4.56,8009357
2156,1,1,2,0,24,Mumbai,North,5.51,9.46,9.22,18153090
2336,4,5,2,1,27,Chandigarh,Central,5.07,2.62,6.8,10518012
3454,4,3,3,3,10,Delhi,East,3.76,0.93,8.49,24844742
3251,5,6,3,0,15,Mumbai,West,7.73,0.92,0.37,30737868
3276,3,3,1,2,15,Chandigarh,West,1.12,3.1,2.54,16139303
834,5,4,1,0,20,Chandigarh,East,2.79,2.31,10.34,5318402
1987,4,4,3,0,16,Pune,South,0.25,5.89,7.84,10946612
4421,3,4,2,3,25,Mumbai,East,3.37,3.72,5.19,39656956
917,5,4,1,1,30,Chandigarh,South,5.39,7.91,14.99,5399473
3485,5,4,1,0,27,Bengaluru,East,3.25,9.7,5.17,21776477
2752,5,6,1,2,22,Mumbai,Central,2.0,3.72,3.21,25635697
2971,3,2,2,3,0,Pune,East,1.79,9.61,1.31,17167468
2375,3,3,3,2,3,Delhi,East,4.87,9.12,1.91,17334090
1636,4,4,3,2,4,Chandigarh,South,9.5,2.94,0.38,8812896
2336,3,3,3,0,21,Chandigarh,West,3.66,0.52,7.45,11631686
4294,3,3,1,2,17,Mumbai,North,0.41,9.76,3.98,38434343
2854,3,4,3,2,16,Chandigarh,Central,1.67,1.28,0.24,13407594
4123,2,2,2,1,17,Delhi,East,2.73,0.83,6.76,27702090
2485,3,2,2,2,7,Delhi,Central,1.92,6.54,13.81,16692848
510,4,4,1,3,9,Chandigarh,North,0.33,2.6,10.1,3295636
522,2,2,2,1,0,Chandigarh,East,0.32,3.67,8.74,2688231
923,5,6,2,0,24,Chandigarh,Central,9.59,8.79,13.13,4881335
1983,5,4,3,3,29,Chandigarh,North,6.69,7.52,2.14,10294185
4027,4,4,3,1,20,Chandigarh,Central,9.27,7.92,5.66,20265044
3410,4,3,2,2,3,Chandigarh,West,7.94,7.66,1.35,16573555
3499,1,1,3,0,26,Delhi,East,5.81,1.5,4.29,22766113
813,5,6,1,2,30,Pune,North,6.97,4.76,3.58,6167408
3845,2,2,1,2,24,Chandigarh,East,6.33,4.32,4.14,17642139
518,1,1,3,2,21,Mumbai,West,0.43,9.91,5.86,3666912
3697,2,3,1,1,3,Mumbai,Central,1.03,1.31,12.63,32374134
713,3,4,1,0,17,Chandigarh,North,4.16,7.04,14.19,2413213
979,5,5,3,0,22,Mumbai,East,9.46,6.65,7.25,10537948
2517,2,2,1,3,1,Pune,Central,0.29,7.49,0.79,13882838
2140,5,6,1,0,1,Delhi,East,0.39,2.93,11.44,15526637
4037,1,1,3,0,7,Chandigarh,West,2.33,8.14,8.85,18473693
3662,3,3,3,0,8,Bengaluru,South,4.34,2.34,14.44,22444242
4454,3,4,1,1,4,Delhi,West,8.18,5.72,12.11,28603325
2992,2,3,3,2,17,Chandigarh,East,6.82,9.21,3.16,14763419
3976,1,2,1,1,3,Chandigarh,North,7.53,1.05,3.86,18767208
2961,1,1,3,1,22,Chandigarh,West,5.85,6.76,4.29,13596211
1938,1,2,2,1,10,Chandigarh,Central,4.68,8.74,8.26,8894479
4633,5,4,1,3,5,Mumbai,South,1.54,8.48,4.94,42730184
1478,1,2,3,2,28,Pune,North,6.21,1.29,3.96,7729515
1561,3,3,3,0,16,Mumbai,North,0.51,9.92,11.63,13562989
2917,5,5,2,1,18,Mumbai,North,4.67,2.93,4.61,26712864
2203,3,3,3,2,30,Mumbai,West,6.29,5.69,7.44,19094806
1852,1,2,3,3,14,Chandigarh,West,0.78,7.42,7.67,8744618
4922,2,2,2,3,3,Chandigarh,West,3.32,5.18,14.49,22761254
4076,4,4,3,3,25,Delhi,South,9.9,8.01,7.09,28246209
1059,3,2,2,0,24,Chandigarh,North,4.03,8.97,13.39,4221604
649,4,3,2,3,28,Mumbai,North,3.51,7.66,14.91,6473212
735,1,1,1,1,24,Bengaluru,Central,6.44,8.05,3.04,4254159
755,4,4,1,1,3,Bengaluru,East,8.54,3.83,4.19,6008059
3718,5,4,2,2,6,Pune,West,6.0,6.89,2.14,21402007
4293,4,4,3,2,14,Chandigarh,Central,5.6,6.72,4.51,20098036
4052,3,4,1,3,24,Chandigarh,West,8.98,7.87,13.0,19514326
3096,4,5,1,3,15,Chandigarh,East,7.77,6.76,3.36,16336805
3327,5,6,3,2,30,Bengaluru,West,1.13,1.8,6.51,21242161
4814,1,1,3,2,6,Pune,North,8.62,7.27,11.53,24511653
1102,3,2,3,2,18,Bengaluru,East,2.07,3.19,3.56,7063078
4841,5,5,1,3,20,Bengaluru,North,2.26,3.14,0.23,31279856
3630,2,2,1,3,19,Mumbai,East,4.09,2.84,9.13,30842670
1989,4,3,2,3,13,Mumbai,South,1.81,1.24,11.94,19522122
1888,2,3,2,1,25,Mumbai,East,4.86,3.61,13.74,16225414
1197,4,5,1,2,17,Chandigarh,West,0.76,8.35,10.8,6415878
1199,1,2,1,3,13,Bengaluru,North,9.63,1.54,8.66,7118336
4911,5,6,2,1,3,Delhi,West,8.8,2.34,6.77,33770467
3874,2,3,1,2,28,Mumbai,Central,2.85,3.46,6.91,33131426
2736,1,1,3,0,13,Pune,East,1.23,6.71,6.45,12641994
4617,5,6,1,3,4,Delhi,Central,7.32,3.21,8.43,32045773
505,4,5,2,2,12,Bengaluru,South,1.25,5.3,12.13,3753322
1914,3,4,3,0,14,Mumbai,South,1.52,8.05,8.05,16710938
2240,5,4,1,3,4,Delhi,North,6.07,2.49,9.66,18232845
2772,2,3,1,2,14,Pune,Central,4.25,4.05,7.87,14772920
2178,3,3,3,1,8,Pune,South,2.39,8.37,4.94,11155463
3963,3,2,3,1,6,Delhi,West,7.51,0.69,12.47,27647708
1086,4,5,1,2,14,Pune,Central,1.32,0.2,13.35,6082990
3934,5,6,3,0,19,Chandigarh,East,2.24,2.14,9.01,18529342
4069,5,6,1,3,4,Bengaluru,Central,8.4,9.18,9.47,27046925
2792,1,2,1,2,7,Bengaluru,Central,3.26,6.37,14.09,16176183
4589,1,2,3,3,11,Chandigarh,South,5.29,7.46,10.0,20869816
2580,5,5,1,1,19,Mumbai,South,2.38,7.0,5.88,25466538
3300,5,4,2,3,21,Chandigarh,West,7.27,6.55,2.58,16359824
4181,2,3,2,3,23,Delhi,South,6.84,4.68,3.29,27814508
2894,2,2,3,0,14,Pune,Central,0.61,3.21,8.82,13294539
2735,1,2,1,1,7,Bengaluru,Central,7.05,5.92,2.54,17094730
1754,5,4,3,3,3,Pune,West,1.66,9.85,7.77,11037747
1774,2,3,1,2,20,Delhi,North,0.86,9.76,10.22,12105084
2937,5,4,1,0,25,Mumbai,South,2.26,1.26,4.24,27779924
3352,3,4,2,0,14,Pune,South,8.91,2.42,2.09,17732883
1557,2,1,3,0,25,Delhi,South,4.51,7.96,6.64,10649533
2036,1,1,3,0,23,Delhi,North,0.32,4.75,7.84,12617716
4153,2,1,3,1,3,Delhi,East,6.82,3.31,13.8,27445439
1621,3,3,2,2,6,Chandigarh,East,5.99,2.04,3.47,8526213
2007,3,3,2,1,5,Pune,Central,1.57,0.49,0.89,12176058
4058,1,2,1,0,4,Delhi,North,1.37,8.73,13.99,25925808
4797,3,4,1,1,29,Mumbai,West,6.73,9.94,2.72,42056538
1175,1,1,2,2,14,Bengaluru,North,3.5,1.89,10.35,6025419
1349,2,2,3,1,3,Pune,Central,3.89,8.91,12.01,7231373
2550,5,6,3,2,20,Chandigarh,Central,4.11,4.05,3.96,12872232
3639,1,1,3,0,8,Bengaluru,East,1.73,9.66,0.37,21826285
514,2,2,1,1,11,Pune,North,1.55,2.28,1.36,3224897
2866,4,4,2,1,27,Mumbai,East,3.63,1.95,4.7,26080241
3170,2,3,3,3,19,Pune,Central,2.84,1.67,12.04,16045922
976,4,5,3,0,4,Mumbai,North,5.83,4.41,9.76,9445693
1384,5,6,1,2,23,Pune,East,1.51,9.15,13.75,7645650
3122,2,2,3,0,11,Pune,South,3.12,1.92,4.1,16917657
4787,3,2,2,3,7,Pune,North,1.35,9.4,5.85,25431375
853,5,4,1,1,18,Chandigarh,West,3.16,2.92,6.49,5970387
3912,4,3,3,1,12,Chandigarh,South,6.52,8.53,9.69,18524770
2638,2,1,2,0,14,Pune,West,1.71,0.72,8.86,12667807
3845,4,3,2,0,22,Mumbai,East,5.81,1.26,8.33,33667195
2492,5,5,1,2,27,Bengaluru,Central,0.24,5.37,3.82,16694719
2525,1,1,3,0,18,Delhi,West,8.38,5.39,3.24,16581186
808,2,3,1,1,15,Delhi,South,8.13,5.3,2.61,6460419
4420,3,2,2,1,4,Pune,West,9.0,2.55,5.07,23869924
1842,3,2,2,2,20,Chandigarh,South,8.66,5.25,6.95,8916745
4054,3,3,1,3,21,Mumbai,West,0.75,5.71,3.71,36349443
1758,5,4,3,2,27,Delhi,West,4.91,2.5,2.62,13377798
3146,5,4,1,3,26,Delhi,West,8.33,8.42,9.88,22261602
3316,4,4,1,0,20,Mumbai,Central,4.22,2.09,11.79,29415525
1177,3,4,3,2,22,Bengaluru,West,0.37,1.01,2.47,8759466
3374,5,6,1,3,6,Chandigarh,North,1.76,4.19,7.1,17271808
2061,3,3,2,1,19,Mumbai,South,1.49,6.23,8.55,19108652
3433,1,1,1,1,19,Pune,West,7.94,6.66,13.48,15649076
4549,4,4,3,1,21,Chandigarh,Central,0.37,4.85,0.32,20844137
1556,3,4,1,2,5,Bengaluru,East,2.32,6.33,14.12,10755037
3347,4,4,1,2,22,Mumbai,West,5.84,7.44,6.06,30551359
1676,1,1,3,3,27,Pune,West,4.85,4.36,1.16,8811214
2339,4,3,2,1,5,Delhi,West,9.91,3.72,5.36,17908817
4289,1,1,1,3,19,Delhi,West,9.12,8.14,2.9,28883416
3041,2,3,1,2,13,Pune,North,8.76,5.93,7.3,15783565
3058,3,3,3,0,17,Bengaluru,East,5.69,8.84,5.85,18766148
3888,5,5,3,2,26,Pune,Central,8.67,9.31,0.23,20698564
4245,2,2,1,0,5,Bengaluru,Central,1.18,7.47,12.89,25786401
4285,2,2,1,1,7,Pune,Central,3.57,6.73,13.44,21804832
3732,5,5,1,1,16,Delhi,Central,4.75,8.58,10.64,25882322
4041,1,2,1,0,16,Chandigarh,Central,3.11,3.54,10.82,18282134
2580,1,1,3,3,2,Mumbai,Central,7.61,8.19,13.08,22266016
4034,2,1,2,2,13,Pune,North,0.22,7.21,2.51,21631251
2831,1,1,1,3,14,Chandigarh,Central,0.77,9.86,6.37,13238097
2595,3,4,3,1,11,Mumbai,South,7.73,7.74,11.23,22911423
3328,2,1,3,3,23,Delhi,East,3.16,6.92,2.93,22502715
575,3,2,2,3,14,Bengaluru,South,9.89,6.21,11.33,3971059
3705,3,3,1,0,29,Delhi,East,5.03,1.07,13.96,23784940
2415,5,5,3,0,4,Pune,Central,8.51,1.21,5.64,12758708
4581,4,3,2,3,14,Bengaluru,North,3.26,5.3,2.33,29289459
3802,3,3,1,0,13,Mumbai,East,6.71,7.97,12.65,33314723
2355,3,4,2,2,16,Bengaluru,South,9.84,7.62,11.18,14223465
3537,1,2,2,3,28,Delhi,East,3.88,4.19,2.87,24382140
4135,1,2,2,2,4,Delhi,West,9.54,0.9,0.78,28430653
1731,4,5,3,3,16,Bengaluru,South,7.66,2.47,5.15,12407397
4480,5,6,2,0,26,Delhi,South,3.79,8.86,13.52,30327707
883,1,1,1,0,5,Delhi,North,9.64,5.77,10.57,5210210
4755,3,2,2,2,23,Chandigarh,South,8.57,5.47,2.64,22921308
2927,5,4,3,3,26,Bengaluru,Central,0.39,4.48,13.88,17954834
4354,3,2,1,3,24,Chandigarh,East,2.33,2.11,6.24,19360452
4227,5,4,1,2,7,Bengaluru,Central,6.44,6.75,8.34,28061930
2193,3,4,1,3,26,Chandigarh,East,0.23,1.06,10.87,9882110
2854,5,4,1,2,10,Mumbai,East,4.36,5.95,7.62,27484366
2274,3,3,3,0,3,Bengaluru,East,9.98,7.39,12.81,14077120
3843,2,1,3,0,10,Pune,West,3.02,6.3,2.92,19553209
1014,2,2,1,0,16,Bengaluru,East,0.98,6.74,2.93,7629812
2267,5,6,2,1,23,Bengaluru,West,3.56,7.08,11.47,15967668
3117,4,5,3,1,12,Delhi,Central,3.68,9.48,9.16,21741504
3595,5,6,2,1,27,Bengaluru,East,4.39,2.13,13.15,22953575
4022,4,4,2,2,27,Pune,South,3.55,3.52,4.17,20910146
1709,5,6,2,3,21,Mumbai,North,5.3,4.93,1.5,18309670
2867,5,5,1,0,18,Pune,East,5.97,0.68,9.5,15793997
2018,1,2,2,3,11,Mumbai,West,8.58,4.26,6.82,18504009
2531,2,1,3,2,5,Delhi,South,8.34,2.48,9.61,16841490
1780,5,4,2,3,18,Mumbai,Central,9.11,9.0,6.5,18051739
757,1,1,3,3,17,Chandigarh,Central,1.0,4.54,3.01,3471704
1329,4,3,3,0,24,Bengaluru,East,8.26,2.09,13.63,9090280
1023,3,3,2,2,10,Delhi,West,6.07,5.33,3.42,7853600
845,3,2,3,1,7,Delhi,South,9.29,3.44,9.0,6828760
3993,4,4,1,1,14,Bengaluru,South,4.68,2.24,9.46,24824351
3048,5,4,3,3,13,Mumbai,East,8.23,8.06,14.82,28792992
3924,4,5,1,2,0,Chandigarh,Central,6.62,5.7,11.02,18783355
3537,3,4,1,0,14,Pune,South,8.28,6.5,10.59,18379044
1014,2,1,2,2,10,Delhi,Central,5.64,7.55,13.44,6394481
2803,5,5,1,1,7,Pune,South,9.57,1.11,14.08,15366703
4591,5,6,1,0,30,Pune,East,9.95,0.34,7.6,23566003
2811,5,4,2,2,20,Pune,South,2.68,3.6,4.5,15460631
3968,1,2,1,2,19,Delhi,North,6.62,4.28,14.75,25681776
3705,1,1,3,0,10,Delhi,East,0.2,4.62,4.55,24187542
1554,3,4,2,2,15,Delhi,West,4.14,2.22,1.29,12056561
1094,3,3,3,2,22,Bengaluru,Central,3.45,4.09,13.77,6650029
4510,4,4,2,0,15,Bengaluru,South,6.37,3.1,0.98,28869263
3422,2,2,2,3,4,Chandigarh,Central,1.61,6.69,13.06,15188737
973,4,5,2,3,11,Chandigarh,Central,1.21,8.28,9.24,4928430
4031,2,2,1,0,7,Mumbai,East,6.41,8.97,10.25,34727433
2026,5,6,2,3,12,Delhi,Central,1.67,9.62,9.08,15694934
2187,3,2,1,3,13,Chandigarh,Central,1.3,3.35,0.76,10526507
1499,1,1,2,3,7,Pune,South,1.24,5.87,5.55,7892286
2826,4,5,3,0,23,Delhi,South,1.21,5.34,8.79,18990739
1522,1,1,2,0,25,Chandigarh,Central,2.73,2.5,8.07,6590818
3898,2,2,3,0,16,Mumbai,North,4.67,9.32,5.04,33151923
1405,4,3,2,2,9,Bengaluru,North,7.5,1.86,6.23,9278366
1180,2,2,2,3,19,Chandigarh,West,3.05,3.62,10.58,5777694
1156,4,5,3,0,17,Mumbai,West,9.48,8.14,10.34,10818998
4712,3,4,1,0,22,Bengaluru,West,6.19,4.55,7.18,28632733
2522,2,3,1,1,2,Chandigarh,North,1.28,6.18,10.62,11677662
3761,5,6,1,1,18,Chandigarh,West,3.39,1.46,6.71,18851448
2232,1,1,2,3,22,Mumbai,West,4.51,6.35,4.36,19220791
3537,5,5,2,3,9,Bengaluru,South,2.19,3.87,9.15,22905516
4027,4,5,3,2,26,Pune,East,1.79,6.41,11.63,21194002
3612,2,1,2,2,9,Pune,East,9.6,9.58,3.99,19154169
2142,5,4,2,1,4,Mumbai,East,2.08,1.78,10.36,20786987
4425,3,2,3,1,23,Chandigarh,North,5.01,3.54,2.28,20204904
3408,3,2,2,2,12,Pune,North,8.73,3.91,3.55,18455466
3968,5,4,2,0,25,Bengaluru,East,6.84,2.35,0.2,24364305
1936,1,1,2,3,9,Bengaluru,Central,3.2,1.69,7.53,12115590
861,1,2,2,2,3,Mumbai,East,9.63,3.56,5.82,7779117
3862,3,2,1,2,14,Bengaluru,South,5.95,8.98,9.3,24956428
3487,2,1,2,3,11,Delhi,West,8.73,9.03,8.92,23363967
1407,4,5,2,3,30,Pune,South,6.16,3.67,5.33,7995487
3108,3,3,3,0,11,Chandigarh,Central,3.98,3.21,9.3,14573609
929,5,6,2,1,27,Pune,North,4.87,2.62,5.89,6275786
2726,5,6,2,0,18,Pune,South,8.87,7.91,10.49,14646014
2002,3,2,1,1,7,Pune,East,8.41,0.3,10.63,10837517
3301,3,4,2,0,19,Mumbai,North,6.18,0.73,14.34,28118652
3526,2,3,1,2,18,Chandigarh,West,2.15,2.76,2.29,15590692
2609,3,2,1,0,17,Bengaluru,Central,4.87,8.09,9.56,16020412
3044,2,2,3,1,24,Pune,South,3.93,0.38,12.49,14759845
1353,5,5,1,1,13,Bengaluru,South,4.25,2.71,10.73,9650293
3114,3,3,1,2,28,Mumbai,South,6.59,0.58,9.9,28007829
3691,5,6,2,1,14,Mumbai,East,6.94,2.85,11.92,34204735
4079,3,2,2,1,23,Mumbai,North,1.88,9.82,4.24,34979501
2734,3,2,3,1,13,Chandigarh,West,5.59,8.64,13.38,13686307
3665,4,5,2,3,3,Delhi,North,1.76,7.18,8.29,26172462
1958,2,1,3,3,8,Delhi,East,2.29,5.76,7.42,13468424
4658,3,3,1,3,7,Pune,North,8.51,6.76,1.82,25521419
2760,5,4,1,0,4,Bengaluru,West,8.63,0.23,9.43,18920495
4501,2,2,3,1,14,Pune,South,7.41,6.14,3.14,23496730
2550,1,1,2,0,11,Mumbai,West,7.45,5.14,0.39,22191834
4066,5,5,2,2,25,Mumbai,North,3.43,7.29,9.19,36779717
4254,1,2,2,0,21,Mumbai,North,0.4,3.51,12.52,35003306
4544,2,3,2,1,4,Mumbai,East,5.58,6.04,6.93,39564460
4523,5,6,1,0,18,Bengaluru,South,7.41,2.98,8.18,28285298
4492,3,3,3,1,1,Delhi,West,5.5,9.84,5.14,30137960
900,3,4,1,3,18,Mumbai,Central,7.14,2.2,12.64,8139628
1482,2,2,3,3,9,Delhi,East,8.83,6.72,1.45,11241137
4753,5,6,1,1,16,Pune,North,0.88,6.09,1.74,24418249
4704,1,1,2,0,19,Bengaluru,North,2.98,4.9,7.41,26996568
3997,2,3,2,3,12,Bengaluru,West,7.19,4.19,1.58,25453812
4779,2,3,1,1,19,Pune,Central,5.63,3.09,7.02,24346676
4603,1,1,1,1,17,Pune,South,4.84,5.58,11.67,22068556
4186,3,2,1,2,20,Bengaluru,East,0.79,4.82,1.85,26176037
4333,3,2,1,2,12,Bengaluru,North,8.91,7.16,13.18,26940130
4978,5,5,3,2,19,Bengaluru,North,9.28,1.13,0.45,31982551
2116,2,3,1,1,6,Delhi,Central,8.11,9.67,9.41,13829581
1930,5,5,3,1,3,Delhi,West,5.17,2.89,5.53,15262687
1715,3,2,3,1,15,Mumbai,East,8.05,3.71,14.59,14275748
3425,5,6,2,3,10,Bengaluru,East,0.61,9.91,14.04,22392955
3620,1,2,1,2,29,Pune,East,6.82,4.76,6.04,18179312
3773,4,3,3,3,17,Pune,South,7.14,6.95,10.97,19818851
1759,4,4,1,2,18,Bengaluru,West,9.15,5.07,11.55,11968798
3564,2,1,1,1,22,Bengaluru,North,7.99,9.28,13.76,20990624
920,4,3,2,2,25,Bengaluru,East,3.43,4.32,4.23,6600976
744,3,2,1,0,22,Mumbai,North,5.05,6.45,3.52,7804930
1613,4,5,3,0,27,Bengaluru,South,1.46,3.13,12.91,10752227
1518,1,1,3,0,9,Delhi,Central,3.78,2.35,9.75,9658904
1899,5,5,3,2,30,Bengaluru,East,9.45,2.84,13.63,13019304
3512,4,3,2,1,7,Bengaluru,South,5.58,8.5,5.32,22305096
2296,4,5,2,1,4,Pune,West,1.74,4.06,1.79,12915444
1715,4,3,3,0,12,Mumbai,East,8.95,2.65,1.28,17441250
3446,3,4,2,2,20,Delhi,North,4.3,5.82,4.44,23371865
4717,2,2,3,1,9,Pune,South,6.49,1.66,10.82,24136492
2524,4,5,2,1,26,Mumbai,West,3.97,0.76,9.75,23036464
1818,1,1,1,0,16,Bengaluru,Central,8.41,5.79,0.67,11019534
2108,1,2,2,3,17,Delhi,West,5.95,2.98,8.46,14353010
1265,4,4,1,0,21,Pune,South,8.73,9.32,7.72,7040839
510,3,2,3,3,3,Chandigarh,North,1.52,3.08,13.86,3830770
4691,3,4,3,3,13,Pune,East,3.04,5.51,7.23,23899355
697,4,4,3,2,26,Chandigarh,West,7.08,8.36,7.53,4347290
4654,1,1,1,2,4,Pune,Central,6.68,9.33,2.23,24952368
3500,3,3,2,0,14,Delhi,North,5.48,5.31,10.71,23556993
3547,2,2,1,1,4,Bengaluru,West,5.8,6.53,5.49,20886052
3393,1,1,3,2,30,Bengaluru,South,5.26,2.94,1.29,19743249
1377,2,1,2,3,18,Delhi,West,6.71,9.89,0.27,9124235
4752,2,2,2,2,9,Bengaluru,West,6.32,3.1,4.29,28963506
2999,5,4,1,2,8,Delhi,North,7.0,1.73,10.17,22091031
1499,1,1,2,0,21,Delhi,West,2.01,5.22,13.23,8365623
1959,1,1,3,3,13,Bengaluru,East,3.63,2.22,11.06,11503627
2257,4,5,2,2,27,Mumbai,East,5.66,9.44,14.37,20840496
3439,5,5,1,0,16,Bengaluru,East,6.02,4.88,0.81,22425311
4781,3,4,1,0,27,Mumbai,West,2.04,8.77,11.78,41089794
2958,1,1,1,3,6,Chandigarh,East,5.95,6.16,3.26,13705664
1551,4,4,1,1,22,Delhi,West,6.11,6.81,3.61,11186775
2396,2,1,3,2,25,Chandigarh,Central,6.55,5.11,7.98,11279048
3891,1,1,2,3,22,Pune,North,9.8,0.43,13.59,17859376
1288,3,4,2,2,23,Mumbai,Central,1.41,2.66,4.21,13324494
3893,1,1,1,2,28,Chandigarh,Central,6.12,9.96,12.72,16437638
593,4,5,1,1,25,Delhi,North,7.9,4.18,1.07,5799669
1741,3,3,2,0,15,Bengaluru,South,2.32,5.25,3.3,10135572
4611,3,2,2,0,27,Delhi,Central,7.34,5.02,7.0,30924903
2248,1,2,3,0,1,Pune,Central,1.85,10.0,14.86,10740299
1002,5,4,1,3,2,Bengaluru,East,0.84,1.18,1.0,8982389
4788,4,5,1,3,18,Bengaluru,North,8.58,1.74,8.69,29774534
4836,3,2,3,2,17,Bengaluru,East,7.76,9.07,11.09,29448460
3572,2,3,3,0,4,Bengaluru,South,9.97,7.58,2.97,21964527
668,3,2,2,0,1,Chandigarh,East,7.3,1.25,8.08,3184651
3096,3,2,1,2,12,Mumbai,East,7.02,0.5,4.8,27408105
3333,1,1,1,0,11,Delhi,Central,0.96,0.75,1.46,21870351
4719,4,4,1,1,20,Delhi,North,7.94,0.45,14.21,31354117
2682,4,5,2,1,4,Delhi,West,3.06,4.19,12.41,18074387
3417,3,4,1,2,2,Pune,West,3.9,9.76,13.85,18008786
4917,3,4,3,0,1,Mumbai,East,3.52,2.34,8.53,43051450
2843,3,3,3,1,14,Bengaluru,North,7.82,6.1,2.5,18500474
546,4,3,1,3,0,Chandigarh,Central,1.7,6.96,9.21,3905052
3649,1,2,1,3,11,Mumbai,West,1.87,0.82,9.55,30720609
4188,2,3,2,2,17,Chandigarh,North,2.09,9.93,8.34,18762834
4158,5,4,3,2,6,Pune,East,5.57,2.13,10.74,22324070
3778,5,5,3,0,7,Delhi,East,3.31,7.29,6.78,26061977
3073,4,5,3,1,16,Delhi,Central,4.25,9.4,13.38,20408395
3164,2,2,1,0,24,Pune,West,9.27,8.98,1.03,16137896
561,5,6,1,0,14,Mumbai,South,8.94,4.86,0.42,7499621
4378,3,3,2,2,26,Chandigarh,South,4.27,5.15,1.85,21274240
1556,5,5,3,0,9,Bengaluru,South,5.89,2.72,13.87,10115053
2602,1,2,3,0,24,Mumbai,East,3.11,5.96,1.28,20641986
4028,2,1,3,2,17,Pune,North,9.37,5.23,3.18,20485485
1127,2,2,2,3,19,Bengaluru,North,9.25,5.44,11.5,7548941
4417,3,4,3,2,22,Bengaluru,West,0.71,0.62,5.79,27194147
1934,4,5,2,3,23,Pune,West,6.54,7.92,5.17,11057843
3411,1,1,1,3,0,Bengaluru,Central,7.78,1.65,12.82,20519775
997,1,2,1,0,9,Bengaluru,West,9.59,7.99,13.0,4499641
4748,5,6,1,2,6,Mumbai,East,6.57,6.87,6.77,42253666
824,4,4,3,2,25,Pune,East,2.89,6.5,7.64,4665069
4429,3,2,2,0,8,Chandigarh,North,6.82,3.58,8.63,20035103
953,5,4,3,1,10,Pune,West,4.46,2.63,0.49,6314271
4596,5,5,1,3,4,Pune,West,1.96,0.8,14.34,24254694
1455,2,3,2,1,0,Mumbai,East,2.2,0.62,1.72,13985716
1085,5,6,1,0,17,Delhi,South,5.43,6.19,4.73,8546195
2461,2,2,1,1,28,Bengaluru,Central,0.58,0.51,4.75,14713698
4678,2,2,3,0,0,Chandigarh,North,9.04,3.68,14.78,21455824
2095,1,1,2,3,7,Bengaluru,North,7.43,9.65,10.95,12859083
3118,4,5,3,0,30,Delhi,West,9.74,1.33,7.71,19686225
1523,5,5,2,0,23,Pune,North,3.13,9.22,11.38,8422922
3092,3,3,2,0,14,Delhi,North,4.63,1.32,5.3,21797000
4797,4,5,3,1,15,Pune,East,7.35,3.78,9.83,25161431
4025,4,5,3,2,5,Bengaluru,Central,6.89,5.82,3.82,26235031
880,1,1,3,2,23,Pune,West,4.7,4.93,11.03,3752798
4025,4,3,3,1,12,Mumbai,Central,6.62,9.21,10.1,35444456
4485,5,6,3,1,11,Bengaluru,East,9.83,4.98,2.2,28667392
3908,2,3,1,1,20,Bengaluru,Central,3.31,9.99,4.51,22982866
3778,1,1,2,1,26,Mumbai,West,6.77,6.77,11.82,31610784
965,4,4,2,1,28,Delhi,West,6.63,1.96,1.43,7864536
1894,1,2,1,3,9,Chandigarh,West,2.94,7.34,2.3,8548087
4170,5,5,2,3,28,Bengaluru,West,0.75,8.68,13.18,26384555
1217,4,4,3,3,29,Bengaluru,South,8.94,2.77,14.18,9302542
3853,1,2,2,1,29,Chandigarh,Central,2.85,1.12,14.67,16510053
2065,3,4,3,3,22,Bengaluru,South,4.71,9.31,6.68,13316504
1888,1,1,1,1,1,Chandigarh,Central,9.73,4.33,14.23,8764724
538,2,3,3,3,24,Mumbai,West,8.4,8.37,2.24,5190187
3059,3,4,3,2,25,Delhi,East,3.96,9.35,9.24,21098721
744,4,5,3,1,25,Chandigarh,East,7.22,7.88,4.84,3827903
4788,3,2,2,2,1,Mumbai,East,1.58,8.5,5.89,42378726
2442,1,2,1,1,27,Chandigarh,South,1.48,3.72,9.56,10260561
2097,5,5,2,0,0,Chandigarh,Central,7.15,9.94,4.55,9778728
1505,3,3,2,0,4,Delhi,North,9.43,4.08,14.72,10312910
4783,2,1,2,2,13,Delhi,East,3.21,0.96,12.56,31151536
4170,2,1,3,2,7,Mumbai,Central,7.13,8.66,2.37,36491986
1664,5,6,3,1,11,Pune,Central,6.4,6.27,10.44,9383680
3058,4,4,1,3,10,Delhi,North,3.82,9.25,9.96,21921116
3768,2,2,3,0,10,Pune,South,5.2,5.99,11.47,18849531
3507,1,1,3,1,3,Pune,West,4.15,0.91,2.27,17965020
919,1,1,2,2,16,Bengaluru,South,9.25,1.31,2.75,6029212
3404,1,2,2,2,14,Pune,East,4.72,4.34,12.14,17382041
630,1,1,1,0,27,Chandigarh,West,4.09,2.57,2.01,2414299
1288,1,1,1,2,28,Mumbai,Central,7.25,6.28,3.66,10723295
3413,2,1,3,2,22,Chandigarh,Central,4.29,2.28,11.29,15059166
3090,4,3,3,2,20,Mumbai,West,9.67,5.22,1.38,28621553
1876,3,3,3,0,28,Delhi,Central,0.65,0.28,12.92,11724289
3092,4,5,2,2,13,Delhi,South,0.48,1.23,3.11,21865110
812,1,1,3,2,19,Chandigarh,South,5.01,8.59,3.65,3762831
3527,1,2,1,1,3,Mumbai,West,2.62,6.83,9.98,30319006
702,4,5,3,2,2,Pune,South,4.49,5.5,5.27,5042736
3281,4,5,2,3,5,Bengaluru,South,5.0,4.44,1.58,21989567
3362,1,1,2,0,30,Chandigarh,South,0.32,2.32,10.85,13689832
4407,1,1,1,3,0,Chandigarh,West,8.32,1.2,7.22,20718385
4901,4,3,3,3,14,Bengaluru,East,5.87,4.03,13.84,31040767
3822,4,5,2,2,1,Mumbai,East,9.89,0.24,11.69,34910601
2450,1,1,3,0,27,Bengaluru,South,8.9,2.21,12.35,14262053
2416,1,2,1,1,19,Pune,West,9.31,9.66,14.06,11556314
2136,5,4,2,0,5,Mumbai,East,9.47,0.45,9.71,21538401
798,1,1,2,1,18,Bengaluru,Central,4.4,7.75,13.49,3919867
4014,5,4,1,1,27,Pune,North,2.94,3.97,6.55,20905672
1904,1,1,2,3,30,Pune,East,7.92,9.42,7.46,9308543
785,1,1,2,2,9,Mumbai,North,5.31,0.84,9.58,6523287
2945,4,5,2,1,22,Pune,South,1.79,6.52,1.28,16589336
532,5,4,1,1,22,Chandigarh,East,5.28,5.58,8.49,3442130
3476,5,4,3,1,10,Delhi,West,2.01,5.63,12.1,24482723
4671,2,3,1,0,1,Bengaluru,Central,3.28,5.93,6.71,28377491
751,1,1,1,1,14,Mumbai,North,6.37,5.24,4.68,6515785
3707,1,2,1,1,5,Delhi,West,0.86,4.17,7.62,25157828
4506,5,6,3,2,12,Mumbai,West,8.66,3.83,14.16,40562120
3009,1,2,2,2,18,Pune,Central,4.59,4.85,9.33,14963372
1155,5,5,3,2,10,Delhi,North,5.99,7.49,4.36,10142930
4935,3,2,3,1,17,Pune,South,0.76,1.59,13.26,24591737
1215,2,2,3,2,2,Mumbai,West,8.68,3.77,13.24,11654988
2331,1,2,2,1,9,Pune,South,7.73,1.24,0.83,11353565
4323,2,2,3,3,15,Bengaluru,South,0.98,5.44,10.22,26398807
4185,3,2,2,3,28,Pune,South,2.41,8.09,14.26,20633057
4240,4,3,1,1,28,Delhi,North,4.4,3.25,7.87,28515378
778,3,3,2,2,14,Pune,West,8.06,4.07,6.49,4250614
2541,3,3,2,1,16,Chandigarh,East,9.58,2.98,0.25,12605631
4584,5,4,1,0,15,Delhi,West,5.35,3.49,2.1,31288382
4143,5,4,3,2,22,Delhi,Central,8.12,4.79,13.83,28283897
2471,4,4,3,0,22,Mumbai,West,3.44,4.79,8.74,22936596
3077,2,1,2,3,0,Chandigarh,East,6.28,7.57,6.69,15016527
867,1,2,2,0,25,Chandigarh,North,1.92,8.63,6.42,3607423
2421,4,3,2,1,4,Pune,East,3.49,9.5,6.13,14256841
2256,3,4,1,2,0,Delhi,Central,2.99,1.2,1.78,16110793
1663,3,3,3,3,4,Delhi,Central,8.61,9.9,6.25,13563406
2313,5,5,2,3,27,Pune,South,7.95,9.06,2.78,13842331
1749,4,3,2,2,13,Pune,North,6.68,2.31,10.44,9307019
2927,5,6,1,2,16,Delhi,Central,6.92,4.16,7.58,20078238
2627,4,4,2,2,20,Chandigarh,Central,7.08,0.61,7.66,13358870
756,3,3,3,1,19,Chandigarh,South,9.75,0.42,8.47,3382780
4499,2,2,2,2,18,Mumbai,North,1.96,3.84,1.43,39371929
3519,5,6,1,0,18,Chandigarh,South,8.92,9.53,9.35,16884730
704,4,5,1,0,16,Bengaluru,North,7.37,7.56,4.03,4593800
4747,1,2,2,3,0,Chandigarh,East,4.48,5.04,12.39,21877901
3786,2,3,2,2,18,Chandigarh,North,8.01,5.93,5.75,16954267
1772,1,2,1,1,24,Mumbai,North,7.09,1.77,11.44,14120625
3796,2,3,3,1,22,Bengaluru,Central,0.21,8.83,3.62,23167232
4442,4,3,2,0,3,Mumbai,Central,6.96,6.22,7.18,40065007
990,3,2,1,2,11,Bengaluru,North,4.08,4.12,10.59,7076500
4606,1,1,1,3,13,Bengaluru,West,6.46,3.79,2.35,28286035
1531,4,4,1,2,20,Delhi,East,8.91,1.2,11.12,10975476
3423,2,2,1,2,18,Bengaluru,South,7.85,9.0,14.23,20469896
692,5,6,3,0,20,Mumbai,South,5.38,2.02,10.7,8246789
4501,3,2,1,0,23,Bengaluru,South,3.99,2.34,4.99,28292781
4122,4,3,2,1,23,Pune,West,8.46,4.48,14.68,21726488
1902,2,2,2,1,2,Pune,West,4.96,9.29,6.96,9522511
4791,2,3,2,1,29,Chandigarh,West,2.0,9.35,9.49,20748796
872,1,1,2,2,28,Pune,North,8.91,9.65,5.79,4202725
2813,2,3,3,1,24,Pune,South,3.97,1.06,5.87,15130653
1670,2,2,3,0,21,Bengaluru,West,4.67,7.2,2.38,9766594
4951,3,3,2,3,26,Pune,East,6.74,4.32,1.02,24895503
3732,4,3,1,1,14,Chandigarh,West,7.23,0.85,5.48,17699979
2579,5,5,2,3,16,Delhi,West,3.19,5.82,11.56,18960944
4454,5,6,2,1,19,Chandigarh,North,7.89,9.47,2.02,21622322
4140,2,1,3,1,15,Mumbai,East,0.79,6.38,11.76,34764379
1569,5,4,2,1,30,Delhi,North,4.56,6.56,7.78,11356119
1975,4,5,3,0,6,Chandigarh,South,1.88,8.38,10.6,9523286
2915,4,5,3,0,30,Pune,Central,6.6,5.69,8.5,14547497
3120,1,1,2,0,28,Pune,East,8.39,8.86,13.43,15137170
3027,4,3,3,3,13,Mumbai,East,7.31,8.92,0.95,28670235
1417,5,6,1,0,11,Pune,Central,7.11,3.36,5.74,8100242
2025,2,2,3,3,12,Chandigarh,North,2.55,9.44,1.0,9823900
2882,1,1,1,0,25,Chandigarh,North,4.69,3.45,12.0,12965637
1878,3,3,1,1,9,Chandigarh,West,4.48,4.57,1.49,8836029
4579,1,1,2,3,8,Delhi,South,0.4,2.39,11.0,29853722
4579,4,5,2,0,6,Mumbai,West,0.87,0.42,7.0,40732274
3801,4,5,2,0,21,Chandigarh,West,5.94,4.18,5.08,18560989
1541,4,3,1,1,18,Bengaluru,West,9.62,6.0,3.52,11002957
2935,4,4,2,3,17,Mumbai,North,8.93,4.88,4.55,27478105
2822,2,2,1,3,20,Chandigarh,North,1.06,8.26,7.32,13899672
3708,4,3,3,2,16,Chandigarh,Central,6.25,3.93,12.9,17478288
1781,1,1,2,3,9,Pune,East,0.68,0.38,9.09,8488427
1221,2,1,1,1,21,Chandigarh,West,2.45,2.65,2.48,5853094
2883,3,3,1,3,0,Delhi,North,8.29,4.07,6.99,20337262
4220,1,2,1,0,25,Bengaluru,West,6.16,4.05,8.02,25271653
810,4,3,2,2,12,Delhi,South,8.21,6.8,12.12,6695355
4656,3,2,3,1,6,Mumbai,North,4.08,9.67,1.29,42701452
3311,4,5,2,2,19,Chandigarh,East,2.07,9.54,9.48,15967749
835,2,3,2,1,22,Chandigarh,Central,5.74,9.57,7.98,3550123
624,4,3,3,3,6,Chandigarh,West,6.26,8.74,6.49,4639406
2760,4,4,2,3,3,Delhi,Central,5.62,5.01,12.12,20208432
539,2,2,1,0,24,Bengaluru,South,9.18,9.04,0.23,3586886
4125,2,2,2,2,10,Delhi,East,7.94,8.68,7.03,27586577
3262,3,4,3,1,11,Delhi,North,3.54,5.91,3.29,22065596
1274,4,5,3,1,29,Delhi,North,5.19,1.15,10.65,8637652
1793,3,2,1,0,4,Delhi,West,5.31,1.58,9.24,12228887
4845,2,1,2,1,17,Chandigarh,East,2.39,6.73,12.82,23244332
3262,5,6,3,1,2,Bengaluru,Central,7.52,2.55,7.4,21670186
4829,3,3,2,0,30,Pune,West,6.29,7.76,4.99,24918636
670,5,5,2,0,27,Pune,South,7.04,6.15,11.69,4083053
1970,4,3,1,3,23,Mumbai,East,7.2,2.62,11.78,17970807
3737,4,5,3,3,2,Bengaluru,South,2.72,2.41,6.0,24250396
4761,5,4,1,0,16,Bengaluru,West,8.77,2.98,5.36,30001365
4113,2,3,3,3,8,Bengaluru,Central,5.7,1.37,5.45,26264413
3251,3,4,3,3,5,Delhi,East,3.95,5.14,8.11,23292737
2648,4,4,2,1,30,Delhi,South,2.17,6.12,1.84,17694661
3614,1,1,1,0,10,Chandigarh,East,7.44,4.7,3.56,15949464
3801,3,2,1,1,16,Delhi,Central,4.38,2.59,14.37,25440965
1772,5,4,3,1,3,Chandigarh,Central,6.26,7.85,1.53,9792254
1212,4,3,1,0,20,Delhi,West,4.69,0.97,13.94,8324330
4139,4,4,2,1,23,Delhi,North,5.92,7.58,1.55,28584822
2397,4,5,1,2,23,Pune,South,9.5,5.03,12.88,12921020
894,1,1,1,1,20,Delhi,North,3.67,3.1,14.21,5259925
3044,4,3,1,3,18,Chandigarh,North,4.96,9.83,14.06,14546682
2103,5,4,1,3,24,Delhi,North,7.95,9.44,11.35,15416595
1170,1,1,1,3,28,Bengaluru,Central,3.69,3.19,14.84,5244446
2297,3,4,3,1,9,Bengaluru,North,5.47,9.99,4.98,15530834
3978,1,2,1,2,6,Chandigarh,West,4.42,2.94,7.53,18358417
4137,4,4,3,1,11,Chandigarh,Central,5.55,8.08,7.35,19574106
2563,2,3,3,1,27,Mumbai,North,8.12,1.44,11.42,21993502
3144,1,2,1,3,6,Chandigarh,North,2.09,2.1,6.82,14648067
4632,2,2,2,0,17,Delhi,North,0.99,9.96,8.38,30300737
3061,5,6,2,1,19,Pune,Central,1.82,9.19,3.42,16830705
1854,5,5,3,1,7,Delhi,East,5.28,6.22,9.18,14388752
1534,5,6,2,0,24,Bengaluru,West,2.27,8.18,11.76,10101319
2554,2,2,2,1,25,Pune,Central,8.29,5.73,11.51,13546437
2510,1,1,3,2,14,Bengaluru,East,0.44,0.7,8.82,15112209
4642,4,5,2,3,8,Mumbai,East,7.63,3.6,5.93,42638443
729,5,4,2,3,26,Pune,Central,5.21,3.89,5.13,4635984
2333,3,3,1,0,21,Pune,Central,0.87,8.77,4.25,12817379
1394,1,1,3,3,21,Chandigarh,North,9.97,4.26,4.62,5810719
2660,5,4,2,0,27,Delhi,Central,8.01,3.63,6.79,19091579
803,3,3,3,0,25,Mumbai,North,4.15,9.34,12.33,7205973
3054,5,6,3,0,1,Mumbai,South,3.94,2.84,8.56,29147087
4805,5,4,3,1,22,Bengaluru,East,0.91,9.82,12.86,30537624
1438,5,5,3,3,4,Bengaluru,West,4.61,4.3,7.5,10652768
3843,4,3,3,1,22,Bengaluru,South,9.82,2.2,5.5,24563275
2168,3,4,3,0,11,Chandigarh,East,0.91,9.52,8.3,9130946
1305,5,4,2,2,14,Mumbai,South,4.83,6.76,3.15,14932922
1320,1,2,2,3,24,Delhi,West,7.54,5.35,14.8,8180594
4041,3,2,3,2,11,Pune,North,0.27,7.04,12.84,20040479
2885,5,4,2,1,15,Delhi,West,7.01,9.24,14.09,20683305
773,1,1,1,3,10,Mumbai,West,6.33,0.79,13.45,6418213
4882,4,3,2,2,3,Pune,South,6.11,1.58,7.05,25354655
4434,1,1,2,3,18,Mumbai,North,7.93,7.48,10.73,37229319
524,1,1,2,0,10,Delhi,South,5.87,0.35,6.74,3005797
3203,4,5,2,2,26,Mumbai,West,4.74,2.5,13.29,27894480
4634,2,3,3,0,30,Pune,North,8.22,8.79,2.87,23133803
3427,2,1,1,0,20,Pune,North,3.66,7.92,4.9,16466476
3881,5,5,3,1,9,Pune,South,9.58,1.03,3.17,21512399
4772,5,5,2,2,8,Bengaluru,East,9.75,2.96,4.77,30912052
3053,1,1,1,3,2,Bengaluru,West,1.3,0.93,7.7,18521289
4977,4,5,1,1,21,Chandigarh,West,0.36,8.17,10.17,22720011
2689,4,3,1,0,16,Pune,Central,9.0,7.81,8.94,14232542
2350,1,1,3,2,1,Mumbai,South,9.12,4.34,5.02,20634689
3642,2,2,1,1,8,Pune,Central,4.2,1.88,7.37,19129398
2521,3,4,2,3,3,Delhi,West,0.21,6.22,2.48,18250493
4572,4,3,2,3,9,Bengaluru,Central,1.4,0.92,10.23,28116611
2918,2,1,2,3,14,Pune,North,3.23,8.41,10.3,14223063
3378,3,3,3,3,9,Chandigarh,East,5.1,1.04,4.99,16402036
3728,2,1,3,1,13,Mumbai,North,8.99,2.35,1.2,32040475
3914,2,1,1,1,21,Bengaluru,East,6.77,8.71,2.59,24322165
2487,2,2,3,1,21,Bengaluru,Central,2.88,0.93,7.63,14570472
2883,2,3,3,3,18,Mumbai,North,0.66,0.6,12.91,24490864
792,1,2,3,3,22,Delhi,South,7.99,8.58,13.7,4312639
938,5,6,1,0,3,Bengaluru,Central,3.41,7.06,3.33,7939057
1263,5,4,2,2,30,Pune,South,7.99,6.99,1.91,8323509
4265,3,2,2,2,1,Mumbai,North,9.3,8.21,3.32,37998523
4316,2,3,2,1,20,Delhi,East,6.47,3.06,2.74,28876495
895,1,1,1,2,10,Mumbai,North,3.82,9.5,5.27,7768443
2912,5,4,1,0,15,Delhi,South,0.48,8.49,4.7,21427165
3407,4,5,3,0,18,Chandigarh,North,6.86,6.95,8.1,15826494
3735,4,5,1,0,14,Chandigarh,North,7.87,5.7,14.51,17150346
3721,4,3,3,1,3,Bengaluru,West,3.24,8.84,5.79,23434778
4338,2,2,1,3,9,Mumbai,East,2.41,7.33,1.73,37708812
2211,3,2,2,2,11,Mumbai,North,5.93,5.14,10.47,20160569
4338,4,3,2,3,19,Chandigarh,North,6.26,7.0,3.12,21917450
1863,1,1,1,1,30,Chandigarh,North,0.92,9.64,3.66,8506533
2440,4,4,2,1,30,Chandigarh,North,2.91,4.69,0.53,12766461
4779,2,3,3,1,0,Chandigarh,West,3.34,9.12,3.29,22794354
1315,3,4,3,1,10,Pune,West,3.37,4.86,6.43,7311915
2016,1,1,3,1,23,Mumbai,East,2.77,6.95,9.19,16226450
752,2,1,1,2,3,Bengaluru,West,2.49,1.1,8.12,5649058
3572,5,4,1,1,18,Chandigarh,North,7.18,5.5,5.63,17403914
2506,3,3,2,0,1,Chandigarh,North,2.97,7.93,0.52,11880341
4373,5,5,2,0,8,Pune,East,9.02,5.14,8.36,23739698
3676,1,1,1,2,18,Pune,South,3.22,3.6,10.22,18198909
4445,3,3,3,3,20,Chandigarh,South,5.49,2.67,11.81,20922638
4395,1,1,1,3,28,Delhi,East,8.97,0.5,11.46,28895466
4790,4,5,1,1,0,Delhi,West,6.53,0.88,1.87,34084673
2736,5,6,1,3,14,Mumbai,Central,5.83,5.79,10.99,26877356
2842,1,1,3,0,22,Mumbai,South,8.01,4.9,10.37,23297465
2589,2,1,3,3,9,Delhi,East,1.04,9.8,3.54,17514213
3528,3,3,3,0,15,Chandigarh,West,2.06,1.88,5.68,16246425
769,2,1,1,2,21,Delhi,Central,0.23,6.91,10.33,5154419
4436,2,3,2,1,15,Pune,West,1.03,1.42,0.94,22442741
1750,1,1,1,3,13,Chandigarh,East,6.97,0.84,13.4,7176310
3200,2,2,3,3,29,Chandigarh,West,3.09,5.14,1.99,14753644
2058,4,5,3,3,14,Chandigarh,East,7.38,5.57,9.98,11500861
2342,3,3,2,3,24,Delhi,North,5.18,7.04,5.65,17374264
2480,3,4,1,3,15,Delhi,North,2.51,2.37,8.8,17546613
1012,2,2,3,0,1,Chandigarh,South,7.28,2.76,13.53,4488045
1598,1,1,2,3,5,Bengaluru,Central,2.09,2.49,13.56,8928886
2559,3,2,3,3,9,Mumbai,Central,9.38,0.67,12.56,22972646
1021,5,6,3,0,22,Delhi,East,0.78,0.74,4.27,7508987
653,2,2,2,1,8,Delhi,East,4.2,6.1,14.82,4288729
2367,5,5,2,1,25,Chandigarh,West,3.22,9.7,11.19,12090480
1884,3,2,1,0,19,Pune,East,6.89,3.7,3.3,10399749
1892,5,4,1,3,2,Bengaluru,South,0.58,5.35,4.96,13715956
3376,3,2,1,0,4,Chandigarh,Central,9.98,8.37,7.23,15762012
1522,3,2,3,2,3,Bengaluru,East,5.81,4.89,1.36,10840871
2618,3,3,1,3,20,Mumbai,Central,7.32,3.57,3.5,23747140
3684,5,4,2,3,5,Chandigarh,South,2.38,5.02,5.09,17958166
2578,1,2,2,0,11,Pune,North,1.39,6.73,5.8,11838595
1411,2,3,1,2,18,Bengaluru,West,2.64,9.89,14.81,8302169
3793,2,3,1,3,16,Pune,South,2.4,4.52,9.73,19644701
1190,2,2,1,0,24,Chandigarh,Central,3.13,7.15,13.52,5171380
1125,5,5,3,3,4,Delhi,South,4.54,7.95,6.56,10645073
2666,1,1,1,3,6,Bengaluru,Central,0.43,5.36,3.64,15845871
2009,2,2,2,1,8,Chandigarh,South,4.61,2.38,9.78,10188418
1237,5,6,2,0,6,Pune,West,0.2,9.41,4.16,7800149
4248,5,4,3,1,16,Chandigarh,West,9.54,8.79,13.1,20254956
3973,2,3,3,3,5,Pune,West,7.0,5.11,11.9,20692587
2478,1,1,2,3,7,Chandigarh,South,7.8,5.44,6.24,11338590
2411,5,6,1,1,14,Chandigarh,West,9.24,3.09,8.18,11176107
1255,3,4,2,0,21,Delhi,East,3.71,4.8,6.39,9203207
2090,5,4,2,3,20,Mumbai,East,6.18,0.42,14.34,19904988
787,3,3,2,0,26,Delhi,East,3.32,7.1,13.95,4821172
3504,3,4,3,3,24,Chandigarh,North,6.35,5.28,5.96,16660781
1006,2,1,2,3,9,Bengaluru,West,6.58,7.88,14.06,6612230
4464,1,2,3,0,2,Pune,Central,0.84,2.68,1.24,22050952
3686,3,4,3,3,0,Bengaluru,North,7.92,4.21,0.65,25118712
4116,4,4,3,3,29,Delhi,West,0.9,8.33,14.82,26709450
2155,1,1,2,1,29,Delhi,South,6.24,6.14,4.09,13676022
941,5,5,1,1,21,Mumbai,West,5.18,7.83,1.08,10393773
2007,5,5,1,0,29,Delhi,South,7.09,6.78,14.83,13963556
1668,5,5,2,1,27,Bengaluru,North,7.43,3.29,10.59,11522984
2491,3,3,2,1,13,Chandigarh,North,9.06,8.37,3.08,12466112
519,1,2,1,2,30,Bengaluru,North,8.89,7.87,2.35,2831676
2287,5,4,3,1,15,Delhi,Central,9.67,6.44,8.55,16637892
1128,1,2,2,0,3,Pune,North,3.4,4.51,14.03,4902297
508,3,3,1,2,16,Mumbai,North,4.7,6.76,11.44,5428292
2474,4,3,1,1,0,Pune,East,7.27,6.0,4.05,13169307
2864,3,2,3,0,4,Bengaluru,North,7.92,5.41,2.78,18297963
2316,5,6,2,1,5,Chandigarh,Central,4.52,1.17,11.97,11428611
3727,1,2,2,2,18,Delhi,West,7.69,5.29,11.26,24126160
4294,3,2,1,2,28,Delhi,North,9.81,9.25,2.33,29045835
3740,4,5,3,0,24,Chandigarh,East,0.43,0.32,2.84,16633735
1463,4,5,2,2,20,Bengaluru,East,0.88,9.22,11.4,9854481
4237,2,2,3,2,20,Pune,East,4.6,5.08,5.99,22052459
3047,3,4,2,1,21,Bengaluru,North,5.89,7.91,4.78,19394213
688,2,1,2,1,24,Pune,Central,6.73,0.81,6.38,3130634
3807,5,6,2,1,2,Mumbai,North,1.87,1.08,12.18,34132053
2556,4,4,2,2,15,Bengaluru,West,5.32,4.46,11.81,16487472
1354,4,3,3,3,19,Mumbai,East,6.95,2.8,11.2,12772370
4114,1,1,2,3,29,Mumbai,Central,7.42,9.32,12.51,34069061
2767,5,4,1,1,8,Mumbai,North,3.04,3.22,12.95,26250668
3537,2,2,1,1,18,Chandigarh,West,8.92,5.11,4.31,16325151
4318,2,3,3,1,26,Chandigarh,South,5.63,1.9,11.2,18525775
3850,4,3,2,1,11,Delhi,South,4.53,6.01,3.99,26631504
1469,2,3,2,3,15,Bengaluru,North,6.39,5.07,9.85,9494924
3886,5,5,3,0,12,Pune,East,3.85,0.72,13.94,20523032
3950,2,2,3,0,14,Pune,Central,2.93,7.95,12.81,20629650
2851,1,2,1,2,6,Mumbai,South,8.08,7.57,7.46,24410295
1917,2,3,1,2,30,Bengaluru,North,9.79,3.77,14.41,11271403
4511,4,3,3,0,12,Bengaluru,West,8.03,3.17,11.04,28681249
4017,1,1,2,2,23,Delhi,Central,1.23,3.93,0.27,26470821
1728,2,2,1,2,17,Bengaluru,East,6.84,5.6,12.34,9794103
4855,3,4,1,0,25,Chandigarh,North,2.9,9.3,4.27,22712828
3579,1,2,1,3,3,Delhi,Central,0.61,7.14,9.32,23545271
3581,1,1,2,0,21,Pune,South,5.4,5.67,13.94,17627747
4443,5,6,3,1,3,Bengaluru,South,0.44,6.74,10.51,28804753
1186,4,5,3,3,2,Bengaluru,West,6.9,8.82,9.85,9511245
1340,5,5,1,0,2,Delhi,South,5.48,9.83,13.14,10515344
3193,3,3,1,1,19,Chandigarh,East,9.24,9.56,7.59,15252993
3359,5,6,3,1,10,Bengaluru,West,7.58,1.8,5.72,23007373
1846,5,5,2,3,27,Bengaluru,East,7.57,4.29,7.5,13029566
4900,2,1,2,1,6,Bengaluru,South,5.13,2.46,12.83,29639999
3953,5,4,2,1,27,Delhi,North,1.65,5.0,5.18,27851714
1077,1,1,2,0,9,Chandigarh,East,8.82,6.57,5.5,4279343
3336,1,1,1,2,12,Bengaluru,Central,7.57,2.62,0.44,20413378
2153,5,6,2,1,18,Mumbai,West,2.86,5.3,4.77,21103077
3350,1,2,2,1,28,Bengaluru,Central,5.08,9.27,5.69,19446293
4188,2,1,1,3,4,Delhi,South,1.14,4.47,14.33,27616551
2381,2,1,3,3,21,Delhi,North,4.85,3.61,0.6,15929546
3961,3,4,1,0,6,Bengaluru,North,9.57,8.84,10.97,24348558
811,1,1,2,1,28,Pune,North,4.13,3.39,1.74,4195995
2383,3,2,1,1,7,Chandigarh,North,7.99,5.7,8.95,11898215
4766,5,6,2,2,16,Chandigarh,Central,7.92,5.94,9.13,23825057
4091,4,5,1,1,22,Chandigarh,East,3.02,4.53,2.85,20265370
2389,3,3,3,3,2,Bengaluru,Central,2.19,2.35,9.85,15939042
3747,1,2,3,0,23,Chandigarh,South,7.75,1.63,8.1,16880197
3905,3,3,1,2,19,Mumbai,East,9.07,3.78,13.75,34342736
2368,5,6,2,2,18,Delhi,West,9.68,8.44,12.36,17527807
1141,3,4,2,0,22,Bengaluru,North,1.06,9.3,4.83,7689933
1923,4,4,2,3,12,Pune,South,5.18,4.02,4.74,10522765
700,2,1,2,0,13,Mumbai,Central,5.81,7.58,9.26,6936529
4711,4,3,2,0,29,Bengaluru,East,2.37,7.29,14.65,28612072
704,5,5,3,0,11,Delhi,North,7.56,6.38,10.91,7009733
3420,5,5,1,2,24,Pune,West,8.93,3.74,12.73,18088859
3903,4,5,2,1,0,Mumbai,North,5.98,7.13,5.33,36211510
864,2,2,3,1,4,Pune,West,6.66,1.21,3.55,5701333
743,2,2,2,0,13,Bengaluru,Central,3.16,8.14,7.31,3373250
3757,3,3,2,0,15,Delhi,North,3.38,5.23,10.4,25069677
1263,2,3,1,3,0,Chandigarh,West,1.84,7.61,3.01,6571729
4261,3,3,2,3,2,Mumbai,West,3.44,6.7,8.2,38585868
4500,4,5,3,2,11,Chandigarh,South,8.63,7.99,10.32,20872699
1180,3,3,3,0,25,Chandigarh,West,8.87,5.58,4.11,6232756
3117,5,6,2,2,6,Bengaluru,North,7.92,0.87,3.65,21852412
2453,2,1,3,2,13,Bengaluru,Central,5.41,7.04,14.07,14655177
1832,2,2,2,0,23,Mumbai,North,1.47,5.11,10.66,14891340
1849,2,1,3,0,24,Mumbai,Central,4.44,4.86,11.79,16059345
923,1,1,1,1,25,Chandigarh,Central,4.54,7.18,3.23,3714819
4623,5,4,1,2,23,Mumbai,Central,4.15,5.88,7.89,41519888
4036,1,2,1,2,5,Pune,South,8.65,8.77,10.23,19833320
1829,2,2,1,3,22,Bengaluru,Central,4.38,1.52,0.68,11647826
3243,5,6,2,0,9,Mumbai,West,6.66,6.11,9.26,29437153
1096,4,3,2,2,14,Mumbai,South,7.36,3.14,11.38,11049242
3213,4,5,2,2,30,Bengaluru,South,8.73,5.27,7.41,21228220
3124,5,5,1,3,11,Mumbai,Central,3.36,5.3,11.02,29130847
1167,4,3,1,3,17,Bengaluru,North,7.17,6.7,0.4,9028517
1188,5,6,1,2,21,Chandigarh,North,4.4,0.7,11.18,7287693
3603,3,2,2,2,4,Chandigarh,East,2.14,2.2,5.34,17260580
4900,5,6,1,3,15,Pune,East,6.67,9.11,5.51,26348392
1371,3,4,3,0,27,Delhi,North,0.69,5.7,3.67,9289009
2582,3,3,1,3,6,Pune,North,0.45,3.22,10.19,13805436
1219,3,4,1,2,27,Chandigarh,East,2.01,4.13,5.84,7128236
4652,4,3,3,1,0,Mumbai,Central,4.03,2.4,1.73,42594938
4324,5,4,2,1,11,Bengaluru,West,4.74,5.49,1.41,28152016
4572,5,5,2,2,10,Bengaluru,South,5.46,9.09,14.01,28938159
991,3,3,1,2,0,Bengaluru,North,0.84,0.22,1.07,8233981
3356,3,4,2,1,5,Mumbai,North,9.39,7.34,0.81,30312668
1166,4,3,1,1,6,Mumbai,South,2.95,6.68,4.8,12052638
1250,2,3,3,1,23,Pune,Central,7.33,4.7,3.64,6996527
1785,1,1,2,2,14,Mumbai,Central,3.07,4.46,1.51,15830516
1239,2,3,1,3,13,Delhi,West,1.97,9.69,10.89,8551267
4785,2,2,2,1,5,Bengaluru,East,8.09,0.82,12.24,28962678
927,2,3,3,3,21,Pune,Central,2.45,6.61,6.35,5367494
2001,4,5,1,2,29,Pune,West,1.56,6.99,9.58,10354844
3955,1,1,3,0,7,Mumbai,North,6.84,5.04,0.85,34620438
3226,1,1,1,0,8,Bengaluru,Central,7.54,9.55,10.66,18815204
2213,2,1,3,1,14,Delhi,East,3.68,9.19,12.76,15146860
4552,3,4,2,2,24,Bengaluru,North,6.61,6.29,4.11,28994111
1278,3,4,2,3,7,Delhi,South,0.5,2.73,2.83,9890941
2199,5,4,3,1,7,Bengaluru,North,5.79,2.64,1.02,15410928
1649,4,5,1,2,7,Delhi,West,8.05,4.37,13.61,12208725
3825,1,1,3,1,5,Pune,East,9.94,2.5,0.25,19839264
4479,1,1,2,0,26,Pune,Central,1.82,2.14,5.83,21335843
4199,4,3,2,2,25,Pune,West,8.75,9.48,2.67,23179865
2940,2,3,2,3,26,Chandigarh,West,3.41,7.34,13.55,13200291
3840,4,3,2,1,0,Mumbai,South,3.58,2.21,0.68,35299159
2152,2,3,3,0,11,Chandigarh,East,5.54,9.59,0.63,10174070
2181,3,3,1,1,9,Pune,South,4.18,9.29,8.06,12121687
1968,5,4,1,0,15,Chandigarh,West,2.73,5.72,10.64,9570597
4258,1,2,2,2,22,Pune,East,7.5,6.47,1.63,20831050
1862,5,5,1,1,9,Bengaluru,East,8.16,7.98,2.3,13180030
2598,3,3,3,0,20,Pune,Central,4.81,9.28,7.28,13684864
1638,3,2,1,3,0,Mumbai,West,5.39,0.71,8.42,16584930
2657,2,1,3,1,25,Mumbai,South,0.3,0.9,10.33,22530814
906,4,3,1,0,26,Chandigarh,North,4.47,2.4,9.96,3931587
2556,3,3,1,2,2,Pune,East,7.28,0.82,12.87,13507078
3609,2,1,1,0,5,Mumbai,South,7.65,9.44,5.06,31499943
4352,5,5,3,1,27,Pune,Central,5.13,8.53,12.4,21983954
831,4,5,1,0,3,Delhi,West,5.8,4.11,7.09,6575044
2043,2,1,3,1,6,Chandigarh,Central,5.43,3.82,8.95,10398476
1334,3,3,1,3,13,Delhi,East,4.45,2.27,5.12,11056635
3127,3,3,1,3,19,Delhi,South,8.32,3.07,6.32,21904700
545,4,3,2,2,18,Mumbai,North,2.46,0.36,15.0,6943818
4267,5,6,3,1,14,Bengaluru,South,2.23,2.02,6.78,26665392
3376,2,2,2,0,2,Pune,North,6.57,4.69,1.78,18068522
2763,1,1,3,1,13,Mumbai,West,8.9,9.05,8.38,23481729
1058,3,2,1,1,8,Pune,North,6.23,4.77,7.64,5627181
4960,3,2,2,2,30,Mumbai,Central,3.47,9.32,7.35,43188420
4389,2,2,2,3,23,Mumbai,West,4.27,8.75,0.59,38510994
4943,3,3,1,1,26,Mumbai,South,8.67,0.76,9.84,41905297
2229,1,1,3,2,5,Bengaluru,North,5.13,5.12,14.91,13952379
1712,5,5,3,0,5,Pune,Central,6.18,2.91,4.68,10323349
1153,3,2,1,0,0,Delhi,East,6.96,2.03,14.04,8034953
2774,2,1,2,3,28,Bengaluru,South,3.17,6.27,14.94,17279253
1767,4,4,3,3,18,Chandigarh,South,9.16,6.87,8.4,9096395
1920,5,4,2,3,7,Bengaluru,West,8.85,4.08,1.18,13596709
2676,1,2,1,3,22,Pune,Central,9.39,9.09,4.07,12838550
4800,5,6,1,0,10,Bengaluru,Central,9.06,1.56,13.01,29927781
2998,3,4,3,3,22,Mumbai,South,8.18,3.31,4.93,27131522
2346,5,5,2,2,18,Mumbai,North,1.53,0.4,5.71,22435799
3909,5,5,2,0,18,Mumbai,East,9.76,5.7,8.21,35856965
2620,5,5,1,1,1,Delhi,North,5.73,4.66,10.4,19500406
4250,5,4,3,1,4,Pune,South,5.72,5.68,1.78,23507446
4996,5,6,2,2,21,Chandigarh,Central,3.64,3.0,4.54,23665886
3057,1,1,1,1,19,Pune,North,9.12,0.51,1.15,15420440
2322,1,2,1,1,25,Delhi,West,1.37,3.3,10.61,14522011
2505,4,5,1,3,8,Bengaluru,East,9.43,4.25,0.54,17920582
1032,5,6,2,3,11,Chandigarh,North,2.58,5.53,9.26,6166273
3008,2,3,3,3,17,Mumbai,South,7.1,3.58,13.12,26292253
4769,4,4,1,2,22,Pune,East,3.35,0.6,8.33,25775355
1008,3,3,1,3,12,Chandigarh,West,4.58,7.67,3.65,6297329
4305,1,1,1,2,21,Chandigarh,North,8.03,9.86,10.95,18359935
4350,3,2,1,3,10,Pune,South,1.59,5.08,3.36,21859593
3064,3,2,1,3,27,Bengaluru,East,5.05,3.26,8.15,19082011
2986,3,3,3,2,27,Mumbai,South,8.24,9.4,7.97,27442066
2443,4,5,1,2,1,Chandigarh,East,1.88,8.29,5.34,12361385
4682,1,2,2,0,20,Chandigarh,West,6.9,4.18,4.65,21041744
4028,5,6,3,1,16,Chandigarh,North,7.32,1.03,1.93,19989041
1345,4,5,2,2,9,Mumbai,East,6.42,4.67,9.58,13019074
4094,5,4,2,2,18,Chandigarh,West,4.48,3.1,2.32,20678829
2864,1,1,1,3,18,Pune,North,3.17,4.47,13.42,14745099
3532,4,5,2,0,9,Pune,West,5.12,2.21,13.73,17218953
3284,1,1,3,3,2,Bengaluru,East,4.33,4.79,8.2,19828784
2319,3,3,2,1,4,Pune,Central,2.75,3.65,9.14,13032210
1169,4,3,2,0,11,Bengaluru,Central,3.66,2.03,2.1,8097925
2226,4,4,1,2,16,Bengaluru,South,8.07,1.59,14.1,14686166
651,4,5,3,1,30,Pune,Central,2.47,1.39,1.81,4612658
1913,2,1,3,3,1,Mumbai,Central,2.13,5.44,5.55,18098731
1069,5,4,2,2,5,Bengaluru,East,7.39,5.34,11.64,8594495
1956,2,3,3,1,17,Chandigarh,North,4.01,3.02,4.35,8975508
1460,3,4,2,0,26,Bengaluru,South,2.45,3.75,6.33,9126638
1209,5,6,3,3,29,Delhi,East,1.08,2.88,5.29,9926645
4371,1,1,2,0,21,Bengaluru,South,8.08,7.71,6.19,25718382
2599,4,5,1,0,3,Pune,Central,6.14,8.79,3.16,14678175
4235,2,1,3,0,10,Chandigarh,West,4.61,7.59,12.23,18548481
1710,3,4,1,3,1,Delhi,East,9.88,1.85,10.91,12284235
3641,2,1,3,2,23,Bengaluru,South,6.85,2.2,14.6,21359105
944,2,1,1,3,9,Mumbai,South,9.99,0.84,9.42,9503807
4130,5,4,3,0,18,Bengaluru,North,9.99,0.77,12.19,25059295
2523,4,3,2,0,30,Mumbai,Central,8.59,4.96,8.31,22152871
915,5,5,2,3,20,Delhi,North,3.4,8.38,1.05,7878522
4372,1,1,3,2,6,Chandigarh,Central,6.89,0.97,0.7,20973289
3455,3,4,3,3,18,Chandigarh,North,3.1,4.58,9.29,16464019
4868,1,1,1,0,13,Bengaluru,East,1.72,0.63,2.25,29697552
3878,2,2,2,3,5,Mumbai,South,2.99,2.84,9.59,33650647
4130,5,6,3,1,26,Pune,West,9.38,6.06,3.57,21501330
3557,2,2,2,2,27,Pune,North,7.46,3.07,0.42,18758745
2526,1,1,1,0,13,Bengaluru,Central,7.92,9.45,6.77,15070245
3598,2,1,2,3,30,Delhi,West,5.26,6.33,6.81,23285421
3473,5,4,1,0,17,Delhi,Central,4.46,1.53,11.09,23945399
702,3,2,1,2,0,Chandigarh,South,6.46,9.24,5.36,4597000
1586,1,2,1,0,25,Pune,North,3.96,4.96,7.57,7813799
2108,2,1,1,1,10,Bengaluru,East,3.71,6.26,10.36,13212446
3610,5,4,2,1,24,Bengaluru,Central,4.16,6.56,6.36,24119749
4691,3,4,3,2,19,Delhi,South,1.99,9.35,13.34,30522237
2379,3,2,2,2,2,Mumbai,South,9.63,0.89,9.21,21954404
4882,4,4,3,3,22,Mumbai,South,5.8,1.32,10.96,43380701
4322,1,1,3,2,22,Bengaluru,East,3.82,2.84,12.21,24579894
3202,5,4,2,3,3,Bengaluru,East,2.03,2.9,5.52,21646454
1531,2,1,2,2,19,Delhi,East,0.57,6.41,13.22,9936977
1947,4,3,3,0,13,Mumbai,North,1.94,5.88,3.42,18428037
2356,1,1,2,3,24,Delhi,Central,8.59,3.48,14.09,15242760
3706,1,1,2,1,19,Pune,North,9.69,9.14,7.06,18320703
656,1,1,2,0,14,Bengaluru,East,8.52,0.77,9.07,3252498
3035,4,5,2,0,11,Pune,South,7.73,9.5,2.83,16429024
